[
{
  "model": "sessions.session",
  "pk": "8mkge1ph16k4bmuzwyvafw40rz2udc1w",
  "fields": {
    "session_data": ".eJxVjDsOwjAQRO_iGlle_5ZQ0nMGy-u1cQA5UpxUiLuTSClgynlv5i1CXJca1p7nMLK4CBCn345ieua2A37Edp9kmtoyjyR3RR60y9vE-XU93L-DGnvd1liiQUqWy6Ap-8GAUpZYK23ZZEsABbewA3beO40KjXLgdEJzLmzF5wvVtTbc:1uuvOz:8N1KX-xmOmcD02Vu3xxYSPPfOEgvotObOah17h0GeHg",
    "expire_date": "2025-09-20T16:04:33.995Z"
  }
},
{
  "model": "sessions.session",
  "pk": "9b0bcacqy8r42oyxhxgzbpubox2yxdqz",
  "fields": {
    "session_data": ".eJxVjDsOwjAQRO_iGlle_5ZQ0nMGy-u1cQA5UpxUiLuTSClgynlv5i1CXJca1p7nMLK4CBCn345ieua2A37Edp9kmtoyjyR3RR60y9vE-XU93L-DGnvd1liiQUqWy6Ap-8GAUpZYK23ZZEsABbewA3beO40KjXLgdEJzLmzF5wvVtTbc:1v43UR:gNUPvsf49pqNfu-e57x1s3CfSWMeWhSkIYZHk8sTcxU",
    "expire_date": "2025-10-15T20:31:55.498Z"
  }
},
{
  "model": "sessions.session",
  "pk": "9jusad58ygae0qqdc6bh9upxg6esd7bv",
  "fields": {
    "session_data": ".eJxVjDsOwjAQRO_iGlle_5ZQ0nMGy-u1cQA5UpxUiLuTSClgynlv5i1CXJca1p7nMLK4CBCn345ieua2A37Edp9kmtoyjyR3RR60y9vE-XU93L-DGnvd1liiQUqWy6Ap-8GAUpZYK23ZZEsABbewA3beO40KjXLgdEJzLmzF5wvVtTbc:1us4Hr:UWjlvDTWHyUssE7OmYpPJwowJAOsywom0emmZiBQLGE",
    "expire_date": "2025-09-12T18:57:23.511Z"
  }
},
{
  "model": "sessions.session",
  "pk": "j8wlhfwib7vi051yw1do3hoo7kkpcsoj",
  "fields": {
    "session_data": ".eJxVjDsOwjAQRO_iGlle_5ZQ0nMGy-u1cQA5UpxUiLuTSClgynlv5i1CXJca1p7nMLK4CBCn345ieua2A37Edp9kmtoyjyR3RR60y9vE-XU93L-DGnvd1liiQUqWy6Ap-8GAUpZYK23ZZEsABbewA3beO40KjXLgdEJzLmzF5wvVtTbc:1vFrFI:k2ew8m06X29mj_Teta9t5QRWEujIvEal6KXYF1oNt8U",
    "expire_date": "2025-11-17T09:53:04.520Z"
  }
},
{
  "model": "users.customuser",
  "fields": {
    "password": "pbkdf2_sha256$1000000$uyLzfkEcPYPGHmfSFZTKrD$7H3MrzqTKAcPZ1o3nze+onv20R6VG4GOsmEw1e6H5VU=",
    "last_login": "2025-11-03T09:53:04.512Z",
    "is_superuser": true,
    "username": "xomma",
    "first_name": "Александр",
    "last_name": "Корягин",
    "email": "hom9ki83@mail.ru",
    "is_staff": true,
    "is_active": true,
    "date_joined": "2025-08-29T08:54:07.676Z",
    "avatar": "avatars/5370934467566364319.jpg",
    "groups": [],
    "user_permissions": []
  }
},
{
  "model": "users.customuser",
  "fields": {
    "password": "pbkdf2_sha256$1000000$BPM0HLRymUce9epoCXtrjd$2b057QyAU4sLYPL+nMkEW8ktFBHa8yx5b0xa+63floU=",
    "last_login": "2025-10-01T20:31:00.014Z",
    "is_superuser": false,
    "username": "hom9ki",
    "first_name": "Саша",
    "last_name": "Корягин",
    "email": "xommamotors@mail.ru",
    "is_staff": false,
    "is_active": true,
    "date_joined": "2025-08-29T15:22:43.509Z",
    "avatar": "",
    "groups": [],
    "user_permissions": []
  }
},
{
  "model": "users.customuser",
  "fields": {
    "password": "pbkdf2_sha256$1000000$nt27xz4XQsc24oJXne657o$vODVuhmd0lLHpwflhW76wO+drNwz/Be8rvo2JXZkEaM=",
    "last_login": "2025-08-29T15:32:39.960Z",
    "is_superuser": false,
    "username": "Korya_bf68",
    "first_name": "Владимир",
    "last_name": "Корягин",
    "email": "mir9591@mail.ru",
    "is_staff": false,
    "is_active": true,
    "date_joined": "2025-08-29T15:32:38.717Z",
    "avatar": "",
    "groups": [],
    "user_permissions": []
  }
},
{
  "model": "users.customuser",
  "fields": {
    "password": "pbkdf2_sha256$1000000$uD1sEya0U5pBifM3cWaD6a$JyBQPdwcsHTnGZub5zQj1rSBbbK1J2DGFdr+veQb5nY=",
    "last_login": "2025-08-29T18:40:44.543Z",
    "is_superuser": false,
    "username": "Ira",
    "first_name": "Din",
    "last_name": "Winhester",
    "email": "win2005@mail.ru",
    "is_staff": false,
    "is_active": true,
    "date_joined": "2025-08-29T18:40:42.362Z",
    "avatar": "",
    "groups": [],
    "user_permissions": []
  }
},
{
  "model": "product.category",
  "pk": 1,
  "fields": {
    "name": "Двигатель",
    "slug": "dvigatel",
    "image": "category/1757284020.889158Двигатель_.jpeg",
    "is_supercategory": true,
    "super_category": null
  }
},
{
  "model": "product.category",
  "pk": 2,
  "fields": {
    "name": "Трансмиссия",
    "slug": "transmissiya",
    "image": "",
    "is_supercategory": true,
    "super_category": null
  }
},
{
  "model": "product.category",
  "pk": 3,
  "fields": {
    "name": "Подрамники",
    "slug": "podramniki",
    "image": "",
    "is_supercategory": true,
    "super_category": null
  }
},
{
  "model": "product.category",
  "pk": 4,
  "fields": {
    "name": "Опоры",
    "slug": "opory",
    "image": "",
    "is_supercategory": true,
    "super_category": null
  }
},
{
  "model": "product.category",
  "pk": 5,
  "fields": {
    "name": "Растяжки/Распорки",
    "slug": "rastyazhkirasporki",
    "image": "",
    "is_supercategory": true,
    "super_category": null
  }
},
{
  "model": "product.category",
  "pk": 6,
  "fields": {
    "name": "Глушители основные",
    "slug": "glushiteli-osnovnye",
    "image": "",
    "is_supercategory": false,
    "super_category": 1
  }
},
{
  "model": "product.category",
  "pk": 7,
  "fields": {
    "name": "Дроссельные заслонки",
    "slug": "drosselnye-zaslonki",
    "image": "",
    "is_supercategory": false,
    "super_category": 1
  }
},
{
  "model": "product.category",
  "pk": 9,
  "fields": {
    "name": "Опоры двигателя",
    "slug": "opory-dvigatelya",
    "image": "",
    "is_supercategory": false,
    "super_category": 1
  }
},
{
  "model": "product.category",
  "pk": 10,
  "fields": {
    "name": "Кронштейны генератора",
    "slug": "kronshtejny-generatora",
    "image": "",
    "is_supercategory": false,
    "super_category": 1
  }
},
{
  "model": "product.category",
  "pk": 11,
  "fields": {
    "name": "Самоблокирующиеся дифференциалы",
    "slug": "samoblokiruyushiesya-differencialy",
    "image": "",
    "is_supercategory": false,
    "super_category": 2
  }
},
{
  "model": "product.category",
  "pk": 12,
  "fields": {
    "name": "Шарниры реактивной тяги",
    "slug": "sharniry-reaktivnoj-tyagi",
    "image": "",
    "is_supercategory": false,
    "super_category": 2
  }
},
{
  "model": "product.category",
  "pk": 16,
  "fields": {
    "name": "Пружины",
    "slug": "pruzhiny",
    "image": "",
    "is_supercategory": false,
    "super_category": null
  }
},
{
  "model": "product.category",
  "pk": 17,
  "fields": {
    "name": "Независимая подвеска",
    "slug": "nezavisimaya-podveska",
    "image": "",
    "is_supercategory": false,
    "super_category": null
  }
},
{
  "model": "product.category",
  "pk": 18,
  "fields": {
    "name": "Защиты",
    "slug": "zashity",
    "image": "",
    "is_supercategory": true,
    "super_category": null
  }
},
{
  "model": "product.category",
  "pk": 19,
  "fields": {
    "name": "Рулевое управление",
    "slug": "rulevoe-upravlenie",
    "image": "",
    "is_supercategory": true,
    "super_category": null
  }
},
{
  "model": "product.category",
  "pk": 20,
  "fields": {
    "name": "Рычаги задние/Балки/Проставки",
    "slug": "rychagi-zadniebalkiprostavki",
    "image": "",
    "is_supercategory": true,
    "super_category": null
  }
},
{
  "model": "product.category",
  "pk": 21,
  "fields": {
    "name": "Стойки",
    "slug": "stojki",
    "image": "",
    "is_supercategory": true,
    "super_category": null
  }
},
{
  "model": "product.category",
  "pk": 22,
  "fields": {
    "name": "Подрамник без рычагов",
    "slug": "podramnik-bez-rychagov",
    "image": "",
    "is_supercategory": false,
    "super_category": 3
  }
},
{
  "model": "product.category",
  "pk": 23,
  "fields": {
    "name": "Подрамник с жесткими рычагами",
    "slug": "podramnik-s-zhestkimi-rychagami",
    "image": "",
    "is_supercategory": false,
    "super_category": 3
  }
},
{
  "model": "product.category",
  "pk": 24,
  "fields": {
    "name": "Комплектующие для подрамников",
    "slug": "komplektuyushie-dlya-podramnikov",
    "image": "",
    "is_supercategory": false,
    "super_category": 3
  }
},
{
  "model": "product.category",
  "pk": 25,
  "fields": {
    "name": "Защита для подрамника",
    "slug": "zashita-dlya-podramnika",
    "image": "",
    "is_supercategory": false,
    "super_category": 18
  }
},
{
  "model": "product.category",
  "pk": 26,
  "fields": {
    "name": "Нива",
    "slug": "niva",
    "image": "",
    "is_supercategory": false,
    "super_category": 4
  }
},
{
  "model": "product.category",
  "pk": 27,
  "fields": {
    "name": "Опора КПП",
    "slug": "opora-kpp",
    "image": "",
    "is_supercategory": false,
    "super_category": 4
  }
},
{
  "model": "product.category",
  "pk": 28,
  "fields": {
    "name": "Опоры стойки",
    "slug": "opory-stojki",
    "image": "",
    "is_supercategory": false,
    "super_category": 4
  }
},
{
  "model": "product.category",
  "pk": 29,
  "fields": {
    "name": "Усилители моторного щита",
    "slug": "usiliteli-motornogo-shita",
    "image": "",
    "is_supercategory": false,
    "super_category": 19
  }
},
{
  "model": "product.category",
  "pk": 30,
  "fields": {
    "name": "Распорки задние",
    "slug": "rasporki-zadnie",
    "image": "",
    "is_supercategory": false,
    "super_category": 5
  }
},
{
  "model": "product.category",
  "pk": 31,
  "fields": {
    "name": "Распорки нижние",
    "slug": "rasporki-nizhnie",
    "image": "",
    "is_supercategory": false,
    "super_category": 5
  }
},
{
  "model": "product.category",
  "pk": 32,
  "fields": {
    "name": "Распорки передних стоек",
    "slug": "rasporki-perednih-stoek",
    "image": "",
    "is_supercategory": false,
    "super_category": 5
  }
},
{
  "model": "product.category",
  "pk": 33,
  "fields": {
    "name": "Тяги панара/Реактивные тяги",
    "slug": "tyagi-panarareaktivnye-tyagi",
    "image": "",
    "is_supercategory": false,
    "super_category": 20
  }
},
{
  "model": "product.category",
  "pk": 34,
  "fields": {
    "name": "Балки",
    "slug": "balki",
    "image": "",
    "is_supercategory": false,
    "super_category": 20
  }
},
{
  "model": "product.category",
  "pk": 35,
  "fields": {
    "name": "Комплектующие",
    "slug": "komplektuyushie",
    "image": "",
    "is_supercategory": false,
    "super_category": 20
  }
},
{
  "model": "product.category",
  "pk": 36,
  "fields": {
    "name": "Проставки",
    "slug": "prostavki",
    "image": "",
    "is_supercategory": false,
    "super_category": 20
  }
},
{
  "model": "product.category",
  "pk": 37,
  "fields": {
    "name": "Рычаги задние регулируемые",
    "slug": "rychagi-zadnie-reguliruemye",
    "image": "",
    "is_supercategory": false,
    "super_category": 20
  }
},
{
  "model": "product.category",
  "pk": 38,
  "fields": {
    "name": "Усилители опор стоек",
    "slug": "usiliteli-opor-stoek",
    "image": "",
    "is_supercategory": false,
    "super_category": 4
  }
},
{
  "model": "product.category",
  "pk": 39,
  "fields": {
    "name": "Стойки и амортизаторы",
    "slug": "stojki-i-amortizatory",
    "image": "",
    "is_supercategory": false,
    "super_category": 21
  }
},
{
  "model": "product.category",
  "pk": 40,
  "fields": {
    "name": "Поперечины",
    "slug": "poperechiny",
    "image": "",
    "is_supercategory": false,
    "super_category": null
  }
},
{
  "model": "product.category",
  "pk": 41,
  "fields": {
    "name": "Рычаги передние",
    "slug": "rychagi-perednie",
    "image": "",
    "is_supercategory": false,
    "super_category": null
  }
},
{
  "model": "product.category",
  "pk": 42,
  "fields": {
    "name": "Стабилизаторы",
    "slug": "stabilizatory",
    "image": "",
    "is_supercategory": false,
    "super_category": null
  }
},
{
  "model": "product.product",
  "pk": 1,
  "fields": {
    "category": 6,
    "title": "Глушитель – ВАЗ 2108, 2109",
    "slug": "glushitel-vaz-2108-2109",
    "content": "Устанавливается совместно с задней независимой подвеской и рычагами задней подвески. Возможна установка с серийным рычагом задней подвески.",
    "price": 4790.0,
    "quantity": 2,
    "image": "product/1758739317.3652631756668644.199455Глушитель_ваз_2109__.jpg",
    "author": [
      "xomma"
    ],
    "created_at": "2025-08-31T19:30:44.211Z"
  }
},
{
  "model": "product.product",
  "pk": 2,
  "fields": {
    "category": 6,
    "title": "Глушитель – ПРИОРА: седан, универсал",
    "slug": "glushitel-priora-sedan-universal",
    "content": "Устанавливается совместно с задней независимой подвеской и рычагами задней подвески. Возможна установка с серийным рычагом задней подвески.",
    "price": 4890.0,
    "quantity": 5,
    "image": "product/1758739410.4586031756668789.59363Глушитель_Приора_седан__.jpg",
    "author": [
      "xomma"
    ],
    "created_at": "2025-08-31T19:33:09.599Z"
  }
},
{
  "model": "product.product",
  "pk": 3,
  "fields": {
    "category": 10,
    "title": "Стальной кронштейн генератора – ВАЗ 2110-2112 с ГУР, Приора с ГУР",
    "slug": "stalnoj-kronshtejn-generatora-vaz-2110-2112-s-gur-priora-s-gur",
    "content": "Используйте стальной кронштейн генератора вместо литого из алюминия 2110-1041034-20 нового образцов:\r\nДвойная прочность исключает поломку кронштейна.\r\n3 точки прямого крепление к блоку цилиндров вместо 1 у заводского.\r\nПрименяется ремень, рекомендуемый АвтоВАЗом.",
    "price": 2050.0,
    "quantity": 4,
    "image": "product/1758739814.398382Кронштейн_генератора_Приора__.jpg",
    "author": [
      "xomma"
    ],
    "created_at": "2025-08-31T20:02:28.418Z"
  }
},
{
  "model": "product.product",
  "pk": 4,
  "fields": {
    "category": 10,
    "title": "Универсальный стальной кронштейн генератора с мех. регулировкой, для моторов 8V и 16V с кондиционером и без – Калина, Гранта, Datsun",
    "slug": "universalnyj-stalnoj-kronshtejn-generatora-s-meh-regulirovkoj-dlya-motorov-8v-i-16v-s-kondicionerom-i-bez-kalina-granta-datsun",
    "content": "Используйте универсальный стальной кронштейн генератора вместо литых кронштейнов из алюминия 1118-1041034-01, 2190-1041034-00 и 2190-1041034-10:\r\n\r\nТочная регулировка усилия натяжения ремня.\r\nРешает проблему свиста ремня генератора.\r\nПродлевает срок службы подшипников генератора.\r\nПрименяется:\r\nС любыми комплектациями автомобилей:\r\nLADA KALINA1 (Sport)\r\nGRANTA (FL)\r\nGRANTA Sport (FL)\r\nKALINA2\r\nKALINA2 Sport\r\nDatsun On-Do, Mi-Do\r\nС двигателями 8V и 16V.\r\nС генераторами КЗАТЭ, Bosсh.\r\nС кондиционерами Panasoniс, Halla, Erae.\r\nПрименяются ремни, рекомендуемые АвтоВАЗом. \r\nПроверено в экстремальных условиях автоспорта.",
    "price": 3350.0,
    "quantity": 6,
    "image": "product/1758739885.073847Кронштейн_генератора_Универсал__.jpg",
    "author": [
      "xomma"
    ],
    "created_at": "2025-09-02T09:10:02.444Z"
  }
},
{
  "model": "product.product",
  "pk": 5,
  "fields": {
    "category": 9,
    "title": "Комплект опор CA, SPORT – ВАЗ 2108-21099, 2113-2115",
    "slug": "komplekt-opor-ca-sport-vaz-2108-21099-2113-2115",
    "content": "Динамическая оптимизация подвески силового агрегата (уравновешивание в процессе движения автомобиля), особенно при наложении режимов максимальных колебаний двигателя и интенсивного движения автомобиля.\r\nСокращение амплитуды колебаний силового агрегата, что положительно сказывается на четкости переключения передач.\r\nИсключение влияния колебаний центра тяжести двигателя на управляемость.",
    "price": 4230.0,
    "quantity": 1,
    "image": "1756804335.762032Комплект_опор_СА_2108_.jpg",
    "author": [
      "xomma"
    ],
    "created_at": "2025-09-02T09:12:15.765Z"
  }
},
{
  "model": "product.product",
  "pk": 6,
  "fields": {
    "category": 9,
    "title": "Растяжка СА – ВАЗ 2110-2112, Приора",
    "slug": "rastyazhka-sa-vaz-2110-2112-priora",
    "content": "Уменьшает нежелательные перемещения силового агрегата.\r\nИмеет более жесткий кронштейн и более жесткие резиновые элементы.",
    "price": 1250.0,
    "quantity": 3,
    "image": "product/1758740169.386965Растяжка_Приора__.jpg",
    "author": [
      "xomma"
    ],
    "created_at": "2025-09-02T09:16:15.636Z"
  }
},
{
  "model": "product.product",
  "pk": 7,
  "fields": {
    "category": 9,
    "title": "Дополнительная опора СА – ВАЗ 2110-2112, Приора",
    "slug": "dopolnitelnaya-opora-sa-vaz-2110-2112-priora",
    "content": "Устанавливается на следующие подрамники:\r\n\r\nАР 0171 / АР10-2802020\r\nАР 0181 / АР10-2802020-05\r\nАР 0191 / АР10-2802020-10",
    "price": 1450.0,
    "quantity": 9,
    "image": "product/1758740211.632824Доп_опора_Приора__.jpg",
    "author": [
      "xomma"
    ],
    "created_at": "2025-09-02T09:19:04.335Z"
  }
},
{
  "model": "product.product",
  "pk": 8,
  "fields": {
    "category": 16,
    "title": "Комплект задних пружин Веста, седан, 2015 г.",
    "slug": "komplekt-zadnih-pruzhin-vesta-sedan-2015-g",
    "content": "Надежные пружины задней подвески для Лада Веста стабильность и комфорт для вашего автомобиля!",
    "price": 2890.0,
    "quantity": 4,
    "image": "product/1758740293.789437Пружины_Веста_Седан__.jpg",
    "author": [
      "xomma"
    ],
    "created_at": "2025-09-03T20:16:51.312Z"
  }
},
{
  "model": "product.product",
  "pk": 9,
  "fields": {
    "category": 17,
    "title": "Задняя независимая подвеска ВАЗ КАЛИНА ГРАНТА ДАТСУН",
    "slug": "zadnyaya-nezavisimaya-podveska-vaz-kalina-granta-datsun",
    "content": "Устанавливается на серийные авто, с завышением +15мм, с занижением до-50мм (размер от центра ступицы, до края арки автомобиля должен соответствовать следующему диапазону: от305мм до -370мм).\r\n\r\nУстанавливается только совместно с прямоточным глушителем.",
    "price": 38990.0,
    "quantity": 5,
    "image": "product/1757869210.468367задняя_подвеска_Калина_.jpg",
    "author": [
      "xomma"
    ],
    "created_at": "2025-09-14T17:00:10.472Z"
  }
},
{
  "model": "product.product",
  "pk": 10,
  "fields": {
    "category": 17,
    "title": "Задняя независимая подвеска – ВАЗ 2108-21099, 2113-2115, 2110-2112, Приора",
    "slug": "zadnyaya-nezavisimaya-podveska-vaz-2108-21099-2113-2115-2110-2112-priora",
    "content": "Устанавливается не серийные авто, с завышением +15мм, с занижением до-50мм (размер от центра ступицы, до края арки автомобиля должен соответствовать следующему диапазону: от305мм до-370мм).\r\n\r\nУстанавливается только совместно с прямоточным глушителем.\r\n\r\nВнимание! Для автомобилей безABS необходимо докупить кронштейн регулятора давления.",
    "price": 38990.0,
    "quantity": 3,
    "image": "product/1757869582.784877задняя_подвеска_2108_.jpg",
    "author": [
      "xomma"
    ],
    "created_at": "2025-09-14T17:06:22.787Z"
  }
},
{
  "model": "product.product",
  "pk": 11,
  "fields": {
    "category": 16,
    "title": "Комплект заниженных задних пружин -50 Калина, Гранта, Приора",
    "slug": "komplekt-zanizhennyh-zadnih-pruzhin-50-kalina-granta-priora",
    "content": "Сверхпрочные заниженные пружины -50 для LADA Kalina/Granta\r\nНе проседают, не ломаются гарантированно!",
    "price": 3690.0,
    "quantity": 0,
    "image": "product/1757870049.163079Пружины_Калина_-50_.jpg",
    "author": [
      "xomma"
    ],
    "created_at": "2025-09-14T17:14:09.180Z"
  }
},
{
  "model": "product.product",
  "pk": 12,
  "fields": {
    "category": 11,
    "title": "Винтовой самоблокирующийся дифференциал с увеличенным КБ ( с преднатягом ) – ВАЗ: 2108-21099, 2113-2115, 2110-2112, Приора, Калина, Гранта; Datsun",
    "slug": "vintovoj-samoblokiruyushijsya-differencial-s-uvelichennym-kb-s-prednatyagom-vaz-2108-21099-2113-2115-2110-2112-priora-kalina-granta-datsun",
    "content": "Установка самоблокирующегося дифференциала обеспечивает оптимальное перераспределение крутящего момента между ведущими колесами. Это позволяет передать дополнительную мощность двигателя колесу, имеющему лучший коэффициент сцепления",
    "price": 13990.0,
    "quantity": 2,
    "image": "product/1757870561.889416Диф_2108_.jpg",
    "author": [
      "xomma"
    ],
    "created_at": "2025-09-14T17:20:17.442Z"
  }
},
{
  "model": "product.product",
  "pk": 13,
  "fields": {
    "category": 11,
    "title": "Необслуживаемый самоблокирующийся дифференциал – Веста, Ларгус, Гранта, Калина, Приора, ВАЗ 2110-2112, 2108-21099, 2113-2115; Datsun",
    "slug": "neobsluzhivaemyj-samoblokiruyushijsya-differencial-vesta-largus-granta-kalina-priora-vaz-2110-2112-2108-21099-2113-2115-datsun",
    "content": "Установка самоблокирующегося дифференциала обеспечивает оптимальное перераспределение крутящего момента между ведущими колесами. Это позволяет передать дополнительную мощность двигателя колесу, имеющему лучший коэффициент сцепления.",
    "price": 14410.0,
    "quantity": 3,
    "image": "product/1757870513.06374Диф_Веста_.jpg",
    "author": [
      "xomma"
    ],
    "created_at": "2025-09-14T17:21:53.070Z"
  }
},
{
  "model": "product.product",
  "pk": 14,
  "fields": {
    "category": 12,
    "title": "Шарнир реактивной тяги – ВАЗ 2110-2112, Приора",
    "slug": "sharnir-reaktivnoj-tyagi-vaz-2110-2112-priora",
    "content": "Жесткость сайлентблоков подобрана таким образом, чтобы обеспечить прогрессивный прирост жесткости при колебаниях. Ресурс превышает ресурс серийного шарнира более, чем в 2 раза.",
    "price": 610.0,
    "quantity": 6,
    "image": "product/1757871060.811118Шарнир_реакт-тяги_2110_.jpg",
    "author": [
      "xomma"
    ],
    "created_at": "2025-09-14T17:31:00.818Z"
  }
},
{
  "model": "product.product",
  "pk": 15,
  "fields": {
    "category": 12,
    "title": "Шарнир реактивной тяги – Калина 1, Гранта",
    "slug": "sharnir-reaktivnoj-tyagi-kalina-1-granta",
    "content": "Исключение вибраций.\r\nУлучшение чёткости переключения.\r\nУвеличенный ресурс.",
    "price": 590.0,
    "quantity": 4,
    "image": "product/1757871237.351309Шарнир_реакт-тяги_Калина_.jpg",
    "author": [
      "xomma"
    ],
    "created_at": "2025-09-14T17:33:57.355Z"
  }
},
{
  "model": "product.product",
  "pk": 16,
  "fields": {
    "category": 22,
    "title": "Подрамник SPORT – ВАЗ 2114, 2115, 2113, 2108, 2109, 21099",
    "slug": "podramnik-sport-vaz-2114-2115-2113-2108-2109-21099",
    "content": "Кузов становится жестче, подвеска работает правильнее, нагрузки распределяются равномерно.",
    "price": 7790.0,
    "quantity": 5,
    "image": "product/1757871752.398158Подрамник_спорт_2114_.jpg",
    "author": [
      "xomma"
    ],
    "created_at": "2025-09-14T17:42:32.413Z"
  }
},
{
  "model": "product.product",
  "pk": 17,
  "fields": {
    "category": 22,
    "title": "Подрамник DRIVE – Гранта, Калина (ВАЗ 1118, 1117, 1119)",
    "slug": "podramnik-drive-granta-kalina-vaz-1118-1117-1119",
    "content": "Кузов становится жестче, подвеска работает правильнее, нагрузки распределяются равномерно.",
    "price": 8030.0,
    "quantity": 2,
    "image": "product/1757872171.077777Подрамник_Калина_.jpg",
    "author": [
      "xomma"
    ],
    "created_at": "2025-09-14T17:49:31.096Z"
  }
},
{
  "model": "product.product",
  "pk": 18,
  "fields": {
    "category": 23,
    "title": "Подрамник с рычагами – ВАЗ 2108-21099, 2113-2115",
    "slug": "podramnik-s-rychagami-vaz-2108-21099-2113-2115",
    "content": "Подрамник ставится прямо в штатные места. Кузов становится жестче, подвеска работает правильнее, нагрузки распределяются равномерно.",
    "price": 16990.0,
    "quantity": 4,
    "image": "product/1757872468.647889Подрамник_с_рычагами_Самара_.jpg",
    "author": [
      "xomma"
    ],
    "created_at": "2025-09-14T17:54:28.663Z"
  }
},
{
  "model": "product.product",
  "pk": 19,
  "fields": {
    "category": 23,
    "title": "Подрамник с жесткими рычагами, КАЛИНА 2 ГРАНТА (FL) после 2013 г.",
    "slug": "podramnik-s-zhestkimi-rychagami-kalina-2-granta-fl-posle-2013-g",
    "content": "Кузов становится жестче, подвеска работает правильнее, нагрузки распределяются равномерно. Машина меньше гуляет на неровностях и четко реагирует на руль.",
    "price": 18390.0,
    "quantity": 5,
    "image": "product/1757872819.873265Подрамник_с_рычагами_Калина_.jpg",
    "author": [
      "xomma"
    ],
    "created_at": "2025-09-14T18:00:19.889Z"
  }
},
{
  "model": "product.product",
  "pk": 20,
  "fields": {
    "category": 24,
    "title": "Рычаги подрамника жесткие, колея +70мм – ВАЗ 2108-21099, 2113-2115, 2110-2112, Приора, Гранта, Калина; Datsun",
    "slug": "rychagi-podramnika-zhestkie-koleya-70mm-vaz-2108-21099-2113-2115-2110-2112-priora-granta-kalina-datsun",
    "content": "Рычаги подрамника жесткие, колея +70мм",
    "price": 9690.0,
    "quantity": 3,
    "image": "product/1757874505.975664Рычаги_подрамника_жесткие_колея_70мм_Приора_.jpg",
    "author": [
      "xomma"
    ],
    "created_at": "2025-09-14T18:28:25.979Z"
  }
},
{
  "model": "product.product",
  "pk": 21,
  "fields": {
    "category": 24,
    "title": "Рем. комплект для подрамника – ВАЗ, Datsun",
    "slug": "rem-komplekt-dlya-podramnika-vaz-datsun",
    "content": "Рем. комплект",
    "price": 2670.0,
    "quantity": 2,
    "image": "product/1757874635.030928Рем._комплект_для_подрамника_.jpg",
    "author": [
      "xomma"
    ],
    "created_at": "2025-09-14T18:30:35.035Z"
  }
},
{
  "model": "product.product",
  "pk": 22,
  "fields": {
    "category": 25,
    "title": "Защита двигателя стальная для подрамника – ВАЗ 2108-21099, 2113-2115",
    "slug": "zashita-dvigatelya-stalnaya-dlya-podramnika-vaz-2108-21099-2113-2115",
    "content": "Защита двигателя, КПП и сцепления снизу от ударов, камней и инородных предметов.",
    "price": 2620.0,
    "quantity": 4,
    "image": "product/1757875032.128064Защита_2108_.png",
    "author": [
      "xomma"
    ],
    "created_at": "2025-09-14T18:37:12.146Z"
  }
},
{
  "model": "product.product",
  "pk": 23,
  "fields": {
    "category": 25,
    "title": "Защита двигателя стальная оцинкованная для подрамника, ВАЗ КАЛИНА ГРАНТА ДАТСУН",
    "slug": "zashita-dvigatelya-stalnaya-ocinkovannaya-dlya-podramnika-vaz-kalina-granta-datsun",
    "content": "Защита двигателя, КПП и сцепления снизу от ударов, камней и инородных предметов.\r\n\r\nПодходит для: Подрамник DRIVE увеличенный клиренс, КАЛИНА 2 ГРАНТА (FL) после 2013 и Подрамник с жесткими рычагами, КАЛИНА 2 ГРАНТА (FL) после 2013",
    "price": 3140.0,
    "quantity": 3,
    "image": "product/1757875656.006084Защита_двигателя_оцинкованная_.jpg",
    "author": [
      "xomma"
    ],
    "created_at": "2025-09-14T18:47:36.010Z"
  }
},
{
  "model": "product.product",
  "pk": 24,
  "fields": {
    "category": 26,
    "title": "Опора раздаточной коробки – Нива 4х4",
    "slug": "opora-razdatochnoj-korobki-niva-4h4",
    "content": "Предназначена для эксплуатации автомобиля в условиях полного или частичного бездорожья.",
    "price": 1090.0,
    "quantity": 10,
    "image": "product/1757876255.843467Опора_раздаточной_коробки__Нива_4х4_.jpg",
    "author": [
      "xomma"
    ],
    "created_at": "2025-09-14T18:57:35.846Z"
  }
},
{
  "model": "product.product",
  "pk": 25,
  "fields": {
    "category": 27,
    "title": "Усиленный кронштейн задней опоры двигателя с МКПП – Калина (1, 2), Гранта, Датсун",
    "slug": "usilennyj-kronshtejn-zadnej-opory-dvigatelya-s-mkpp-kalina-1-2-granta-datsun",
    "content": "Увеличение жесткости силового агрегата (ДВС и КПП)",
    "price": 2110.0,
    "quantity": 4,
    "image": "product/1757877674.706662Усиленный_кронштейн_задней_опоры_двигателя_с_МКПП_Калина_.jpg",
    "author": [
      "xomma"
    ],
    "created_at": "2025-09-14T19:21:14.711Z"
  }
},
{
  "model": "product.product",
  "pk": 26,
  "fields": {
    "category": 27,
    "title": "Комплект усиленных кронштейнов СА для тросиковой МКПП, ВАЗ КАЛИНА ГРАНТА ДАТСУН",
    "slug": "komplekt-usilennyh-kronshtejnov-sa-dlya-trosikovoj-mkpp-vaz-kalina-granta-datsun",
    "content": "Комплект усиленных кронштейнов СА",
    "price": 4210.0,
    "quantity": 7,
    "image": "product/1757878858.263189Комплект_усиленных_кронштейнов_СА_.jpg",
    "author": [
      "xomma"
    ],
    "created_at": "2025-09-14T19:40:58.269Z"
  }
},
{
  "model": "product.product",
  "pk": 27,
  "fields": {
    "category": 28,
    "title": "Опоры верхние передней подвески, ШС 20 – Калина, Гранта, Приора, ВАЗ 2110-2112, 2108-21099, 2113-2115; Datsun",
    "slug": "opory-verhnie-perednej-podveski-shs-20-kalina-granta-priora-vaz-2110-2112-2108-21099-2113-2115-datsun",
    "content": "Комплект опор передней подвески на сферическом подшипнике ШС с тефлоновым покрытием PTFE.\r\n\r\nНеобслуживаемые, бесшумные, неразборные, увеличенный ресурс.",
    "price": 17000.0,
    "quantity": 4,
    "image": "product/1757955936.300897Опоры_верхней_подвески_.jpg",
    "author": [
      "xomma"
    ],
    "created_at": "2025-09-15T17:05:36.304Z"
  }
},
{
  "model": "product.product",
  "pk": 28,
  "fields": {
    "category": 38,
    "title": "Усилители опор стоек – Гранта, Гранта Спорт, Калина (1, 2, Спорт)",
    "slug": "usiliteli-opor-stoek-granta-granta-sport-kalina-1-2-sport",
    "content": "Рекомендуется применять вместо серийных опор стоек 11180290285087",
    "price": 790.0,
    "quantity": 5,
    "image": "product/1757956186.63099Усилители_опор_стоек__Гранта_.png",
    "author": [
      "xomma"
    ],
    "created_at": "2025-09-15T17:09:46.645Z"
  }
},
{
  "model": "product.product",
  "pk": 29,
  "fields": {
    "category": 38,
    "title": "Усилители опор стоек – ВАЗ 2110-2112, Приора",
    "slug": "usiliteli-opor-stoek-vaz-2110-2112-priora",
    "content": "Рекомендуется применять вместо серийных опор стоек 21100290285087",
    "price": 840.0,
    "quantity": 8,
    "image": "product/1757956419.776216Усилители_опор_стоек__ВАЗ_2110_.jpg",
    "author": [
      "xomma"
    ],
    "created_at": "2025-09-15T17:13:39.783Z"
  }
},
{
  "model": "product.product",
  "pk": 30,
  "fields": {
    "category": 30,
    "title": "Усилитель кузова задний – ВАЗ 2112, 2111; Приора (хэтчбек, универсал)",
    "slug": "usilitel-kuzova-zadnij-vaz-2112-2111-priora-hetchbek-universal",
    "content": "Внимание! Применяется только на кузовах ХЭТЧБЕК и УНИВЕРСАЛ.",
    "price": 6670.0,
    "quantity": 2,
    "image": "product/1757956711.986992Усилитель_кузова_задний__ВАЗ_2112_.png",
    "author": [
      "xomma"
    ],
    "created_at": "2025-09-15T17:18:31.997Z"
  }
},
{
  "model": "product.product",
  "pk": 31,
  "fields": {
    "category": 30,
    "title": "Распорка задних стоек – Калина, Калина 2, Гранта; Datsun",
    "slug": "rasporka-zadnih-stoek-kalina-kalina-2-granta-datsun",
    "content": "При установке обратите внимание: левая пластина помечена буквой \"Л\" или надписью autoproduct. Не рекомендуем менять пластины местами.",
    "price": 2110.0,
    "quantity": 0,
    "image": "product/1757956850.818727Распорка_задних_стоек_Калина_.jpg",
    "author": [
      "xomma"
    ],
    "created_at": "2025-09-15T17:20:50.821Z"
  }
},
{
  "model": "product.product",
  "pk": 32,
  "fields": {
    "category": 31,
    "title": "Растяжка рычагов (нижняя) под тросовую МКПП, АКПП – Гранта, Калина, Калина 2; Datsun",
    "slug": "rastyazhka-rychagov-nizhnyaya-pod-trosovuyu-mkpp-akpp-granta-kalina-kalina-2-datsun",
    "content": "Внимание! Устанавливается на авто после 2013 г.",
    "price": 1600.0,
    "quantity": 2,
    "image": "product/1757957103.352244Растяжка_рычагов_нижняя_под_тросовую_МКПП_АКПП__Гранта_.jpg",
    "author": [
      "xomma"
    ],
    "created_at": "2025-09-15T17:25:03.355Z"
  }
},
{
  "model": "product.product",
  "pk": 33,
  "fields": {
    "category": 31,
    "title": "Растяжка рычагов (нижняя) – ВАЗ 2110-2112, 2108-21099, 2113-2115, Приора",
    "slug": "rastyazhka-rychagov-nizhnyaya-vaz-2110-2112-2108-21099-2113-2115-priora",
    "content": "Дополнительные точки крепления позволяют установить отдельную защиту",
    "price": 1180.0,
    "quantity": 4,
    "image": "product/1757957488.159556Растяжка_рычагов_нижняя__ВАЗ_2110_.jpg",
    "author": [
      "xomma"
    ],
    "created_at": "2025-09-15T17:31:28.162Z"
  }
},
{
  "model": "product.product",
  "pk": 34,
  "fields": {
    "category": 32,
    "title": "Скрытая распорка передних стоек – Лада Веста",
    "slug": "skrytaya-rasporka-perednih-stoek-lada-vesta",
    "content": "Гарантия: по ЖИЗНЕННАЯ на конструкцию",
    "price": 2100.0,
    "quantity": 3,
    "image": "product/1757967051.849426Скрытая_распорка_передних_стоек__Лада_Веста_.jpg",
    "author": [
      "xomma"
    ],
    "created_at": "2025-09-15T20:10:51.853Z"
  }
},
{
  "model": "product.product",
  "pk": 35,
  "fields": {
    "category": 32,
    "title": "Растяжка передних стоек – Гранта, Калина, Калина-2; Датсун",
    "slug": "rastyazhka-perednih-stoek-granta-kalina-kalina-2-datsun",
    "content": "Гарантия: по ЖИЗНЕННАЯ на конструкцию",
    "price": 1790.0,
    "quantity": 4,
    "image": "product/1757967286.660633Растяжка_передних_стоек__Гранта_Калина_Калина-2_Датсун_.png",
    "author": [
      "xomma"
    ],
    "created_at": "2025-09-15T20:14:46.673Z"
  }
},
{
  "model": "product.product",
  "pk": 36,
  "fields": {
    "category": 29,
    "title": "Усилитель рулевой рейки 16-кл. – Приора, ВАЗ 2110-2112",
    "slug": "usilitel-rulevoj-rejki-16-kl-priora-vaz-2110-2112",
    "content": "Устанавливается на автомобили с 16-клапанным двигателем: LADA 110, LADA Priora.",
    "price": 650.0,
    "quantity": 10,
    "image": "product/1757969773.71442Усилитель_рулевой_рейки_16-кл.__Приора_ВАЗ_2110-2112_.png",
    "author": [
      "xomma"
    ],
    "created_at": "2025-09-15T20:56:13.719Z"
  }
},
{
  "model": "product.product",
  "pk": 37,
  "fields": {
    "category": 29,
    "title": "Усилитель щитка передка 8-кл. – ВАЗ 2110-2112, Приора",
    "slug": "usilitel-shitka-peredka-8-kl-vaz-2110-2112-priora",
    "content": "Устанавливается на автомобили с 8-клапанным двигателем: LADA 110, LADA Priora.",
    "price": 850.0,
    "quantity": 9,
    "image": "product/1757969942.652102Усилитель_щитка_передка_8-кл.__ВАЗ_2110-2112_Приора_.jpg",
    "author": [
      "xomma"
    ],
    "created_at": "2025-09-15T20:59:02.654Z"
  }
},
{
  "model": "product.product",
  "pk": 38,
  "fields": {
    "category": 34,
    "title": "Рычаг задней подвески (стандартная балка, голая)",
    "slug": "rychag-zadnej-podveski-standartnaya-balka-golaya",
    "content": "Серийный рычаг задний, голый. Производство компании \"СМЗ\".",
    "price": 14200.0,
    "quantity": 2,
    "image": "product/1757970247.178155Рычаг_задней_подвески_стандартная_балка_голая_.jpg",
    "author": [
      "xomma"
    ],
    "created_at": "2025-09-15T21:04:07.183Z"
  }
},
{
  "model": "product.product",
  "pk": 39,
  "fields": {
    "category": 34,
    "title": "Рычаг задний в сборе, ПУ – ВАЗ 2108-21099, 2113-2115, 2110-2112, Приора",
    "slug": "rychag-zadnij-v-sbore-pu-vaz-2108-21099-2113-2115-2110-2112-priora",
    "content": "Устанавливается только совместно с прямоточным глушителем",
    "price": 23390.0,
    "quantity": 4,
    "image": "product/1758037321.511255Рычаг_задний_в_сборе_ПУ__ВАЗ_2108-21099_2113-2115_2110-2112_Приора_.jpg",
    "author": [
      "xomma"
    ],
    "created_at": "2025-09-16T15:42:01.513Z"
  }
},
{
  "model": "product.product",
  "pk": 40,
  "fields": {
    "category": 35,
    "title": "Растяжка заднего рычага – ВАЗ, Datsun",
    "slug": "rastyazhka-zadnego-rychaga-vaz-datsun",
    "content": "Запчасть для заднего рычага R1.",
    "price": 2590.0,
    "quantity": 2,
    "image": "product/1758037559.905076Растяжка_заднего_рычага__ВАЗ_Datsun_.jpg",
    "author": [
      "xomma"
    ],
    "created_at": "2025-09-16T15:45:59.907Z"
  }
},
{
  "model": "product.product",
  "pk": 41,
  "fields": {
    "category": 35,
    "title": "Растяжка заднего рычага, ПУ – ВАЗ, Datsun",
    "slug": "rastyazhka-zadnego-rychaga-pu-vaz-datsun",
    "content": "Запчасть для заднего рычага SPRINT.",
    "price": 1490.0,
    "quantity": 3,
    "image": "product/1758037695.267553Растяжка_заднего_рычага_ПУ__ВАЗ_Datsun_.jpg",
    "author": [
      "xomma"
    ],
    "created_at": "2025-09-16T15:48:15.269Z"
  }
},
{
  "model": "product.product",
  "pk": 42,
  "fields": {
    "category": 36,
    "title": "Проставки -1 – LADA Vesta, LADA X-Ray",
    "slug": "prostavki-1-lada-vesta-lada-x-ray",
    "content": "Увеличение развала задних колес на -1о.",
    "price": 590.0,
    "quantity": 10,
    "image": "product/1758038064.005054Проставки_-1__LADA_Vesta_LADA_X-Ray_.jpg",
    "author": [
      "xomma"
    ],
    "created_at": "2025-09-16T15:54:24.008Z"
  }
},
{
  "model": "product.product",
  "pk": 43,
  "fields": {
    "category": 36,
    "title": "Проставки -3,5 – Калина, Гранта, Приора, ВАЗ 2110-2112, 2108-21099, 2113-2115; Datsun",
    "slug": "prostavki-35-kalina-granta-priora-vaz-2110-2112-2108-21099-2113-2115-datsun",
    "content": "Увеличение допустимой скорости движения в повороте, то есть при прочих равных условиях занос задних колес наступает при больших скоростях или при более крутом повороте.",
    "price": 1230.0,
    "quantity": 8,
    "image": "",
    "author": [
      "xomma"
    ],
    "created_at": "2025-09-16T15:58:06.796Z"
  }
},
{
  "model": "product.product",
  "pk": 44,
  "fields": {
    "category": 33,
    "title": "Комплект реактивных тяг (штанг) Extreme – Нива: 4х4, Шевроле Нива, 2101-2107",
    "slug": "komplekt-reaktivnyh-tyag-shtang-extreme-niva-4h4-shevrole-niva-2101-2107",
    "content": "Сайлентблок: 21217-2919040 и 21217-2919041 Сайлентблоки тяг URBAN",
    "price": 10990.0,
    "quantity": 1,
    "image": "product/1758054567.408719Комплект_реактивных_тяг_.jpg",
    "author": [
      "xomma"
    ],
    "created_at": "2025-09-16T20:29:27.421Z"
  }
},
{
  "model": "product.product",
  "pk": 45,
  "fields": {
    "category": 37,
    "title": "Рычаги задние регулируемые HONDA CR-V 2 (2шт)",
    "slug": "rychagi-zadnie-reguliruemye-honda-cr-v-2-2sht",
    "content": "Регулировка позволяет изменить развал и исправить домик задних колес.\r\nСайлентблок FEBEST Gmbh (Германия), артикул: HAB018\r\nВ комплект входят 2 рычага.",
    "price": 5670.0,
    "quantity": 2,
    "image": "product/1758054676.232523Рычаги_задние_регулируемые_HONDA_CR-V_2_2шт_.jpg",
    "author": [
      "xomma"
    ],
    "created_at": "2025-09-16T20:31:16.234Z"
  }
},
{
  "model": "product.product",
  "pk": 46,
  "fields": {
    "category": 37,
    "title": "Регулируемые задние рычаги HONDA CR-V 3 (2шт)",
    "slug": "reguliruemye-zadnie-rychagi-honda-cr-v-3-2sht",
    "content": "Рычаги позволяют отрегулировать развал задних колес",
    "price": 5670.0,
    "quantity": 2,
    "image": "product/1758055084.390794Регулируемые_задние_рычаги_HONDA_CR-V_3_2шт_.jpg",
    "author": [
      "xomma"
    ],
    "created_at": "2025-09-16T20:38:04.396Z"
  }
},
{
  "model": "product.product",
  "pk": 47,
  "fields": {
    "category": 39,
    "title": "Амортизатор задней подвески в сборе, асфальт",
    "slug": "amortizator-zadnej-podveski-v-sbore-asfalt",
    "content": "Амортизатор с пружиной и опорой сборе",
    "price": 24000.0,
    "quantity": 6,
    "image": "product/1758055206.386297Амортизатор_задней_подвески_в_сборе_асфальт_.jpg",
    "author": [
      "xomma"
    ],
    "created_at": "2025-09-16T20:40:06.388Z"
  }
},
{
  "model": "product.product",
  "pk": 48,
  "fields": {
    "category": 39,
    "title": "Амортизатор передний с корпусом в сборе левый, трек",
    "slug": "amortizator-perednij-s-korpusom-v-sbore-levyj-trek",
    "content": "Корпус из металла 30ХГСА под серийный кулак или его аналог, регулировка развала – подбором шайб.",
    "price": 30000.0,
    "quantity": 4,
    "image": "product/1758055290.894654Амортизатор_передний_с_корпусом_в_сборе_левый_трек_.jpg",
    "author": [
      "xomma"
    ],
    "created_at": "2025-09-16T20:41:30.897Z"
  }
},
{
  "model": "product.product",
  "pk": 49,
  "fields": {
    "category": 42,
    "title": "Стабилизатор поперечной устойчивости 24мм – LADA: Granta, Kalina 2; Datsun",
    "slug": "stabilizator-poperechnoj-ustojchivosti-24mm-lada-granta-kalina-2-datsun",
    "content": "Увеличение угловой жесткости.\r\nУменьшение поперечного крена кузова.\r\nУвеличенный диаметр прутка: 24 мм.",
    "price": 2110.0,
    "quantity": 0,
    "image": "product/1758055692.222409Стабилизатор_поперечной_устойчивости_24мм_Granta_Kalina_2_Datsun_.png",
    "author": [
      "xomma"
    ],
    "created_at": "2025-09-16T20:48:12.228Z"
  }
},
{
  "model": "product.product",
  "pk": 50,
  "fields": {
    "category": 42,
    "title": "AP 0578-У Стабилизатор поперечной устойчивости 22 мм в сборе, с усиленными стойками ВАЗ КАЛИНА ГРАНТА",
    "slug": "ap-0578-u-stabilizator-poperechnoj-ustojchivosti-22-mm-v-sbore-s-usilennymi-stojkami-vaz-kalina-granta",
    "content": "PROчная стальная конструкция.",
    "price": 3170.0,
    "quantity": 5,
    "image": "",
    "author": [
      "xomma"
    ],
    "created_at": "2025-09-16T20:53:36.286Z"
  }
},
{
  "model": "product.product",
  "pk": 83,
  "fields": {
    "category": 17,
    "title": "Задняя независимая подвеска, ЛАДА ВЕСТА",
    "slug": "zadnyaya-nezavisimaya-podveska-lada-vesta",
    "content": "Установка подвески происходит посредством замены штатной подвески на заднюю независимую подвеску и добавлением к штатному глушителю специального гиба, который идёт в комплекте.",
    "price": 58500.0,
    "quantity": 3,
    "image": "product/1758117832.857067Задняя_независимая_подвеска_ЛАДА_ВЕСТА_.jpg",
    "author": [
      "xomma"
    ],
    "created_at": "2025-09-17T14:03:52.860Z"
  }
},
{
  "model": "product.product",
  "pk": 84,
  "fields": {
    "category": 41,
    "title": "Комплект жестких рычагов с регулировкой развала, ВАЗ ВЕСТА",
    "slug": "komplekt-zhestkih-rychagov-s-regulirovkoj-razvala-vaz-vesta",
    "content": "В комплекте с каждым рычагом шаровая опора",
    "price": 13990.0,
    "quantity": 5,
    "image": "product/1758118178.77374Комплект_жестких_рычагов_с_регулировкой_развала_ВАЗ_ВЕСТА_.png",
    "author": [
      "xomma"
    ],
    "created_at": "2025-09-17T14:09:38.785Z"
  }
},
{
  "model": "product.product",
  "pk": 85,
  "fields": {
    "category": 40,
    "title": "Поперечина с передней опорой силового агрегата, ЛАДА ВЕСТА",
    "slug": "poperechina-s-perednej-oporoj-silovogo-agregata-lada-vesta",
    "content": "С недавнего времени втулки не разрезные, обратите внимание.",
    "price": 4390.0,
    "quantity": 6,
    "image": "product/1758118498.558805Поперечина_с_передней_опорой_силового_агрегата_ЛАДА_ВЕСТА_.jpg",
    "author": [
      "xomma"
    ],
    "created_at": "2025-09-17T14:14:58.560Z"
  }
},
{
  "model": "product.product",
  "pk": 86,
  "fields": {
    "category": 23,
    "title": "Подрамник с рычагами – ВАЗ 2110-2112, Приора",
    "slug": "podramnik-s-rychagami-vaz-2110-2112-priora",
    "content": "Установка интуитивно понятная и не занимает много времени, ставится без лишних усилий в штатные точки крепления без сверления и доработок.",
    "price": 18190.0,
    "quantity": 5,
    "image": "product/1758133413.050418Подрамник_с_рычагами__ВАЗ_2110-2112_Приора_.jpg",
    "author": [
      "xomma"
    ],
    "created_at": "2025-09-17T18:23:33.061Z"
  }
},
{
  "model": "product.product",
  "pk": 87,
  "fields": {
    "category": 25,
    "title": "Защита двигателя стальная для подрамника – ВАЗ 2110-2112, Приора",
    "slug": "zashita-dvigatelya-stalnaya-dlya-podramnika-vaz-2110-2112-priora",
    "content": "Защита двигателя, КПП и сцепления снизу от ударов, камней и инородных предметов.",
    "price": 2830.0,
    "quantity": 3,
    "image": "product/1758133664.155615Защита_двигателя_стальная_для_подрамника__ВАЗ_2110-2112_Приора_.jpg",
    "author": [
      "xomma"
    ],
    "created_at": "2025-09-17T18:27:44.157Z"
  }
},
{
  "model": "product.product",
  "pk": 88,
  "fields": {
    "category": 32,
    "title": "Распорка передних стоек – Лада Приора",
    "slug": "rasporka-perednih-stoek-lada-priora",
    "content": "Рекомендуется для всех комплектаций автомобилей, включая комплектации с АБС и кондиционером.\r\nПрименяется для всех типов кузова семейства ПРИОРА.",
    "price": 1790.0,
    "quantity": 6,
    "image": "product/1758133901.68806Распорка_передних_стоек__Лада_Приора_.png",
    "author": [
      "xomma"
    ],
    "created_at": "2025-09-17T18:31:41.701Z"
  }
},
{
  "model": "product.product",
  "pk": 89,
  "fields": {
    "category": 30,
    "title": "Растяжка задних стоек – Приора, ВАЗ 2110-2112, 2108-21099, 2113-2115",
    "slug": "rastyazhka-zadnih-stoek-priora-vaz-2110-2112-2108-21099-2113-2115",
    "content": "Уменьшает перемещение верхних точек крепления стоек задней подвески.",
    "price": 2060.0,
    "quantity": 2060,
    "image": "product/1758134586.181263Растяжка_задних_стоек__Приора_ВАЗ_2110-2112_2108-21099_2113-2115_.png",
    "author": [
      "xomma"
    ],
    "created_at": "2025-09-17T18:43:06.194Z"
  }
},
{
  "model": "product.product",
  "pk": 90,
  "fields": {
    "category": 41,
    "title": "Рычаги регулируемые передние – LADA: Гранта, Калина, Приора, ВАЗ 2108-21099, 2113-2115, 2110-2112; Datsun",
    "slug": "rychagi-reguliruemye-perednie-lada-granta-kalina-priora-vaz-2108-21099-2113-2115-2110-2112-datsun",
    "content": "Применяемость МКПП, АКПП, Робот.",
    "price": 12390.0,
    "quantity": 5,
    "image": "product/1758225334.856587Рычаги_регулируемые_передние__Самара_.png",
    "author": [
      "xomma"
    ],
    "created_at": "2025-09-18T19:55:34.882Z"
  }
},
{
  "model": "product.additionalimage",
  "pk": 1,
  "fields": {
    "product": 3,
    "image": "product/1758739814.412142Кронштейн_генератора_Приора2__.jpg"
  }
},
{
  "model": "product.additionalimage",
  "pk": 2,
  "fields": {
    "product": 3,
    "image": "product/1758739814.43103Кронштейн_генератора_Приора3__.jpg"
  }
},
{
  "model": "product.additionalimage",
  "pk": 3,
  "fields": {
    "product": 3,
    "image": "product/1758739814.437315Кронштейн_генератора_Приора4_.jpg"
  }
},
{
  "model": "product.additionalimage",
  "pk": 4,
  "fields": {
    "product": 3,
    "image": "product/1758739814.443869Кронштейн_генератора_Приора5__.jpg"
  }
},
{
  "model": "product.additionalimage",
  "pk": 5,
  "fields": {
    "product": 3,
    "image": "product/1758739814.450975Кронштейн_генератора_Приора6__.jpg"
  }
},
{
  "model": "product.additionalimage",
  "pk": 6,
  "fields": {
    "product": 6,
    "image": "product/1758740169.393232Растяжка_Приора2__.jpg"
  }
},
{
  "model": "product.additionalimage",
  "pk": 7,
  "fields": {
    "product": 8,
    "image": "product/1758740293.809933Пружины_Веста_Седан2__.jpg"
  }
},
{
  "model": "product.additionalimage",
  "pk": 8,
  "fields": {
    "product": 8,
    "image": "product/1758740293.82081Пружины_Веста_Седан3__.jpg"
  }
},
{
  "model": "product.additionalimage",
  "pk": 9,
  "fields": {
    "product": 8,
    "image": "product/1758740293.835543Пружины_Веста_Седан4__.jpeg"
  }
},
{
  "model": "product.additionalimage",
  "pk": 10,
  "fields": {
    "product": 8,
    "image": "product/1758740293.84193Пружины_Веста_Седан5__.jpeg"
  }
},
{
  "model": "product.additionalimage",
  "pk": 11,
  "fields": {
    "product": 8,
    "image": "product/1758740293.848129Пружины_Веста_Седан6__.jpg"
  }
},
{
  "model": "product.additionalimage",
  "pk": 12,
  "fields": {
    "product": 8,
    "image": "product/1758740293.854547Пружины_Веста_Седан7__.jpg"
  }
},
{
  "model": "product.additionalimage",
  "pk": 13,
  "fields": {
    "product": 8,
    "image": "product/1758740293.862191Пружины_Веста_Седан8__.jpeg"
  }
},
{
  "model": "product.additionalimage",
  "pk": 14,
  "fields": {
    "product": 8,
    "image": "product/1758740293.873482Пружины_Веста_Седан9__.jpeg"
  }
},
{
  "model": "product.additionalimage",
  "pk": 15,
  "fields": {
    "product": 9,
    "image": "product/1757869210.489375задняя_подвеска_Калина2_.jpg"
  }
},
{
  "model": "product.additionalimage",
  "pk": 16,
  "fields": {
    "product": 9,
    "image": "product/1757869210.501097задняя_подвеска_Калина3_.jpg"
  }
},
{
  "model": "product.additionalimage",
  "pk": 17,
  "fields": {
    "product": 9,
    "image": "product/1757869210.504904задняя_подвеска_Калина4_.jpg"
  }
},
{
  "model": "product.additionalimage",
  "pk": 18,
  "fields": {
    "product": 9,
    "image": "product/1757869210.5088задняя_подвеска_Калина5_.jpg"
  }
},
{
  "model": "product.additionalimage",
  "pk": 19,
  "fields": {
    "product": 10,
    "image": "product/1757869582.789759задняя_подвеска_2108_2_.jpg"
  }
},
{
  "model": "product.additionalimage",
  "pk": 20,
  "fields": {
    "product": 10,
    "image": "product/1757869582.800005задняя_подвеска_2108_3_.jpg"
  }
},
{
  "model": "product.additionalimage",
  "pk": 21,
  "fields": {
    "product": 10,
    "image": "product/1757869582.804029задняя_подвеска_2108_4_.jpg"
  }
},
{
  "model": "product.additionalimage",
  "pk": 22,
  "fields": {
    "product": 10,
    "image": "product/1757869582.807655задняя_подвеска_2108_5_.jpg"
  }
},
{
  "model": "product.additionalimage",
  "pk": 23,
  "fields": {
    "product": 11,
    "image": "product/1757870049.183114Пружины_Калина_-50_2_.jpg"
  }
},
{
  "model": "product.additionalimage",
  "pk": 24,
  "fields": {
    "product": 11,
    "image": "product/1757870049.193637Пружины_Калина_-50_3_.jpg"
  }
},
{
  "model": "product.additionalimage",
  "pk": 25,
  "fields": {
    "product": 14,
    "image": "product/1757871060.822629Шарнир_реакт-тяги_2110_2_.jpg"
  }
},
{
  "model": "product.additionalimage",
  "pk": 26,
  "fields": {
    "product": 14,
    "image": "product/1757871060.829807Шарнир_реакт-тяги_2110_3_.jpg"
  }
},
{
  "model": "product.additionalimage",
  "pk": 27,
  "fields": {
    "product": 14,
    "image": "product/1757871060.835631Шарнир_реакт-тяги_2110_4_.jpg"
  }
},
{
  "model": "product.additionalimage",
  "pk": 28,
  "fields": {
    "product": 14,
    "image": "product/1757871060.840511Шарнир_реакт-тяги_2110_5_.jpg"
  }
},
{
  "model": "product.additionalimage",
  "pk": 29,
  "fields": {
    "product": 14,
    "image": "product/1757871060.847341Шарнир_реакт-тяги_2110_6_.jpg"
  }
},
{
  "model": "product.additionalimage",
  "pk": 30,
  "fields": {
    "product": 16,
    "image": "product/1757871752.418421Подрамник_спорт_2114_2_.jpg"
  }
},
{
  "model": "product.additionalimage",
  "pk": 31,
  "fields": {
    "product": 16,
    "image": "product/1757871752.436376Подрамник_спорт_2114_3_.jpg"
  }
},
{
  "model": "product.additionalimage",
  "pk": 32,
  "fields": {
    "product": 16,
    "image": "product/1757871752.444902Подрамник_спорт_2114_4_.jpg"
  }
},
{
  "model": "product.additionalimage",
  "pk": 33,
  "fields": {
    "product": 17,
    "image": "product/1757872171.101124Подрамник_Калина_2_.jpg"
  }
},
{
  "model": "product.additionalimage",
  "pk": 34,
  "fields": {
    "product": 17,
    "image": "product/1757872171.121599Подрамник_Калина_3_.jpg"
  }
},
{
  "model": "product.additionalimage",
  "pk": 35,
  "fields": {
    "product": 17,
    "image": "product/1757872171.137954Подрамник_Калина_4_.jpg"
  }
},
{
  "model": "product.additionalimage",
  "pk": 36,
  "fields": {
    "product": 17,
    "image": "product/1757872171.150755Подрамник_Калина_5_.jpg"
  }
},
{
  "model": "product.additionalimage",
  "pk": 37,
  "fields": {
    "product": 18,
    "image": "product/1757872468.66705Подрамник_с_рычагами_Самара_2_.jpg"
  }
},
{
  "model": "product.additionalimage",
  "pk": 38,
  "fields": {
    "product": 18,
    "image": "product/1757872468.685561Подрамник_с_рычагами_Самара_3_.jpg"
  }
},
{
  "model": "product.additionalimage",
  "pk": 39,
  "fields": {
    "product": 18,
    "image": "product/1757872468.702227Подрамник_с_рычагами_Самара_4_.jpg"
  }
},
{
  "model": "product.additionalimage",
  "pk": 40,
  "fields": {
    "product": 18,
    "image": "product/1757872468.712074Подрамник_с_рычагами_Самара_5_.jpg"
  }
},
{
  "model": "product.additionalimage",
  "pk": 41,
  "fields": {
    "product": 19,
    "image": "product/1757872819.893669Подрамник_с_рычагами_Калина_2_.jpg"
  }
},
{
  "model": "product.additionalimage",
  "pk": 42,
  "fields": {
    "product": 19,
    "image": "product/1757872819.912797Подрамник_с_рычагами_Калина_3_.jpg"
  }
},
{
  "model": "product.additionalimage",
  "pk": 43,
  "fields": {
    "product": 19,
    "image": "product/1757872819.934696Подрамник_с_рычагами_Калина_4_.jpg"
  }
},
{
  "model": "product.additionalimage",
  "pk": 44,
  "fields": {
    "product": 23,
    "image": "product/1757875656.014097Защита_двигателя_оцинкованная_2_.jpg"
  }
},
{
  "model": "product.additionalimage",
  "pk": 45,
  "fields": {
    "product": 24,
    "image": "product/1757876255.850081Опора_раздаточной_коробки__Нива_4х4_2_.jpg"
  }
},
{
  "model": "product.additionalimage",
  "pk": 46,
  "fields": {
    "product": 24,
    "image": "product/1757876255.859938Опора_раздаточной_коробки__Нива_4х4_3_.jpg"
  }
},
{
  "model": "product.additionalimage",
  "pk": 47,
  "fields": {
    "product": 25,
    "image": "product/1757877674.71605Усиленный_кронштейн_задней_опоры_двигателя_с_МКПП_Калина_2_.jpg"
  }
},
{
  "model": "product.additionalimage",
  "pk": 48,
  "fields": {
    "product": 25,
    "image": "product/1757877674.723762Усиленный_кронштейн_задней_опоры_двигателя_с_МКПП_Калина_3_.jpg"
  }
},
{
  "model": "product.additionalimage",
  "pk": 49,
  "fields": {
    "product": 25,
    "image": "product/1757877674.732745Усиленный_кронштейн_задней_опоры_двигателя_с_МКПП_Калина_4_.jpg"
  }
},
{
  "model": "product.additionalimage",
  "pk": 50,
  "fields": {
    "product": 26,
    "image": "product/1757878858.274369Комплект_усиленных_кронштейнов_СА_2_.jpg"
  }
},
{
  "model": "product.additionalimage",
  "pk": 51,
  "fields": {
    "product": 26,
    "image": "product/1757878858.283313Комплект_усиленных_кронштейнов_СА_3_.jpg"
  }
},
{
  "model": "product.additionalimage",
  "pk": 52,
  "fields": {
    "product": 26,
    "image": "product/1757878858.293622Комплект_усиленных_кронштейнов_СА_4_.jpg"
  }
},
{
  "model": "product.additionalimage",
  "pk": 53,
  "fields": {
    "product": 26,
    "image": "product/1757878858.301187Комплект_усиленных_кронштейнов_СА_5_.jpg"
  }
},
{
  "model": "product.additionalimage",
  "pk": 54,
  "fields": {
    "product": 26,
    "image": "product/1757878858.308936Комплект_усиленных_кронштейнов_СА_6_.jpg"
  }
},
{
  "model": "product.additionalimage",
  "pk": 55,
  "fields": {
    "product": 26,
    "image": "product/1757878858.317485Комплект_усиленных_кронштейнов_СА_7_.jpg"
  }
},
{
  "model": "product.additionalimage",
  "pk": 56,
  "fields": {
    "product": 28,
    "image": "product/1757956186.649536Усилители_опор_стоек__Гранта_2_.jpg"
  }
},
{
  "model": "product.additionalimage",
  "pk": 57,
  "fields": {
    "product": 29,
    "image": "product/1757956460.861539Усилители_опор_стоек__ВАЗ_2110_2_.jpg"
  }
},
{
  "model": "product.additionalimage",
  "pk": 58,
  "fields": {
    "product": 29,
    "image": "product/1757956460.867022Усилители_опор_стоек__ВАЗ_2110_3_.jpg"
  }
},
{
  "model": "product.additionalimage",
  "pk": 59,
  "fields": {
    "product": 29,
    "image": "product/1757956460.871577Усилители_опор_стоек__ВАЗ_2110_4_.jpg"
  }
},
{
  "model": "product.additionalimage",
  "pk": 60,
  "fields": {
    "product": 29,
    "image": "product/1757956460.874946Усилители_опор_стоек__ВАЗ_2110_5_.jpg"
  }
},
{
  "model": "product.additionalimage",
  "pk": 61,
  "fields": {
    "product": 29,
    "image": "product/1757956460.880074Усилители_опор_стоек__ВАЗ_2110_6_.jpg"
  }
},
{
  "model": "product.additionalimage",
  "pk": 62,
  "fields": {
    "product": 29,
    "image": "product/1757956460.884274Усилители_опор_стоек__ВАЗ_2110_7_.jpg"
  }
},
{
  "model": "product.additionalimage",
  "pk": 63,
  "fields": {
    "product": 30,
    "image": "product/1757956712.000913Усилитель_кузова_задний__ВАЗ_2112_2_.png"
  }
},
{
  "model": "product.additionalimage",
  "pk": 64,
  "fields": {
    "product": 32,
    "image": "product/1757957103.358242Растяжка_рычагов_нижняя_под_тросовую_МКПП_АКПП__Гранта_2_.jpg"
  }
},
{
  "model": "product.additionalimage",
  "pk": 65,
  "fields": {
    "product": 32,
    "image": "product/1757957103.363883Растяжка_рычагов_нижняя_под_тросовую_МКПП_АКПП__Гранта_3_.jpg"
  }
},
{
  "model": "product.additionalimage",
  "pk": 66,
  "fields": {
    "product": 33,
    "image": "product/1757957488.164706Растяжка_рычагов_нижняя__ВАЗ_2110_2_.jpg"
  }
},
{
  "model": "product.additionalimage",
  "pk": 67,
  "fields": {
    "product": 33,
    "image": "product/1757957488.171767Растяжка_рычагов_нижняя__ВАЗ_2110_3_.jpg"
  }
},
{
  "model": "product.additionalimage",
  "pk": 68,
  "fields": {
    "product": 33,
    "image": "product/1757957488.178818Растяжка_рычагов_нижняя__ВАЗ_2110_4_.jpg"
  }
},
{
  "model": "product.additionalimage",
  "pk": 69,
  "fields": {
    "product": 34,
    "image": "product/1757967051.858667Скрытая_распорка_передних_стоек__Лада_Веста_2_.jpg"
  }
},
{
  "model": "product.additionalimage",
  "pk": 70,
  "fields": {
    "product": 34,
    "image": "product/1757967051.869189Скрытая_распорка_передних_стоек__Лада_Веста_3_.jpg"
  }
},
{
  "model": "product.additionalimage",
  "pk": 71,
  "fields": {
    "product": 34,
    "image": "product/1757967051.875172Скрытая_распорка_передних_стоек__Лада_Веста_4_.jpg"
  }
},
{
  "model": "product.additionalimage",
  "pk": 72,
  "fields": {
    "product": 35,
    "image": "product/1757967286.675738Растяжка_передних_стоек__Гранта_Калина_Калина-2_Датсун_2_.png"
  }
},
{
  "model": "product.additionalimage",
  "pk": 73,
  "fields": {
    "product": 35,
    "image": "product/1757967286.687962Растяжка_передних_стоек__Гранта_Калина_Калина-2_Датсун_3_.jpg"
  }
},
{
  "model": "product.additionalimage",
  "pk": 74,
  "fields": {
    "product": 36,
    "image": "product/1757969773.723148Усилитель_рулевой_рейки_16-кл.__Приора_ВАЗ_2110-2112_2_.png"
  }
},
{
  "model": "product.additionalimage",
  "pk": 75,
  "fields": {
    "product": 37,
    "image": "product/1757969942.657305Усилитель_щитка_передка_8-кл.__ВАЗ_2110-2112_Приора_2_.jpg"
  }
},
{
  "model": "product.additionalimage",
  "pk": 76,
  "fields": {
    "product": 42,
    "image": "product/1758038064.011Проставки_-1__LADA_Vesta_LADA_X-Ray_2_.jpg"
  }
},
{
  "model": "product.additionalimage",
  "pk": 77,
  "fields": {
    "product": 42,
    "image": "product/1758038064.015453Проставки_-1__LADA_Vesta_LADA_X-Ray_3_.jpg"
  }
},
{
  "model": "product.additionalimage",
  "pk": 78,
  "fields": {
    "product": 42,
    "image": "product/1758038064.018031Проставки_-1__LADA_Vesta_LADA_X-Ray_4_.jpg"
  }
},
{
  "model": "product.additionalimage",
  "pk": 79,
  "fields": {
    "product": 42,
    "image": "product/1758038064.021174Проставки_-1__LADA_Vesta_LADA_X-Ray_5_.jpg"
  }
},
{
  "model": "product.additionalimage",
  "pk": 80,
  "fields": {
    "product": 44,
    "image": "product/1758054567.429037Комплект_реактивных_тяг_2_.jpg"
  }
},
{
  "model": "product.additionalimage",
  "pk": 81,
  "fields": {
    "product": 49,
    "image": "product/1758055692.231436Стабилизатор_поперечной_устойчивости_24мм_Granta_Kalina_2_Datsun_2_.jpg"
  }
},
{
  "model": "product.additionalimage",
  "pk": 82,
  "fields": {
    "product": 83,
    "image": "product/1758117832.870318Задняя_независимая_подвеска_ЛАДА_ВЕСТА_2_.jpg"
  }
},
{
  "model": "product.additionalimage",
  "pk": 83,
  "fields": {
    "product": 83,
    "image": "product/1758117832.8783Задняя_независимая_подвеска_ЛАДА_ВЕСТА_3_.jpg"
  }
},
{
  "model": "product.additionalimage",
  "pk": 84,
  "fields": {
    "product": 84,
    "image": "product/1758118178.789044Комплект_жестких_рычагов_с_регулировкой_развала_ВАЗ_ВЕСТА_2_.png"
  }
},
{
  "model": "product.additionalimage",
  "pk": 85,
  "fields": {
    "product": 84,
    "image": "product/1758118178.797928Комплект_жестких_рычагов_с_регулировкой_развала_ВАЗ_ВЕСТА_3_.jpg"
  }
},
{
  "model": "product.additionalimage",
  "pk": 86,
  "fields": {
    "product": 84,
    "image": "product/1758118178.802527Комплект_жестких_рычагов_с_регулировкой_развала_ВАЗ_ВЕСТА_4_.jpg"
  }
},
{
  "model": "product.additionalimage",
  "pk": 87,
  "fields": {
    "product": 84,
    "image": "product/1758118178.807076Комплект_жестких_рычагов_с_регулировкой_развала_ВАЗ_ВЕСТА_5_.jpg"
  }
},
{
  "model": "product.additionalimage",
  "pk": 88,
  "fields": {
    "product": 85,
    "image": "product/1758118498.563091Поперечина_с_передней_опорой_силового_агрегата_ЛАДА_ВЕСТА_2_.jpg"
  }
},
{
  "model": "product.additionalimage",
  "pk": 89,
  "fields": {
    "product": 85,
    "image": "product/1758118498.567484Поперечина_с_передней_опорой_силового_агрегата_ЛАДА_ВЕСТА_3_.jpg"
  }
},
{
  "model": "product.additionalimage",
  "pk": 90,
  "fields": {
    "product": 85,
    "image": "product/1758118498.574737Поперечина_с_передней_опорой_силового_агрегата_ЛАДА_ВЕСТА_4_.jpg"
  }
},
{
  "model": "product.additionalimage",
  "pk": 91,
  "fields": {
    "product": 85,
    "image": "product/1758118498.577152Поперечина_с_передней_опорой_силового_агрегата_ЛАДА_ВЕСТА_5_.jpg"
  }
},
{
  "model": "product.additionalimage",
  "pk": 92,
  "fields": {
    "product": 86,
    "image": "product/1758133413.064802Подрамник_с_рычагами__ВАЗ_2110-2112_Приора_2_.jpg"
  }
},
{
  "model": "product.additionalimage",
  "pk": 93,
  "fields": {
    "product": 86,
    "image": "product/1758133413.079794Подрамник_с_рычагами__ВАЗ_2110-2112_Приора_3_.jpg"
  }
},
{
  "model": "product.additionalimage",
  "pk": 94,
  "fields": {
    "product": 86,
    "image": "product/1758133413.0961Подрамник_с_рычагами__ВАЗ_2110-2112_Приора_4_.jpg"
  }
},
{
  "model": "product.additionalimage",
  "pk": 95,
  "fields": {
    "product": 86,
    "image": "product/1758133413.105527Подрамник_с_рычагами__ВАЗ_2110-2112_Приора_5_.jpg"
  }
},
{
  "model": "product.additionalimage",
  "pk": 96,
  "fields": {
    "product": 88,
    "image": "product/1758133901.7046Распорка_передних_стоек__Лада_Приора_2_.png"
  }
},
{
  "model": "product.additionalimage",
  "pk": 97,
  "fields": {
    "product": 89,
    "image": "product/1758134586.19671Растяжка_задних_стоек__Приора_ВАЗ_2110-2112_2108-21099_2113-2115_2_.png"
  }
},
{
  "model": "product.additionalimage",
  "pk": 98,
  "fields": {
    "product": 90,
    "image": "product/1758225334.895802Рычаги_регулируемые_передние__Самара_2_.png"
  }
},
{
  "model": "product.additionalimage",
  "pk": 99,
  "fields": {
    "product": 90,
    "image": "product/1758225334.920235Рычаги_регулируемые_передние__Самара_3_.jpg"
  }
},
{
  "model": "product.additionalimage",
  "pk": 100,
  "fields": {
    "product": 90,
    "image": "product/1758225334.928378Рычаги_регулируемые_передние__Самара_4_.jpg"
  }
},
{
  "model": "product.additionalimage",
  "pk": 101,
  "fields": {
    "product": 90,
    "image": "product/1758225334.936709Рычаги_регулируемые_передние__Самара_5_.jpg"
  }
},
{
  "model": "product.productapplicability",
  "pk": 1,
  "fields": {
    "product": 83,
    "model": [
      1,
      2,
      3
    ]
  }
},
{
  "model": "product.productapplicability",
  "pk": 2,
  "fields": {
    "product": 22,
    "model": [
      16,
      15
    ]
  }
},
{
  "model": "product.hitproduct",
  "pk": 1,
  "fields": {
    "created_at": "2025-09-19T13:01:02.989Z",
    "product": 2
  }
},
{
  "model": "product.hitproduct",
  "pk": 2,
  "fields": {
    "created_at": "2025-09-19T13:01:02.989Z",
    "product": 4
  }
},
{
  "model": "product.hitproduct",
  "pk": 3,
  "fields": {
    "created_at": "2025-09-19T13:01:02.989Z",
    "product": 5
  }
},
{
  "model": "product.hitset",
  "pk": 2,
  "fields": {
    "created_at": "2025-09-19T13:41:27.136Z",
    "set_object": 1
  }
},
{
  "model": "product.set",
  "pk": 1,
  "fields": {
    "name": "CROSS PRO Лада ВЕСТА",
    "slug": "cross-pro-lada-vesta",
    "description": "Дынный комплект улучшит управляемость и устойчивость вашего автомобиля на дороге.",
    "image": "set/1758119037.467033CROSS_PRO_Лада_ВЕСТА_.jpg",
    "total_price": 93390.0,
    "quantity": 0,
    "discount": 9.5
  }
},
{
  "model": "product.set",
  "pk": 2,
  "fields": {
    "name": "CROSS PRO – ВАЗ 2110-12, ПРИОРА 2170-71",
    "slug": "cross-pro-vaz-2110-12-priora-2170-71",
    "description": "Дынный комплект улучшит управляемость и устойчивость вашего автомобиля на дороге. А также проходимость автомобиля и жескость кузова",
    "image": "set/1758134940.660601CROSS_PRO__ВАЗ_2110-12_ПРИОРА_2170-71_.jpg",
    "total_price": 80560.0,
    "quantity": 0,
    "discount": 9.5
  }
},
{
  "model": "product.set",
  "pk": 3,
  "fields": {
    "name": "LIGHT АКПП – LADA Granta,Granta FL, Kalina 2, Datsun (ON-DO, MI-DO)",
    "slug": "light-akpp-lada-grantagranta-fl-kalina-2-datsun-on-do-mi-do",
    "description": "Дынный комплект улучшит управляемость и устойчивость вашего автомобиля на дороге.",
    "image": "set/1758225420.747614Платформа_LIGHT_АКПП__LADA_GrantaGranta_FL_Kalina_2_Datsun_ON-DO_MI-DO_.jpg",
    "total_price": 21000.0,
    "quantity": 0,
    "discount": 10.0
  }
},
{
  "model": "product.setproduct",
  "pk": 1,
  "fields": {
    "set": 1,
    "product": 83,
    "quantity": 1
  }
},
{
  "model": "product.setproduct",
  "pk": 2,
  "fields": {
    "set": 1,
    "product": 84,
    "quantity": 1
  }
},
{
  "model": "product.setproduct",
  "pk": 3,
  "fields": {
    "set": 1,
    "product": 13,
    "quantity": 1
  }
},
{
  "model": "product.setproduct",
  "pk": 4,
  "fields": {
    "set": 1,
    "product": 85,
    "quantity": 1
  }
},
{
  "model": "product.setproduct",
  "pk": 5,
  "fields": {
    "set": 1,
    "product": 34,
    "quantity": 1
  }
},
{
  "model": "product.setproduct",
  "pk": 6,
  "fields": {
    "set": 2,
    "product": 86,
    "quantity": 1
  }
},
{
  "model": "product.setproduct",
  "pk": 7,
  "fields": {
    "set": 2,
    "product": 7,
    "quantity": 1
  }
},
{
  "model": "product.setproduct",
  "pk": 8,
  "fields": {
    "set": 2,
    "product": 23,
    "quantity": 1
  }
},
{
  "model": "product.setproduct",
  "pk": 9,
  "fields": {
    "set": 2,
    "product": 10,
    "quantity": 1
  }
},
{
  "model": "product.setproduct",
  "pk": 10,
  "fields": {
    "set": 2,
    "product": 88,
    "quantity": 1
  }
},
{
  "model": "product.setproduct",
  "pk": 11,
  "fields": {
    "set": 2,
    "product": 89,
    "quantity": 1
  }
},
{
  "model": "product.setproduct",
  "pk": 12,
  "fields": {
    "set": 2,
    "product": 29,
    "quantity": 1
  }
},
{
  "model": "product.setproduct",
  "pk": 13,
  "fields": {
    "set": 2,
    "product": 12,
    "quantity": 1
  }
},
{
  "model": "product.setproduct",
  "pk": 14,
  "fields": {
    "set": 3,
    "product": 28,
    "quantity": 1
  }
},
{
  "model": "product.setproduct",
  "pk": 15,
  "fields": {
    "set": 3,
    "product": 31,
    "quantity": 1
  }
},
{
  "model": "product.setproduct",
  "pk": 16,
  "fields": {
    "set": 3,
    "product": 90,
    "quantity": 1
  }
},
{
  "model": "product.productdescription",
  "pk": 1,
  "fields": {
    "product": 4,
    "description_type": "Используйте универсальный стальной кронштейн генератора вместо литых кронштейнов из алюминия 1118-1041034-01, 2190-1041034-00 и 2190-1041034-10:",
    "content": "Точная регулировка усилия натяжения ремня.-Решает проблему свиста ремня генератора.-\r\nПродлевает срок службы подшипников генератора.",
    "order": 0
  }
},
{
  "model": "product.productdescription",
  "pk": 12,
  "fields": {
    "product": 4,
    "description_type": "Проблемы, решаемые установкой кронштейна генератора:",
    "content": "Свист ремня генератора, и вследствие чего его повышенный износ.-Сложность конструкции заводского механизма натяжения, при низком качестве комплектующих, и как следствие его ненадежность. Трудоемкость и сложность его замены в случае поломки, а также высокая цена.-Отсутствие регулировки натяжения ремня на8миклапанных моторах Калина / Гранта, что значительно снижает срок службы подшипников генератора.",
    "order": 1
  }
},
{
  "model": "product.productdescription",
  "pk": 13,
  "fields": {
    "product": 4,
    "description_type": "Преимущества установки кронштейна генератора:",
    "content": "Усиленная конструкция.-Точное позиционирование и установка кронштейна на блок ДВС.-Удобство регулировки.-Использование заводского ремня генератора.-Возможность установки на автомобили с кондиционером.",
    "order": 2
  }
},
{
  "model": "product.productdescription",
  "pk": 14,
  "fields": {
    "product": 4,
    "description_type": "Уникальность",
    "content": "Универсальная конструкция позволяет устанавливать кронштейн на8и16клапанные двигатели с кондиционерами и без.-Использование заводских ремней генератора позволяет Вам экономить деньги и время (при необходимости ремень можно приобрести в любом магазине автозапчастей ВАЗ).-Не имеет аналогов.",
    "order": 3
  }
},
{
  "model": "product.productdescription",
  "pk": 15,
  "fields": {
    "product": 8,
    "description_type": "Что дает замена пружин?",
    "content": "Ровная посадка автомобиля устраните дисбаланс и перекос кузова.-Отзывчивое управление стабильность и предсказуемость в поворотах.-Лучшее сцепление с дорогой уверенность даже в сложных условиях.-Сокращенный тормозной путь повышенная безопасность.-Экономия на шинах и топливе меньше износа, больше выгоды.",
    "order": 0
  }
},
{
  "model": "product.productdescription",
  "pk": 16,
  "fields": {
    "product": 8,
    "description_type": "Почему наши пружины это новый стандарт качества?",
    "content": "Выдерживают экстремальные нагрузки\r\n(Испытания доказали до 1500 000 циклов в городских условиях и до 500 000 циклов на бездорожье. Закаленная пружинная сталь стандарта EN 10270-2 и уникальная технология холодной навивки делают их сверхпрочными.)-Антикоррозийная защита премиального уровня\r\n(Пружины проходят фосфатирование и покрываются эпоксидной краской. Испытания в соляном тумане свыше 700 часов.)-Рассчитаны на 10 лет эксплуатации\r\n(Вы один раз устанавливаете и забываете про проблему на долгие годы.)-Гарантия 3 года\r\n(Мы уверены в своих пружинах если что-то пойдет не так, заменим бесплатно.)-Пружины НПЦ (Пружина являются надежным и качественным выбором для вашего автомобиля, обеспечивая оптимальные характеристики и безопасность во время движения.)-\r\nПружина валидирована конвейером ОЕМ (АВТОВАЗ, Renault, PSA Group)",
    "order": 1
  }
},
{
  "model": "product.productdescription",
  "pk": 17,
  "fields": {
    "product": 8,
    "description_type": "Комплектация:",
    "content": "Пружина задняя 2 шт.",
    "order": 3
  }
},
{
  "model": "product.productdescription",
  "pk": 18,
  "fields": {
    "product": 83,
    "description_type": "Проблемы, решаемые установкой задней независимой подвески",
    "content": "Недостаточная поворачиваемость\r\nВысокая чувствительность к ударным боковым нагрузкам гнётся балка, нарушая углы установки колес\r\nВо время эксплуатации углы схода-развала уходят из допусков\r\nОтсутствие возможности выравнивания разных углов схода-развала слева и справа\r\nВысокие нагрузки на лонжероны в местах крепления подвески.",
    "order": 0
  }
},
{
  "model": "product.productdescription",
  "pk": 19,
  "fields": {
    "product": 83,
    "description_type": "Преимущества задней независимой подвески",
    "content": "Стабильный контакт с разным дорожным покрытием и четкий контроль автомобиля при маневрах и прохождении виражей, даже без изменения характеристик амортизаторов\r\nСвоевременная информативность при управлении автомобилем на высоких скоростях\r\nУвеличена скорость реакции автомобиля на поворот рулевого колеса\r\nПовышена предсказуемость поведения автомобиля во время маневра\r\nХарактеристики подвески выведены в зону нейтральной поворачиваемости\r\nПовышенная курсовая устойчивость\r\nСокращение коридора для маневрирования при перестроении и обгоне.\r\nСнижение крена на поворотах и виражах, а также при проезде по неровностям и ямам\r\nЧеткое следование траектории при торможении, в том числе, когда колеса находятся на разных покрытиях\r\nУстановка без доработок кузова, в штатные узлы крепления по инструкции\r\nПродукт сертифицирован\r\nУвеличенная прочность за счет использования 30ХГСА в наиболее нагруженных верхних поперечных рычагах\r\nУверенно держит боковые нагрузки за счет заложенного в конструкцию тетраэдра, который образует поперечина, верхний и нижний рычаг\r\nКонструкция проверена в экстремальных условиях ралли и автородео.\r\nСнижает напряжения в кузове за счет равномерного распределения нагрузок\r\nУвеличивает жёсткость кузова за счет поперечины крепления задних рычагов.\r\nВозможность настройки углов колес в широком диапазоне (сход/развал)\r\nВозможность настройки индивидуальных параметров подвески под необходимые условия в любительском спорте.",
    "order": 1
  }
},
{
  "model": "product.productdescription",
  "pk": 20,
  "fields": {
    "product": 83,
    "description_type": "Внимание!",
    "content": "Установка подвески происходит посредством замены штатной подвески на заднюю независимую подвеску и добавлением к штатному глушителю специального гиба, который идёт в комплекте.\r\nВсе инструкции прилагаются к изделию.\r\nДля автомобилей с дисковыми тормозами необходимо докупить Комплект деталей на ЗНП под дисковые тормоза, ВЕСТА.",
    "order": 2
  }
},
{
  "model": "product.dynamicdescriptionfield",
  "pk": 1,
  "fields": {
    "name": "Вес",
    "field_type": "number",
    "options": null
  }
},
{
  "model": "product.dynamicdescriptionfield",
  "pk": 2,
  "fields": {
    "name": "Материал",
    "field_type": "text",
    "options": null
  }
},
{
  "model": "product.dynamicdescriptionfield",
  "pk": 3,
  "fields": {
    "name": "Покрытие",
    "field_type": "text",
    "options": null
  }
},
{
  "model": "product.dynamicdescriptionfield",
  "pk": 4,
  "fields": {
    "name": "Цвет",
    "field_type": "text",
    "options": null
  }
},
{
  "model": "product.dynamicdescriptionfield",
  "pk": 5,
  "fields": {
    "name": "Габариты",
    "field_type": "text",
    "options": null
  }
},
{
  "model": "product.dynamicdescriptionfield",
  "pk": 6,
  "fields": {
    "name": "Объем",
    "field_type": "number",
    "options": null
  }
},
{
  "model": "product.dynamicdescriptionfield",
  "pk": 7,
  "fields": {
    "name": "Гарантия",
    "field_type": "text",
    "options": null
  }
},
{
  "model": "product.dynamicdescriptionfield",
  "pk": 8,
  "fields": {
    "name": "Страна производитель",
    "field_type": "text",
    "options": null
  }
},
{
  "model": "product.dynamicdescriptionfield",
  "pk": 9,
  "fields": {
    "name": "Бренд",
    "field_type": "text",
    "options": null
  }
},
{
  "model": "product.dynamicdescriptionfield",
  "pk": 10,
  "fields": {
    "name": "Толщина",
    "field_type": "text",
    "options": null
  }
},
{
  "model": "product.productdynamicdescription",
  "pk": 1,
  "fields": {
    "product": 4,
    "field": 1,
    "value": "1.8 кг"
  }
},
{
  "model": "product.productdynamicdescription",
  "pk": 2,
  "fields": {
    "product": 4,
    "field": 2,
    "value": "Сталь 20"
  }
},
{
  "model": "product.productdynamicdescription",
  "pk": 3,
  "fields": {
    "product": 4,
    "field": 3,
    "value": "Порошковая окраска"
  }
},
{
  "model": "product.productdynamicdescription",
  "pk": 4,
  "fields": {
    "product": 4,
    "field": 4,
    "value": "Чёрный"
  }
},
{
  "model": "product.productdynamicdescription",
  "pk": 5,
  "fields": {
    "product": 4,
    "field": 5,
    "value": "235x185x160 мм"
  }
},
{
  "model": "product.productdynamicdescription",
  "pk": 6,
  "fields": {
    "product": 4,
    "field": 6,
    "value": "0,00696 м3"
  }
},
{
  "model": "product.productdynamicdescription",
  "pk": 7,
  "fields": {
    "product": 4,
    "field": 7,
    "value": "24 мес."
  }
},
{
  "model": "product.productdynamicdescription",
  "pk": 8,
  "fields": {
    "product": 4,
    "field": 7,
    "value": "24 мес."
  }
},
{
  "model": "product.productdynamicdescription",
  "pk": 9,
  "fields": {
    "product": 4,
    "field": 8,
    "value": "Россия"
  }
},
{
  "model": "product.productdynamicdescription",
  "pk": 10,
  "fields": {
    "product": 4,
    "field": 9,
    "value": "Автопродукт"
  }
},
{
  "model": "product.productdynamicdescription",
  "pk": 11,
  "fields": {
    "product": 8,
    "field": 2,
    "value": "Сталь по стандарту EN10270-2"
  }
},
{
  "model": "product.productdynamicdescription",
  "pk": 12,
  "fields": {
    "product": 8,
    "field": 3,
    "value": "Антикоррозийное"
  }
},
{
  "model": "product.productdynamicdescription",
  "pk": 13,
  "fields": {
    "product": 8,
    "field": 4,
    "value": "Чёрный"
  }
},
{
  "model": "product.productdynamicdescription",
  "pk": 14,
  "fields": {
    "product": 8,
    "field": 7,
    "value": "36 мес."
  }
},
{
  "model": "product.productdynamicdescription",
  "pk": 15,
  "fields": {
    "product": 8,
    "field": 8,
    "value": "Россия"
  }
},
{
  "model": "product.productdynamicdescription",
  "pk": 16,
  "fields": {
    "product": 8,
    "field": 9,
    "value": "Автопродукт"
  }
},
{
  "model": "product.productdynamicdescription",
  "pk": 17,
  "fields": {
    "product": 39,
    "field": 7,
    "value": "12 месяцев"
  }
},
{
  "model": "product.productdynamicdescription",
  "pk": 18,
  "fields": {
    "product": 39,
    "field": 1,
    "value": "21 кг"
  }
},
{
  "model": "product.productdynamicdescription",
  "pk": 19,
  "fields": {
    "product": 39,
    "field": 5,
    "value": "1300х460х180 мм"
  }
},
{
  "model": "product.productdynamicdescription",
  "pk": 20,
  "fields": {
    "product": 40,
    "field": 1,
    "value": "0,955 кг"
  }
},
{
  "model": "product.productdynamicdescription",
  "pk": 21,
  "fields": {
    "product": 40,
    "field": 6,
    "value": "0,00384 м3"
  }
},
{
  "model": "product.productdynamicdescription",
  "pk": 22,
  "fields": {
    "product": 40,
    "field": 4,
    "value": "чёрный"
  }
},
{
  "model": "product.productdynamicdescription",
  "pk": 23,
  "fields": {
    "product": 40,
    "field": 5,
    "value": "600x80x80 мм"
  }
},
{
  "model": "product.productdynamicdescription",
  "pk": 24,
  "fields": {
    "product": 40,
    "field": 8,
    "value": "Россия"
  }
},
{
  "model": "product.productdynamicdescription",
  "pk": 25,
  "fields": {
    "product": 40,
    "field": 9,
    "value": "Автопродукт"
  }
},
{
  "model": "product.productdynamicdescription",
  "pk": 26,
  "fields": {
    "product": 41,
    "field": 5,
    "value": "600х35х40 мм"
  }
},
{
  "model": "product.productdynamicdescription",
  "pk": 27,
  "fields": {
    "product": 41,
    "field": 1,
    "value": "0,783 кг"
  }
},
{
  "model": "product.productdynamicdescription",
  "pk": 28,
  "fields": {
    "product": 42,
    "field": 1,
    "value": "0,150 кг"
  }
},
{
  "model": "product.productdynamicdescription",
  "pk": 29,
  "fields": {
    "product": 42,
    "field": 5,
    "value": "100х85х25 мм"
  }
},
{
  "model": "product.productdynamicdescription",
  "pk": 30,
  "fields": {
    "product": 43,
    "field": 5,
    "value": "200х125х35 мм"
  }
},
{
  "model": "product.productdynamicdescription",
  "pk": 31,
  "fields": {
    "product": 44,
    "field": 2,
    "value": "Труба 32х3 б/ш, х/д Ст20"
  }
},
{
  "model": "product.productdynamicdescription",
  "pk": 32,
  "fields": {
    "product": 44,
    "field": 3,
    "value": "Порошковая окраска, цвет чёрный"
  }
},
{
  "model": "product.productdynamicdescription",
  "pk": 33,
  "fields": {
    "product": 44,
    "field": 5,
    "value": "1115х150х55 мм"
  }
},
{
  "model": "product.productdynamicdescription",
  "pk": 34,
  "fields": {
    "product": 44,
    "field": 1,
    "value": "8,1 кг"
  }
},
{
  "model": "product.productdynamicdescription",
  "pk": 35,
  "fields": {
    "product": 44,
    "field": 7,
    "value": "12 месяцев"
  }
},
{
  "model": "product.productdynamicdescription",
  "pk": 36,
  "fields": {
    "product": 45,
    "field": 9,
    "value": "Автопродукт"
  }
},
{
  "model": "product.productdynamicdescription",
  "pk": 37,
  "fields": {
    "product": 49,
    "field": 7,
    "value": "12 месяцев"
  }
},
{
  "model": "product.productdynamicdescription",
  "pk": 38,
  "fields": {
    "product": 49,
    "field": 1,
    "value": "4,65 кг"
  }
},
{
  "model": "product.productdynamicdescription",
  "pk": 39,
  "fields": {
    "product": 49,
    "field": 5,
    "value": "1132х220х76 мм"
  }
},
{
  "model": "product.productdynamicdescription",
  "pk": 40,
  "fields": {
    "product": 50,
    "field": 3,
    "value": "Порошковая краска"
  }
},
{
  "model": "product.productdynamicdescription",
  "pk": 73,
  "fields": {
    "product": 83,
    "field": 2,
    "value": "Сталь 20"
  }
},
{
  "model": "product.productdynamicdescription",
  "pk": 74,
  "fields": {
    "product": 83,
    "field": 3,
    "value": "Порошковая окраска"
  }
},
{
  "model": "product.productdynamicdescription",
  "pk": 75,
  "fields": {
    "product": 83,
    "field": 4,
    "value": "Чёрный"
  }
},
{
  "model": "product.productdynamicdescription",
  "pk": 76,
  "fields": {
    "product": 83,
    "field": 5,
    "value": "1450x700x220 мм"
  }
},
{
  "model": "product.productdynamicdescription",
  "pk": 77,
  "fields": {
    "product": 83,
    "field": 1,
    "value": "48,0 кг"
  }
},
{
  "model": "product.productdynamicdescription",
  "pk": 78,
  "fields": {
    "product": 83,
    "field": 7,
    "value": "12 мес."
  }
},
{
  "model": "product.productdynamicdescription",
  "pk": 79,
  "fields": {
    "product": 83,
    "field": 8,
    "value": "Россия"
  }
},
{
  "model": "product.productdynamicdescription",
  "pk": 80,
  "fields": {
    "product": 83,
    "field": 9,
    "value": "Автопродукт"
  }
},
{
  "model": "product.productdynamicdescription",
  "pk": 81,
  "fields": {
    "product": 84,
    "field": 1,
    "value": "9,2 кг"
  }
},
{
  "model": "product.productdynamicdescription",
  "pk": 82,
  "fields": {
    "product": 84,
    "field": 2,
    "value": "Ст20"
  }
},
{
  "model": "product.productdynamicdescription",
  "pk": 83,
  "fields": {
    "product": 84,
    "field": 3,
    "value": "Порошковое покрытие"
  }
},
{
  "model": "product.productdynamicdescription",
  "pk": 84,
  "fields": {
    "product": 84,
    "field": 4,
    "value": "Черный"
  }
},
{
  "model": "product.productdynamicdescription",
  "pk": 85,
  "fields": {
    "product": 84,
    "field": 5,
    "value": "650x430x100 мм"
  }
},
{
  "model": "product.productdynamicdescription",
  "pk": 86,
  "fields": {
    "product": 84,
    "field": 8,
    "value": "Россия"
  }
},
{
  "model": "product.productdynamicdescription",
  "pk": 87,
  "fields": {
    "product": 84,
    "field": 9,
    "value": "Автопродукт"
  }
},
{
  "model": "product.productdynamicdescription",
  "pk": 88,
  "fields": {
    "product": 84,
    "field": 7,
    "value": "12 мес."
  }
},
{
  "model": "product.productdynamicdescription",
  "pk": 89,
  "fields": {
    "product": 85,
    "field": 1,
    "value": "3,6 кг"
  }
},
{
  "model": "product.productdynamicdescription",
  "pk": 90,
  "fields": {
    "product": 85,
    "field": 2,
    "value": "Ст20"
  }
},
{
  "model": "product.productdynamicdescription",
  "pk": 91,
  "fields": {
    "product": 85,
    "field": 3,
    "value": "Порошковое покрытие"
  }
},
{
  "model": "product.productdynamicdescription",
  "pk": 92,
  "fields": {
    "product": 85,
    "field": 4,
    "value": "Черный"
  }
},
{
  "model": "product.productdynamicdescription",
  "pk": 93,
  "fields": {
    "product": 85,
    "field": 5,
    "value": "980x200x160 мм"
  }
},
{
  "model": "product.productdynamicdescription",
  "pk": 94,
  "fields": {
    "product": 85,
    "field": 8,
    "value": "Россия"
  }
},
{
  "model": "product.productdynamicdescription",
  "pk": 95,
  "fields": {
    "product": 85,
    "field": 9,
    "value": "Автопродукт"
  }
},
{
  "model": "product.productdynamicdescription",
  "pk": 96,
  "fields": {
    "product": 85,
    "field": 7,
    "value": "24 мес."
  }
},
{
  "model": "product.productdynamicdescription",
  "pk": 97,
  "fields": {
    "product": 86,
    "field": 1,
    "value": "18,05 кг"
  }
},
{
  "model": "product.productdynamicdescription",
  "pk": 98,
  "fields": {
    "product": 86,
    "field": 2,
    "value": "Сталь 20"
  }
},
{
  "model": "product.productdynamicdescription",
  "pk": 99,
  "fields": {
    "product": 86,
    "field": 3,
    "value": "Дробеструйная обработка, порошковая окраска"
  }
},
{
  "model": "product.productdynamicdescription",
  "pk": 100,
  "fields": {
    "product": 86,
    "field": 4,
    "value": "Чёрный"
  }
},
{
  "model": "product.productdynamicdescription",
  "pk": 101,
  "fields": {
    "product": 86,
    "field": 5,
    "value": "1045x840x210 мм"
  }
},
{
  "model": "product.productdynamicdescription",
  "pk": 102,
  "fields": {
    "product": 86,
    "field": 6,
    "value": "0,18434 м3"
  }
},
{
  "model": "product.productdynamicdescription",
  "pk": 103,
  "fields": {
    "product": 86,
    "field": 8,
    "value": "Россия"
  }
},
{
  "model": "product.productdynamicdescription",
  "pk": 104,
  "fields": {
    "product": 86,
    "field": 9,
    "value": "Автопродукт"
  }
},
{
  "model": "product.productdynamicdescription",
  "pk": 105,
  "fields": {
    "product": 86,
    "field": 7,
    "value": "ПОЖИЗНЕННАЯ!(на раму), на рычаги 3 года."
  }
},
{
  "model": "product.productdynamicdescription",
  "pk": 106,
  "fields": {
    "product": 87,
    "field": 1,
    "value": "4,5 кг"
  }
},
{
  "model": "product.productdynamicdescription",
  "pk": 107,
  "fields": {
    "product": 87,
    "field": 2,
    "value": "Сталь"
  }
},
{
  "model": "product.productdynamicdescription",
  "pk": 108,
  "fields": {
    "product": 87,
    "field": 5,
    "value": "564x630x139 мм"
  }
},
{
  "model": "product.productdynamicdescription",
  "pk": 109,
  "fields": {
    "product": 87,
    "field": 6,
    "value": "0,04939 м3"
  }
},
{
  "model": "product.productdynamicdescription",
  "pk": 110,
  "fields": {
    "product": 87,
    "field": 8,
    "value": "Россия"
  }
},
{
  "model": "product.productdynamicdescription",
  "pk": 111,
  "fields": {
    "product": 87,
    "field": 9,
    "value": "Автопродукт"
  }
},
{
  "model": "product.productdynamicdescription",
  "pk": 112,
  "fields": {
    "product": 87,
    "field": 10,
    "value": "2 мм"
  }
},
{
  "model": "product.productdynamicdescription",
  "pk": 113,
  "fields": {
    "product": 88,
    "field": 1,
    "value": "1,95 кг"
  }
},
{
  "model": "product.productdynamicdescription",
  "pk": 114,
  "fields": {
    "product": 88,
    "field": 4,
    "value": "Красный"
  }
},
{
  "model": "product.productdynamicdescription",
  "pk": 115,
  "fields": {
    "product": 88,
    "field": 5,
    "value": "1213x178x63 мм"
  }
},
{
  "model": "product.productdynamicdescription",
  "pk": 116,
  "fields": {
    "product": 88,
    "field": 6,
    "value": "0,0136 м3"
  }
},
{
  "model": "product.productdynamicdescription",
  "pk": 117,
  "fields": {
    "product": 88,
    "field": 8,
    "value": "Россия"
  }
},
{
  "model": "product.productdynamicdescription",
  "pk": 118,
  "fields": {
    "product": 88,
    "field": 9,
    "value": "Автопродукт"
  }
},
{
  "model": "product.productdynamicdescription",
  "pk": 119,
  "fields": {
    "product": 88,
    "field": 7,
    "value": "24 мес."
  }
},
{
  "model": "product.productdynamicdescription",
  "pk": 120,
  "fields": {
    "product": 89,
    "field": 4,
    "value": "Красный"
  }
},
{
  "model": "product.productdynamicdescription",
  "pk": 121,
  "fields": {
    "product": 89,
    "field": 5,
    "value": "600x113x110 мм"
  }
},
{
  "model": "product.productdynamicdescription",
  "pk": 122,
  "fields": {
    "product": 89,
    "field": 1,
    "value": "2,05 кг"
  }
},
{
  "model": "product.productdynamicdescription",
  "pk": 123,
  "fields": {
    "product": 89,
    "field": 6,
    "value": "0,00746 м3"
  }
},
{
  "model": "product.productdynamicdescription",
  "pk": 124,
  "fields": {
    "product": 89,
    "field": 7,
    "value": "24 мес."
  }
},
{
  "model": "product.productdynamicdescription",
  "pk": 125,
  "fields": {
    "product": 89,
    "field": 8,
    "value": "Россия"
  }
},
{
  "model": "product.productdynamicdescription",
  "pk": 126,
  "fields": {
    "product": 89,
    "field": 9,
    "value": "Автопродукт"
  }
},
{
  "model": "product.productdynamicdescription",
  "pk": 127,
  "fields": {
    "product": 90,
    "field": 4,
    "value": "Чёрный"
  }
},
{
  "model": "product.productdynamicdescription",
  "pk": 128,
  "fields": {
    "product": 90,
    "field": 5,
    "value": "650x410x90 мм"
  }
},
{
  "model": "product.productdynamicdescription",
  "pk": 129,
  "fields": {
    "product": 90,
    "field": 1,
    "value": "8,95 кг"
  }
},
{
  "model": "product.productdynamicdescription",
  "pk": 130,
  "fields": {
    "product": 90,
    "field": 6,
    "value": "0,02399 м3"
  }
},
{
  "model": "product.productdynamicdescription",
  "pk": 131,
  "fields": {
    "product": 90,
    "field": 7,
    "value": "24 мес."
  }
},
{
  "model": "product.productdynamicdescription",
  "pk": 132,
  "fields": {
    "product": 90,
    "field": 8,
    "value": "Россия"
  }
},
{
  "model": "product.productdynamicdescription",
  "pk": 133,
  "fields": {
    "product": 90,
    "field": 9,
    "value": "Автопродукт"
  }
},
{
  "model": "garage.brand",
  "pk": 1,
  "fields": {
    "name": "Lada"
  }
},
{
  "model": "garage.brand",
  "pk": 2,
  "fields": {
    "name": "Chevrolet"
  }
},
{
  "model": "garage.brand",
  "pk": 3,
  "fields": {
    "name": "Datsun"
  }
},
{
  "model": "garage.brand",
  "pk": 4,
  "fields": {
    "name": "Renault"
  }
},
{
  "model": "garage.brand",
  "pk": 5,
  "fields": {
    "name": "Honda"
  }
},
{
  "model": "garage.model",
  "pk": 1,
  "fields": {
    "brand": 1,
    "name": "Vesta NG",
    "image": "model_car/1758971951.990612Vesta_NG_.jpg"
  }
},
{
  "model": "garage.model",
  "pk": 2,
  "fields": {
    "brand": 1,
    "name": "Vesta",
    "image": "model_car/1758971940.212529Vesta_.jpg"
  }
},
{
  "model": "garage.model",
  "pk": 3,
  "fields": {
    "brand": 1,
    "name": "Vesta Sport",
    "image": ""
  }
},
{
  "model": "garage.model",
  "pk": 4,
  "fields": {
    "brand": 1,
    "name": "X-Ray",
    "image": ""
  }
},
{
  "model": "garage.model",
  "pk": 5,
  "fields": {
    "brand": 1,
    "name": "Kalina",
    "image": "model_car/1758971926.621773Kalina_.jpg"
  }
},
{
  "model": "garage.model",
  "pk": 6,
  "fields": {
    "brand": 1,
    "name": "Kalina 2",
    "image": "model_car/1758971917.105253Kalina_2_.jpg"
  }
},
{
  "model": "garage.model",
  "pk": 7,
  "fields": {
    "brand": 1,
    "name": "Kalina Sport",
    "image": "model_car/1758971904.564182Kalina_Sport_.jpg"
  }
},
{
  "model": "garage.model",
  "pk": 8,
  "fields": {
    "brand": 1,
    "name": "Kalina 2 Sport",
    "image": ""
  }
},
{
  "model": "garage.model",
  "pk": 9,
  "fields": {
    "brand": 1,
    "name": "Granta",
    "image": "model_car/1758971867.447155Granta_.jpg"
  }
},
{
  "model": "garage.model",
  "pk": 10,
  "fields": {
    "brand": 1,
    "name": "Kalina NFR",
    "image": ""
  }
},
{
  "model": "garage.model",
  "pk": 11,
  "fields": {
    "brand": 1,
    "name": "Granta GL",
    "image": ""
  }
},
{
  "model": "garage.model",
  "pk": 12,
  "fields": {
    "brand": 1,
    "name": "Granta Sport",
    "image": "model_car/1758971823.157159Granta_Sport_.jpg"
  }
},
{
  "model": "garage.model",
  "pk": 13,
  "fields": {
    "brand": 1,
    "name": "Priora",
    "image": "model_car/1758971811.463941Priora_.jpg"
  }
},
{
  "model": "garage.model",
  "pk": 14,
  "fields": {
    "brand": 1,
    "name": "110",
    "image": "model_car/1758971767.064725110_.jpg"
  }
},
{
  "model": "garage.model",
  "pk": 15,
  "fields": {
    "brand": 1,
    "name": "Samara",
    "image": "model_car/1759508785.094672Samara_.jpg"
  }
},
{
  "model": "garage.model",
  "pk": 16,
  "fields": {
    "brand": 1,
    "name": "Samara 2",
    "image": "model_car/1759508785.101802Samara_2_.jpg"
  }
},
{
  "model": "garage.garage",
  "pk": 1,
  "fields": {
    "user": [
      "xomma"
    ]
  }
},
{
  "model": "garage.garage",
  "pk": 3,
  "fields": {
    "user": [
      "hom9ki"
    ]
  }
},
{
  "model": "garage.usercar",
  "pk": 1,
  "fields": {
    "garage": 1,
    "car_model": 2,
    "is_main": true
  }
},
{
  "model": "garage.usercar",
  "pk": 6,
  "fields": {
    "garage": 3,
    "car_model": 5,
    "is_main": false
  }
},
{
  "model": "garage.usercar",
  "pk": 7,
  "fields": {
    "garage": 3,
    "car_model": 9,
    "is_main": false
  }
},
{
  "model": "garage.usercar",
  "pk": 8,
  "fields": {
    "garage": 1,
    "car_model": 13,
    "is_main": false
  }
},
{
  "model": "garage.usercar",
  "pk": 12,
  "fields": {
    "garage": 1,
    "car_model": 6,
    "is_main": false
  }
},
{
  "model": "feedback.productreview",
  "pk": 1,
  "fields": {
    "user": [
      "xomma"
    ],
    "text": "Подошёл без допиливании, все прекрасно",
    "rating": 0,
    "created_at": "2025-10-05T14:29:07.258Z",
    "product": 2
  }
},
{
  "model": "feedback.productreview",
  "pk": 2,
  "fields": {
    "user": [
      "xomma"
    ],
    "text": "ркипмлоывтмывтмдл",
    "rating": 0,
    "created_at": "2025-10-05T15:39:47.001Z",
    "product": 4
  }
},
{
  "model": "feedback.productreview",
  "pk": 3,
  "fields": {
    "user": [
      "xomma"
    ],
    "text": "smcjsnjcvknsklcndks",
    "rating": 0,
    "created_at": "2025-10-12T17:40:33.968Z",
    "product": 7
  }
},
{
  "model": "feedback.setreview",
  "pk": 1,
  "fields": {
    "user": [
      "hom9ki"
    ],
    "text": "Хороший комплект",
    "rating": 5,
    "created_at": "2025-10-05T19:48:27.684Z",
    "set": 2
  }
},
{
  "model": "feedback.productquestion",
  "pk": 1,
  "fields": {
    "user": [
      "hom9ki"
    ],
    "text": "ыьтсывьтслымло",
    "created_at": "2025-10-05T15:08:13.707Z",
    "is_answered": true,
    "product": 2
  }
},
{
  "model": "feedback.setquestion",
  "pk": 3,
  "fields": {
    "user": [
      "hom9ki"
    ],
    "text": "ывормиывислоивсолы",
    "created_at": "2025-10-05T14:18:18.429Z",
    "is_answered": true,
    "set": 1
  }
},
{
  "model": "feedback.setquestion",
  "pk": 4,
  "fields": {
    "user": [
      "hom9ki"
    ],
    "text": "kjsdnvklsdnvnsdvi",
    "created_at": "2025-10-05T20:11:44.720Z",
    "is_answered": true,
    "set": 2
  }
},
{
  "model": "feedback.answer",
  "pk": 4,
  "fields": {
    "user": [
      "xomma"
    ],
    "text": "Добрый день.\r\nНет, данный комплект подходит только для автомобилей семейства Vesta",
    "created_at": "2025-10-05T14:16:00.452Z",
    "content_type": [
      "feedback",
      "setquestion"
    ],
    "object_id": 2
  }
},
{
  "model": "feedback.answer",
  "pk": 5,
  "fields": {
    "user": [
      "xomma"
    ],
    "text": "jhdfhjsdcs",
    "created_at": "2025-10-05T14:18:27.977Z",
    "content_type": [
      "feedback",
      "setquestion"
    ],
    "object_id": 3
  }
},
{
  "model": "feedback.answer",
  "pk": 6,
  "fields": {
    "user": [
      "xomma"
    ],
    "text": "ьрывисывислоыивлосивы",
    "created_at": "2025-10-05T15:12:51.789Z",
    "content_type": [
      "feedback",
      "productquestion"
    ],
    "object_id": 1
  }
},
{
  "model": "feedback.answer",
  "pk": 7,
  "fields": {
    "user": [
      "xomma"
    ],
    "text": "jksndcvkjsdbnvkj",
    "created_at": "2025-10-05T20:15:08.455Z",
    "content_type": [
      "feedback",
      "setquestion"
    ],
    "object_id": 4
  }
},
{
  "model": "admin.logentry",
  "pk": 1,
  "fields": {
    "action_time": "2025-08-29T08:55:22.810Z",
    "user": [
      "xomma"
    ],
    "content_type": [
      "users",
      "customuser"
    ],
    "object_id": "1",
    "object_repr": "xomma",
    "action_flag": 2,
    "change_message": "[{\"changed\": {\"fields\": [\"First name\", \"Last name\"]}}]"
  }
},
{
  "model": "admin.logentry",
  "pk": 2,
  "fields": {
    "action_time": "2025-08-29T08:57:07.901Z",
    "user": [
      "xomma"
    ],
    "content_type": [
      "users",
      "customuser"
    ],
    "object_id": "2",
    "object_repr": "Lose",
    "action_flag": 1,
    "change_message": "[{\"added\": {}}]"
  }
},
{
  "model": "admin.logentry",
  "pk": 3,
  "fields": {
    "action_time": "2025-08-29T08:57:55.130Z",
    "user": [
      "xomma"
    ],
    "content_type": [
      "users",
      "customuser"
    ],
    "object_id": "3",
    "object_repr": "DW",
    "action_flag": 1,
    "change_message": "[{\"added\": {}}]"
  }
},
{
  "model": "admin.logentry",
  "pk": 4,
  "fields": {
    "action_time": "2025-08-29T09:01:14.388Z",
    "user": [
      "xomma"
    ],
    "content_type": [
      "users",
      "customuser"
    ],
    "object_id": "1",
    "object_repr": "xomma",
    "action_flag": 2,
    "change_message": "[{\"changed\": {\"fields\": [\"\\u0410\\u0432\\u0430\\u0442\\u0430\\u0440\"]}}]"
  }
},
{
  "model": "admin.logentry",
  "pk": 5,
  "fields": {
    "action_time": "2025-08-29T15:28:29.775Z",
    "user": [
      "xomma"
    ],
    "content_type": [
      "users",
      "customuser"
    ],
    "object_id": "3",
    "object_repr": "DW",
    "action_flag": 3,
    "change_message": ""
  }
},
{
  "model": "admin.logentry",
  "pk": 6,
  "fields": {
    "action_time": "2025-08-29T15:28:29.775Z",
    "user": [
      "xomma"
    ],
    "content_type": [
      "users",
      "customuser"
    ],
    "object_id": "2",
    "object_repr": "Lose",
    "action_flag": 3,
    "change_message": ""
  }
},
{
  "model": "admin.logentry",
  "pk": 7,
  "fields": {
    "action_time": "2025-08-30T12:05:03.219Z",
    "user": [
      "xomma"
    ],
    "content_type": [
      "product",
      "supercategory"
    ],
    "object_id": "1",
    "object_repr": "Двигатель",
    "action_flag": 1,
    "change_message": "[{\"added\": {}}]"
  }
},
{
  "model": "admin.logentry",
  "pk": 8,
  "fields": {
    "action_time": "2025-08-30T12:05:24.378Z",
    "user": [
      "xomma"
    ],
    "content_type": [
      "product",
      "supercategory"
    ],
    "object_id": "2",
    "object_repr": "Трансмиссия",
    "action_flag": 1,
    "change_message": "[{\"added\": {}}]"
  }
},
{
  "model": "admin.logentry",
  "pk": 9,
  "fields": {
    "action_time": "2025-08-30T12:05:40.358Z",
    "user": [
      "xomma"
    ],
    "content_type": [
      "product",
      "supercategory"
    ],
    "object_id": "3",
    "object_repr": "Подрамники",
    "action_flag": 1,
    "change_message": "[{\"added\": {}}]"
  }
},
{
  "model": "admin.logentry",
  "pk": 10,
  "fields": {
    "action_time": "2025-08-30T12:05:54.583Z",
    "user": [
      "xomma"
    ],
    "content_type": [
      "product",
      "supercategory"
    ],
    "object_id": "4",
    "object_repr": "Опоры",
    "action_flag": 1,
    "change_message": "[{\"added\": {}}]"
  }
},
{
  "model": "admin.logentry",
  "pk": 11,
  "fields": {
    "action_time": "2025-08-30T12:06:25.591Z",
    "user": [
      "xomma"
    ],
    "content_type": [
      "product",
      "supercategory"
    ],
    "object_id": "5",
    "object_repr": "Растяжки/Распорки",
    "action_flag": 1,
    "change_message": "[{\"added\": {}}]"
  }
},
{
  "model": "admin.logentry",
  "pk": 12,
  "fields": {
    "action_time": "2025-08-30T12:06:59.137Z",
    "user": [
      "xomma"
    ],
    "content_type": [
      "product",
      "subcategory"
    ],
    "object_id": "6",
    "object_repr": "Двигатель - Глушители основные",
    "action_flag": 1,
    "change_message": "[{\"added\": {}}]"
  }
},
{
  "model": "admin.logentry",
  "pk": 13,
  "fields": {
    "action_time": "2025-08-30T12:07:17.349Z",
    "user": [
      "xomma"
    ],
    "content_type": [
      "product",
      "subcategory"
    ],
    "object_id": "7",
    "object_repr": "Двигатель - Дроссельные заслонки",
    "action_flag": 1,
    "change_message": "[{\"added\": {}}]"
  }
},
{
  "model": "admin.logentry",
  "pk": 14,
  "fields": {
    "action_time": "2025-08-30T12:07:31.622Z",
    "user": [
      "xomma"
    ],
    "content_type": [
      "product",
      "subcategory"
    ],
    "object_id": "8",
    "object_repr": "Двигатель - Защиты",
    "action_flag": 1,
    "change_message": "[{\"added\": {}}]"
  }
},
{
  "model": "admin.logentry",
  "pk": 15,
  "fields": {
    "action_time": "2025-08-30T12:08:20.409Z",
    "user": [
      "xomma"
    ],
    "content_type": [
      "product",
      "subcategory"
    ],
    "object_id": "9",
    "object_repr": "Двигатель - Опоры двигателя",
    "action_flag": 1,
    "change_message": "[{\"added\": {}}]"
  }
},
{
  "model": "admin.logentry",
  "pk": 16,
  "fields": {
    "action_time": "2025-08-30T12:08:40.524Z",
    "user": [
      "xomma"
    ],
    "content_type": [
      "product",
      "subcategory"
    ],
    "object_id": "10",
    "object_repr": "Двигатель - Кронштейны генератора",
    "action_flag": 1,
    "change_message": "[{\"added\": {}}]"
  }
},
{
  "model": "admin.logentry",
  "pk": 17,
  "fields": {
    "action_time": "2025-08-30T12:09:28.729Z",
    "user": [
      "xomma"
    ],
    "content_type": [
      "product",
      "subcategory"
    ],
    "object_id": "11",
    "object_repr": "Трансмиссия - Самоблокирующиеся дифференциалы",
    "action_flag": 1,
    "change_message": "[{\"added\": {}}]"
  }
},
{
  "model": "admin.logentry",
  "pk": 18,
  "fields": {
    "action_time": "2025-08-30T12:10:02.132Z",
    "user": [
      "xomma"
    ],
    "content_type": [
      "product",
      "subcategory"
    ],
    "object_id": "12",
    "object_repr": "Двигатель - Шарниры реактивной тяги",
    "action_flag": 1,
    "change_message": "[{\"added\": {}}]"
  }
},
{
  "model": "admin.logentry",
  "pk": 19,
  "fields": {
    "action_time": "2025-08-30T12:10:16.303Z",
    "user": [
      "xomma"
    ],
    "content_type": [
      "product",
      "subcategory"
    ],
    "object_id": "12",
    "object_repr": "Трансмиссия - Шарниры реактивной тяги",
    "action_flag": 2,
    "change_message": "[{\"changed\": {\"fields\": [\"\\u041d\\u0430\\u0434\\u043a\\u0430\\u0442\\u0435\\u0433\\u043e\\u0440\\u0438\\u044f\"]}}]"
  }
},
{
  "model": "admin.logentry",
  "pk": 20,
  "fields": {
    "action_time": "2025-08-31T19:30:44.222Z",
    "user": [
      "xomma"
    ],
    "content_type": [
      "product",
      "product"
    ],
    "object_id": "1",
    "object_repr": "Product object (1)",
    "action_flag": 1,
    "change_message": "[{\"added\": {}}]"
  }
},
{
  "model": "admin.logentry",
  "pk": 21,
  "fields": {
    "action_time": "2025-08-31T19:33:09.602Z",
    "user": [
      "xomma"
    ],
    "content_type": [
      "product",
      "product"
    ],
    "object_id": "2",
    "object_repr": "Product object (2)",
    "action_flag": 1,
    "change_message": "[{\"added\": {}}]"
  }
},
{
  "model": "admin.logentry",
  "pk": 22,
  "fields": {
    "action_time": "2025-08-31T20:02:28.456Z",
    "user": [
      "xomma"
    ],
    "content_type": [
      "product",
      "product"
    ],
    "object_id": "3",
    "object_repr": "Product object (3)",
    "action_flag": 1,
    "change_message": "[{\"added\": {}}, {\"added\": {\"name\": \"\\u0414\\u043e\\u043f\\u043e\\u043b\\u043d\\u0438\\u0442\\u0435\\u043b\\u044c\\u043d\\u043e\\u0435 \\u0438\\u0437\\u043e\\u0431\\u0440\\u0430\\u0436\\u0435\\u043d\\u0438\\u0435\", \"object\": \"AdditionalImage object (1)\"}}, {\"added\": {\"name\": \"\\u0414\\u043e\\u043f\\u043e\\u043b\\u043d\\u0438\\u0442\\u0435\\u043b\\u044c\\u043d\\u043e\\u0435 \\u0438\\u0437\\u043e\\u0431\\u0440\\u0430\\u0436\\u0435\\u043d\\u0438\\u0435\", \"object\": \"AdditionalImage object (2)\"}}, {\"added\": {\"name\": \"\\u0414\\u043e\\u043f\\u043e\\u043b\\u043d\\u0438\\u0442\\u0435\\u043b\\u044c\\u043d\\u043e\\u0435 \\u0438\\u0437\\u043e\\u0431\\u0440\\u0430\\u0436\\u0435\\u043d\\u0438\\u0435\", \"object\": \"AdditionalImage object (3)\"}}, {\"added\": {\"name\": \"\\u0414\\u043e\\u043f\\u043e\\u043b\\u043d\\u0438\\u0442\\u0435\\u043b\\u044c\\u043d\\u043e\\u0435 \\u0438\\u0437\\u043e\\u0431\\u0440\\u0430\\u0436\\u0435\\u043d\\u0438\\u0435\", \"object\": \"AdditionalImage object (4)\"}}, {\"added\": {\"name\": \"\\u0414\\u043e\\u043f\\u043e\\u043b\\u043d\\u0438\\u0442\\u0435\\u043b\\u044c\\u043d\\u043e\\u0435 \\u0438\\u0437\\u043e\\u0431\\u0440\\u0430\\u0436\\u0435\\u043d\\u0438\\u0435\", \"object\": \"AdditionalImage object (5)\"}}]"
  }
},
{
  "model": "admin.logentry",
  "pk": 23,
  "fields": {
    "action_time": "2025-09-02T09:10:02.465Z",
    "user": [
      "xomma"
    ],
    "content_type": [
      "product",
      "product"
    ],
    "object_id": "4",
    "object_repr": "Универсальный стальной кронштейн генератора с мех....",
    "action_flag": 1,
    "change_message": "[{\"added\": {}}]"
  }
},
{
  "model": "admin.logentry",
  "pk": 24,
  "fields": {
    "action_time": "2025-09-02T09:12:15.768Z",
    "user": [
      "xomma"
    ],
    "content_type": [
      "product",
      "product"
    ],
    "object_id": "5",
    "object_repr": "Комплект опор CA, SPORT – ВАЗ 2108-21099, 2113-211...",
    "action_flag": 1,
    "change_message": "[{\"added\": {}}]"
  }
},
{
  "model": "admin.logentry",
  "pk": 25,
  "fields": {
    "action_time": "2025-09-02T09:16:15.657Z",
    "user": [
      "xomma"
    ],
    "content_type": [
      "product",
      "product"
    ],
    "object_id": "6",
    "object_repr": "Растяжка СА – ВАЗ 2110-2112, Приора",
    "action_flag": 1,
    "change_message": "[{\"added\": {}}, {\"added\": {\"name\": \"\\u0414\\u043e\\u043f\\u043e\\u043b\\u043d\\u0438\\u0442\\u0435\\u043b\\u044c\\u043d\\u043e\\u0435 \\u0438\\u0437\\u043e\\u0431\\u0440\\u0430\\u0436\\u0435\\u043d\\u0438\\u0435\", \"object\": \"AdditionalImage object (6)\"}}]"
  }
},
{
  "model": "admin.logentry",
  "pk": 26,
  "fields": {
    "action_time": "2025-09-02T09:19:04.338Z",
    "user": [
      "xomma"
    ],
    "content_type": [
      "product",
      "product"
    ],
    "object_id": "7",
    "object_repr": "Дополнительная опора СА – ВАЗ 2110-2112, Приора",
    "action_flag": 1,
    "change_message": "[{\"added\": {}}]"
  }
},
{
  "model": "admin.logentry",
  "pk": 27,
  "fields": {
    "action_time": "2025-09-02T09:19:49.955Z",
    "user": [
      "xomma"
    ],
    "content_type": [
      "product",
      "hitproduct"
    ],
    "object_id": "1",
    "object_repr": "HitProduct object (1)",
    "action_flag": 1,
    "change_message": "[{\"added\": {}}]"
  }
},
{
  "model": "admin.logentry",
  "pk": 28,
  "fields": {
    "action_time": "2025-09-02T09:19:57.934Z",
    "user": [
      "xomma"
    ],
    "content_type": [
      "product",
      "hitproduct"
    ],
    "object_id": "2",
    "object_repr": "HitProduct object (2)",
    "action_flag": 1,
    "change_message": "[{\"added\": {}}]"
  }
},
{
  "model": "admin.logentry",
  "pk": 29,
  "fields": {
    "action_time": "2025-09-02T09:20:07.310Z",
    "user": [
      "xomma"
    ],
    "content_type": [
      "product",
      "hitproduct"
    ],
    "object_id": "3",
    "object_repr": "HitProduct object (3)",
    "action_flag": 1,
    "change_message": "[{\"added\": {}}]"
  }
},
{
  "model": "admin.logentry",
  "pk": 30,
  "fields": {
    "action_time": "2025-09-02T21:13:00.097Z",
    "user": [
      "xomma"
    ],
    "content_type": [
      "product",
      "subcategory"
    ],
    "object_id": "14",
    "object_repr": "Нет суперкатегории - Пружины",
    "action_flag": 1,
    "change_message": "[{\"added\": {}}]"
  }
},
{
  "model": "admin.logentry",
  "pk": 31,
  "fields": {
    "action_time": "2025-09-02T21:14:45.177Z",
    "user": [
      "xomma"
    ],
    "content_type": [
      "product",
      "supercategory"
    ],
    "object_id": "14",
    "object_repr": "Пружины",
    "action_flag": 3,
    "change_message": ""
  }
},
{
  "model": "admin.logentry",
  "pk": 32,
  "fields": {
    "action_time": "2025-09-03T16:39:09.659Z",
    "user": [
      "xomma"
    ],
    "content_type": [
      "product",
      "subcategory"
    ],
    "object_id": "15",
    "object_repr": "Нет суперкатегории - Пружины",
    "action_flag": 1,
    "change_message": "[{\"added\": {}}]"
  }
},
{
  "model": "admin.logentry",
  "pk": 33,
  "fields": {
    "action_time": "2025-09-03T16:39:43.238Z",
    "user": [
      "xomma"
    ],
    "content_type": [
      "product",
      "supercategory"
    ],
    "object_id": "15",
    "object_repr": "Пружины",
    "action_flag": 2,
    "change_message": "[{\"changed\": {\"fields\": [\"\\u0421\\u0443\\u043f\\u0435\\u0440\\u043a\\u0430\\u0442\\u0435\\u0433\\u043e\\u0440\\u0438\\u044f\"]}}]"
  }
},
{
  "model": "admin.logentry",
  "pk": 34,
  "fields": {
    "action_time": "2025-09-03T16:44:08.980Z",
    "user": [
      "xomma"
    ],
    "content_type": [
      "product",
      "supercategory"
    ],
    "object_id": "15",
    "object_repr": "Пружины",
    "action_flag": 2,
    "change_message": "[{\"changed\": {\"fields\": [\"\\u0421\\u0443\\u043f\\u0435\\u0440\\u043a\\u0430\\u0442\\u0435\\u0433\\u043e\\u0440\\u0438\\u044f\"]}}]"
  }
},
{
  "model": "admin.logentry",
  "pk": 35,
  "fields": {
    "action_time": "2025-09-03T16:44:17.261Z",
    "user": [
      "xomma"
    ],
    "content_type": [
      "product",
      "supercategory"
    ],
    "object_id": "15",
    "object_repr": "Пружины",
    "action_flag": 3,
    "change_message": ""
  }
},
{
  "model": "admin.logentry",
  "pk": 36,
  "fields": {
    "action_time": "2025-09-03T16:44:25.550Z",
    "user": [
      "xomma"
    ],
    "content_type": [
      "product",
      "subcategory"
    ],
    "object_id": "16",
    "object_repr": "Нет суперкатегории - Пружины",
    "action_flag": 1,
    "change_message": "[{\"added\": {}}]"
  }
},
{
  "model": "admin.logentry",
  "pk": 37,
  "fields": {
    "action_time": "2025-09-03T17:33:39.603Z",
    "user": [
      "xomma"
    ],
    "content_type": [
      "product",
      "subcategory"
    ],
    "object_id": "17",
    "object_repr": " Независимая подвеска - Независимая подвеска",
    "action_flag": 1,
    "change_message": "[{\"added\": {}}]"
  }
},
{
  "model": "admin.logentry",
  "pk": 38,
  "fields": {
    "action_time": "2025-09-03T18:43:00.243Z",
    "user": [
      "xomma"
    ],
    "content_type": [
      "product",
      "product"
    ],
    "object_id": "1",
    "object_repr": "Глушитель – ВАЗ 2108, 2109",
    "action_flag": 2,
    "change_message": "[{\"added\": {\"name\": \"\\u0425\\u0430\\u0440\\u0430\\u043a\\u0442\\u0435\\u0440\\u0438\\u0441\\u0442\\u0438\\u043a\\u0438 \\u0442\\u043e\\u0432\\u0430\\u0440\\u0430\", \"object\": \"\\u0422\\u0435\\u0445\\u043d\\u0438\\u0447\\u0435\\u0441\\u043a\\u0438\\u0435 \\u0445\\u0430\\u0440\\u0430\\u043a\\u0442\\u0435\\u0440\\u0438\\u0441\\u0442\\u0438\\u043a\\u0438 \\u0442\\u043e\\u0432\\u0430\\u0440\\u0430 \\u0413\\u043b\\u0443\\u0448\\u0438\\u0442\\u0435\\u043b\\u044c \\u2013 \\u0412\\u0410\\u0417 2108, 2109\"}}]"
  }
},
{
  "model": "admin.logentry",
  "pk": 39,
  "fields": {
    "action_time": "2025-09-03T19:55:49.171Z",
    "user": [
      "xomma"
    ],
    "content_type": [
      "product",
      "product"
    ],
    "object_id": "1",
    "object_repr": "Глушитель – ВАЗ 2108, 2109",
    "action_flag": 2,
    "change_message": "[{\"changed\": {\"fields\": [\"\\u041a\\u043e\\u043b\\u0438\\u0447\\u0435\\u0441\\u0442\\u0432\\u043e\"]}}]"
  }
},
{
  "model": "admin.logentry",
  "pk": 40,
  "fields": {
    "action_time": "2025-09-03T19:57:10.581Z",
    "user": [
      "xomma"
    ],
    "content_type": [
      "product",
      "product"
    ],
    "object_id": "2",
    "object_repr": "Глушитель – ПРИОРА: седан, универсал",
    "action_flag": 2,
    "change_message": "[{\"changed\": {\"fields\": [\"\\u041a\\u043e\\u043b\\u0438\\u0447\\u0435\\u0441\\u0442\\u0432\\u043e\"]}}, {\"added\": {\"name\": \"\\u0425\\u0430\\u0440\\u0430\\u043a\\u0442\\u0435\\u0440\\u0438\\u0441\\u0442\\u0438\\u043a\\u0438 \\u0442\\u043e\\u0432\\u0430\\u0440\\u0430\", \"object\": \"\\u0422\\u0435\\u0445\\u043d\\u0438\\u0447\\u0435\\u0441\\u043a\\u0438\\u0435 \\u0445\\u0430\\u0440\\u0430\\u043a\\u0442\\u0435\\u0440\\u0438\\u0441\\u0442\\u0438\\u043a\\u0438 \\u0442\\u043e\\u0432\\u0430\\u0440\\u0430 \\u0413\\u043b\\u0443\\u0448\\u0438\\u0442\\u0435\\u043b\\u044c \\u2013 \\u041f\\u0420\\u0418\\u041e\\u0420\\u0410: \\u0441\\u0435\\u0434\\u0430\\u043d, \\u0443\\u043d\\u0438\\u0432\\u0435\\u0440\\u0441\\u0430\\u043b\"}}]"
  }
},
{
  "model": "admin.logentry",
  "pk": 41,
  "fields": {
    "action_time": "2025-09-03T20:00:35.591Z",
    "user": [
      "xomma"
    ],
    "content_type": [
      "product",
      "product"
    ],
    "object_id": "7",
    "object_repr": "Дополнительная опора СА – ВАЗ 2110-2112, Приора",
    "action_flag": 2,
    "change_message": "[{\"added\": {\"name\": \"\\u0425\\u0430\\u0440\\u0430\\u043a\\u0442\\u0435\\u0440\\u0438\\u0441\\u0442\\u0438\\u043a\\u0438 \\u0442\\u043e\\u0432\\u0430\\u0440\\u0430\", \"object\": \"\\u0422\\u0435\\u0445\\u043d\\u0438\\u0447\\u0435\\u0441\\u043a\\u0438\\u0435 \\u0445\\u0430\\u0440\\u0430\\u043a\\u0442\\u0435\\u0440\\u0438\\u0441\\u0442\\u0438\\u043a\\u0438 \\u0442\\u043e\\u0432\\u0430\\u0440\\u0430 \\u0414\\u043e\\u043f\\u043e\\u043b\\u043d\\u0438\\u0442\\u0435\\u043b\\u044c\\u043d\\u0430\\u044f \\u043e\\u043f\\u043e\\u0440\\u0430 \\u0421\\u0410 \\u2013 \\u0412\\u0410\\u0417 2110-2112, \\u041f\\u0440\\u0438\\u043e\\u0440\\u0430\"}}]"
  }
},
{
  "model": "admin.logentry",
  "pk": 42,
  "fields": {
    "action_time": "2025-09-03T20:09:47.521Z",
    "user": [
      "xomma"
    ],
    "content_type": [
      "product",
      "product"
    ],
    "object_id": "7",
    "object_repr": "Дополнительная опора СА – ВАЗ 2110-2112, Приора",
    "action_flag": 2,
    "change_message": "[{\"changed\": {\"fields\": [\"\\u041a\\u043e\\u043b\\u0438\\u0447\\u0435\\u0441\\u0442\\u0432\\u043e\"]}}]"
  }
},
{
  "model": "admin.logentry",
  "pk": 43,
  "fields": {
    "action_time": "2025-09-03T20:09:55.847Z",
    "user": [
      "xomma"
    ],
    "content_type": [
      "product",
      "product"
    ],
    "object_id": "5",
    "object_repr": "Комплект опор CA, SPORT – ВАЗ 2108-21099, 2113-211...",
    "action_flag": 2,
    "change_message": "[{\"changed\": {\"fields\": [\"\\u041a\\u043e\\u043b\\u0438\\u0447\\u0435\\u0441\\u0442\\u0432\\u043e\"]}}]"
  }
},
{
  "model": "admin.logentry",
  "pk": 44,
  "fields": {
    "action_time": "2025-09-03T20:10:04.325Z",
    "user": [
      "xomma"
    ],
    "content_type": [
      "product",
      "product"
    ],
    "object_id": "6",
    "object_repr": "Растяжка СА – ВАЗ 2110-2112, Приора",
    "action_flag": 2,
    "change_message": "[{\"changed\": {\"fields\": [\"\\u041a\\u043e\\u043b\\u0438\\u0447\\u0435\\u0441\\u0442\\u0432\\u043e\"]}}]"
  }
},
{
  "model": "admin.logentry",
  "pk": 45,
  "fields": {
    "action_time": "2025-09-03T20:10:15.064Z",
    "user": [
      "xomma"
    ],
    "content_type": [
      "product",
      "product"
    ],
    "object_id": "3",
    "object_repr": "Стальной кронштейн генератора – ВАЗ 2110-2112 с ГУ...",
    "action_flag": 2,
    "change_message": "[{\"changed\": {\"fields\": [\"\\u041a\\u043e\\u043b\\u0438\\u0447\\u0435\\u0441\\u0442\\u0432\\u043e\"]}}]"
  }
},
{
  "model": "admin.logentry",
  "pk": 46,
  "fields": {
    "action_time": "2025-09-03T20:10:27.487Z",
    "user": [
      "xomma"
    ],
    "content_type": [
      "product",
      "product"
    ],
    "object_id": "4",
    "object_repr": "Универсальный стальной кронштейн генератора с мех....",
    "action_flag": 2,
    "change_message": "[{\"changed\": {\"fields\": [\"\\u041a\\u043e\\u043b\\u0438\\u0447\\u0435\\u0441\\u0442\\u0432\\u043e\"]}}]"
  }
},
{
  "model": "admin.logentry",
  "pk": 47,
  "fields": {
    "action_time": "2025-09-03T20:16:51.391Z",
    "user": [
      "xomma"
    ],
    "content_type": [
      "product",
      "product"
    ],
    "object_id": "8",
    "object_repr": "Комплект задних пружин Веста, седан, 2015 г.",
    "action_flag": 1,
    "change_message": "[{\"added\": {}}, {\"added\": {\"name\": \"\\u0414\\u043e\\u043f\\u043e\\u043b\\u043d\\u0438\\u0442\\u0435\\u043b\\u044c\\u043d\\u043e\\u0435 \\u0438\\u0437\\u043e\\u0431\\u0440\\u0430\\u0436\\u0435\\u043d\\u0438\\u0435\", \"object\": \"AdditionalImage object (7)\"}}, {\"added\": {\"name\": \"\\u0414\\u043e\\u043f\\u043e\\u043b\\u043d\\u0438\\u0442\\u0435\\u043b\\u044c\\u043d\\u043e\\u0435 \\u0438\\u0437\\u043e\\u0431\\u0440\\u0430\\u0436\\u0435\\u043d\\u0438\\u0435\", \"object\": \"AdditionalImage object (8)\"}}, {\"added\": {\"name\": \"\\u0414\\u043e\\u043f\\u043e\\u043b\\u043d\\u0438\\u0442\\u0435\\u043b\\u044c\\u043d\\u043e\\u0435 \\u0438\\u0437\\u043e\\u0431\\u0440\\u0430\\u0436\\u0435\\u043d\\u0438\\u0435\", \"object\": \"AdditionalImage object (9)\"}}, {\"added\": {\"name\": \"\\u0414\\u043e\\u043f\\u043e\\u043b\\u043d\\u0438\\u0442\\u0435\\u043b\\u044c\\u043d\\u043e\\u0435 \\u0438\\u0437\\u043e\\u0431\\u0440\\u0430\\u0436\\u0435\\u043d\\u0438\\u0435\", \"object\": \"AdditionalImage object (10)\"}}, {\"added\": {\"name\": \"\\u0414\\u043e\\u043f\\u043e\\u043b\\u043d\\u0438\\u0442\\u0435\\u043b\\u044c\\u043d\\u043e\\u0435 \\u0438\\u0437\\u043e\\u0431\\u0440\\u0430\\u0436\\u0435\\u043d\\u0438\\u0435\", \"object\": \"AdditionalImage object (11)\"}}, {\"added\": {\"name\": \"\\u0414\\u043e\\u043f\\u043e\\u043b\\u043d\\u0438\\u0442\\u0435\\u043b\\u044c\\u043d\\u043e\\u0435 \\u0438\\u0437\\u043e\\u0431\\u0440\\u0430\\u0436\\u0435\\u043d\\u0438\\u0435\", \"object\": \"AdditionalImage object (12)\"}}, {\"added\": {\"name\": \"\\u0414\\u043e\\u043f\\u043e\\u043b\\u043d\\u0438\\u0442\\u0435\\u043b\\u044c\\u043d\\u043e\\u0435 \\u0438\\u0437\\u043e\\u0431\\u0440\\u0430\\u0436\\u0435\\u043d\\u0438\\u0435\", \"object\": \"AdditionalImage object (13)\"}}, {\"added\": {\"name\": \"\\u0414\\u043e\\u043f\\u043e\\u043b\\u043d\\u0438\\u0442\\u0435\\u043b\\u044c\\u043d\\u043e\\u0435 \\u0438\\u0437\\u043e\\u0431\\u0440\\u0430\\u0436\\u0435\\u043d\\u0438\\u0435\", \"object\": \"AdditionalImage object (14)\"}}, {\"added\": {\"name\": \"\\u0425\\u0430\\u0440\\u0430\\u043a\\u0442\\u0435\\u0440\\u0438\\u0441\\u0442\\u0438\\u043a\\u0438 \\u0442\\u043e\\u0432\\u0430\\u0440\\u0430\", \"object\": \"\\u0422\\u0435\\u0445\\u043d\\u0438\\u0447\\u0435\\u0441\\u043a\\u0438\\u0435 \\u0445\\u0430\\u0440\\u0430\\u043a\\u0442\\u0435\\u0440\\u0438\\u0441\\u0442\\u0438\\u043a\\u0438 \\u0442\\u043e\\u0432\\u0430\\u0440\\u0430 \\u041a\\u043e\\u043c\\u043f\\u043b\\u0435\\u043a\\u0442 \\u0437\\u0430\\u0434\\u043d\\u0438\\u0445 \\u043f\\u0440\\u0443\\u0436\\u0438\\u043d \\u0412\\u0435\\u0441\\u0442\\u0430, \\u0441\\u0435\\u0434\\u0430\\u043d, 2015 \\u0433.\"}}]"
  }
},
{
  "model": "admin.logentry",
  "pk": 48,
  "fields": {
    "action_time": "2025-09-04T14:24:21.809Z",
    "user": [
      "xomma"
    ],
    "content_type": [
      "product",
      "productdescription"
    ],
    "object_id": "1",
    "object_repr": "Используйте универсальный стальной кронштейн генератора вместо литых кронштейнов из алюминия 1118-1041034-01, 2190-1041034-00 и 2190-1041034-10: - Точная регулировка усилия натяжения ремня.",
    "action_flag": 1,
    "change_message": "[{\"added\": {}}]"
  }
},
{
  "model": "admin.logentry",
  "pk": 49,
  "fields": {
    "action_time": "2025-09-04T14:25:23.750Z",
    "user": [
      "xomma"
    ],
    "content_type": [
      "product",
      "productdescription"
    ],
    "object_id": "2",
    "object_repr": "Точная регулировка усилия натяжения ремня. - Решает проблему свиста ремня генератора.",
    "action_flag": 1,
    "change_message": "[{\"added\": {}}]"
  }
},
{
  "model": "admin.logentry",
  "pk": 50,
  "fields": {
    "action_time": "2025-09-04T14:25:42.098Z",
    "user": [
      "xomma"
    ],
    "content_type": [
      "product",
      "productdescription"
    ],
    "object_id": "3",
    "object_repr": "Точная регулировка усилия натяжения ремня. - Продлевает срок службы подшипников генератора.",
    "action_flag": 1,
    "change_message": "[{\"added\": {}}]"
  }
},
{
  "model": "admin.logentry",
  "pk": 51,
  "fields": {
    "action_time": "2025-09-04T14:26:28.149Z",
    "user": [
      "xomma"
    ],
    "content_type": [
      "product",
      "productdescription"
    ],
    "object_id": "4",
    "object_repr": "1. Проблемы, решаемые установкой кронштейна генератора: - Свист ремня генератора, и вследствие чего его повышенный износ.",
    "action_flag": 1,
    "change_message": "[{\"added\": {}}]"
  }
},
{
  "model": "admin.logentry",
  "pk": 52,
  "fields": {
    "action_time": "2025-09-04T14:27:11.308Z",
    "user": [
      "xomma"
    ],
    "content_type": [
      "product",
      "productdescription"
    ],
    "object_id": "5",
    "object_repr": "1. Проблемы, решаемые установкой кронштейна генератора: - Сложность конструкции заводского механизма натяжения, при низком качестве комплектующих, и как следствие его ненадежность. Трудоемкость и слож",
    "action_flag": 1,
    "change_message": "[{\"added\": {}}]"
  }
},
{
  "model": "admin.logentry",
  "pk": 53,
  "fields": {
    "action_time": "2025-09-04T14:27:36.602Z",
    "user": [
      "xomma"
    ],
    "content_type": [
      "product",
      "productdescription"
    ],
    "object_id": "6",
    "object_repr": "1. Проблемы, решаемые установкой кронштейна генератора: - Отсутствие регулировки натяжения ремня на8миклапанных моторах Калина / Гранта, что значительно снижает срок службы подшипников генератора.",
    "action_flag": 1,
    "change_message": "[{\"added\": {}}]"
  }
},
{
  "model": "admin.logentry",
  "pk": 54,
  "fields": {
    "action_time": "2025-09-04T14:29:27.111Z",
    "user": [
      "xomma"
    ],
    "content_type": [
      "product",
      "productdescription"
    ],
    "object_id": "7",
    "object_repr": "2. Преимущества установки кронштейна генератора: - Усиленная конструкция.",
    "action_flag": 1,
    "change_message": "[{\"added\": {}}]"
  }
},
{
  "model": "admin.logentry",
  "pk": 55,
  "fields": {
    "action_time": "2025-09-04T14:29:44.358Z",
    "user": [
      "xomma"
    ],
    "content_type": [
      "product",
      "productdescription"
    ],
    "object_id": "8",
    "object_repr": "2. Преимущества установки кронштейна генератора: - Точное позиционирование и установка кронштейна на блок ДВС.",
    "action_flag": 1,
    "change_message": "[{\"added\": {}}]"
  }
},
{
  "model": "admin.logentry",
  "pk": 56,
  "fields": {
    "action_time": "2025-09-04T14:30:10.657Z",
    "user": [
      "xomma"
    ],
    "content_type": [
      "product",
      "productdescription"
    ],
    "object_id": "9",
    "object_repr": "2. Преимущества установки кронштейна генератора: - Удобство регулировки.",
    "action_flag": 1,
    "change_message": "[{\"added\": {}}]"
  }
},
{
  "model": "admin.logentry",
  "pk": 57,
  "fields": {
    "action_time": "2025-09-04T14:30:31.974Z",
    "user": [
      "xomma"
    ],
    "content_type": [
      "product",
      "productdescription"
    ],
    "object_id": "10",
    "object_repr": "2. Преимущества установки кронштейна генератора: - Использование заводского ремня генератора.",
    "action_flag": 1,
    "change_message": "[{\"added\": {}}]"
  }
},
{
  "model": "admin.logentry",
  "pk": 58,
  "fields": {
    "action_time": "2025-09-04T14:30:57.376Z",
    "user": [
      "xomma"
    ],
    "content_type": [
      "product",
      "productdescription"
    ],
    "object_id": "11",
    "object_repr": "2. Преимущества установки кронштейна генератора: - Возможность установки на автомобили с кондиционером.",
    "action_flag": 1,
    "change_message": "[{\"added\": {}}]"
  }
},
{
  "model": "admin.logentry",
  "pk": 59,
  "fields": {
    "action_time": "2025-09-04T21:56:04.500Z",
    "user": [
      "xomma"
    ],
    "content_type": [
      "product",
      "productdescription"
    ],
    "object_id": "11",
    "object_repr": "2. Преимущества установки кронштейна генератора: - Возможность установки на автомобили с кондиционером.",
    "action_flag": 3,
    "change_message": ""
  }
},
{
  "model": "admin.logentry",
  "pk": 60,
  "fields": {
    "action_time": "2025-09-04T21:56:04.500Z",
    "user": [
      "xomma"
    ],
    "content_type": [
      "product",
      "productdescription"
    ],
    "object_id": "10",
    "object_repr": "2. Преимущества установки кронштейна генератора: - Использование заводского ремня генератора.",
    "action_flag": 3,
    "change_message": ""
  }
},
{
  "model": "admin.logentry",
  "pk": 61,
  "fields": {
    "action_time": "2025-09-04T21:56:04.500Z",
    "user": [
      "xomma"
    ],
    "content_type": [
      "product",
      "productdescription"
    ],
    "object_id": "9",
    "object_repr": "2. Преимущества установки кронштейна генератора: - Удобство регулировки.",
    "action_flag": 3,
    "change_message": ""
  }
},
{
  "model": "admin.logentry",
  "pk": 62,
  "fields": {
    "action_time": "2025-09-04T21:56:04.500Z",
    "user": [
      "xomma"
    ],
    "content_type": [
      "product",
      "productdescription"
    ],
    "object_id": "8",
    "object_repr": "2. Преимущества установки кронштейна генератора: - Точное позиционирование и установка кронштейна на блок ДВС.",
    "action_flag": 3,
    "change_message": ""
  }
},
{
  "model": "admin.logentry",
  "pk": 63,
  "fields": {
    "action_time": "2025-09-04T21:56:04.500Z",
    "user": [
      "xomma"
    ],
    "content_type": [
      "product",
      "productdescription"
    ],
    "object_id": "7",
    "object_repr": "2. Преимущества установки кронштейна генератора: - Усиленная конструкция.",
    "action_flag": 3,
    "change_message": ""
  }
},
{
  "model": "admin.logentry",
  "pk": 64,
  "fields": {
    "action_time": "2025-09-04T21:56:04.500Z",
    "user": [
      "xomma"
    ],
    "content_type": [
      "product",
      "productdescription"
    ],
    "object_id": "6",
    "object_repr": "1. Проблемы, решаемые установкой кронштейна генератора: - Отсутствие регулировки натяжения ремня на8миклапанных моторах Калина / Гранта, что значительно снижает срок службы подшипников генератора.",
    "action_flag": 3,
    "change_message": ""
  }
},
{
  "model": "admin.logentry",
  "pk": 65,
  "fields": {
    "action_time": "2025-09-04T21:56:04.500Z",
    "user": [
      "xomma"
    ],
    "content_type": [
      "product",
      "productdescription"
    ],
    "object_id": "5",
    "object_repr": "1. Проблемы, решаемые установкой кронштейна генератора: - Сложность конструкции заводского механизма натяжения, при низком качестве комплектующих, и как следствие его ненадежность. Трудоемкость и слож",
    "action_flag": 3,
    "change_message": ""
  }
},
{
  "model": "admin.logentry",
  "pk": 66,
  "fields": {
    "action_time": "2025-09-04T21:56:04.500Z",
    "user": [
      "xomma"
    ],
    "content_type": [
      "product",
      "productdescription"
    ],
    "object_id": "4",
    "object_repr": "1. Проблемы, решаемые установкой кронштейна генератора: - Свист ремня генератора, и вследствие чего его повышенный износ.",
    "action_flag": 3,
    "change_message": ""
  }
},
{
  "model": "admin.logentry",
  "pk": 67,
  "fields": {
    "action_time": "2025-09-04T21:56:04.500Z",
    "user": [
      "xomma"
    ],
    "content_type": [
      "product",
      "productdescription"
    ],
    "object_id": "3",
    "object_repr": "Точная регулировка усилия натяжения ремня. - Продлевает срок службы подшипников генератора.",
    "action_flag": 3,
    "change_message": ""
  }
},
{
  "model": "admin.logentry",
  "pk": 68,
  "fields": {
    "action_time": "2025-09-04T21:56:04.500Z",
    "user": [
      "xomma"
    ],
    "content_type": [
      "product",
      "productdescription"
    ],
    "object_id": "2",
    "object_repr": "Точная регулировка усилия натяжения ремня. - Решает проблему свиста ремня генератора.",
    "action_flag": 3,
    "change_message": ""
  }
},
{
  "model": "admin.logentry",
  "pk": 69,
  "fields": {
    "action_time": "2025-09-04T21:56:36.323Z",
    "user": [
      "xomma"
    ],
    "content_type": [
      "product",
      "productdescription"
    ],
    "object_id": "1",
    "object_repr": "Используйте универсальный стальной кронштейн генератора вместо литых кронштейнов из алюминия 1118-1041034-01, 2190-1041034-00 и 2190-1041034-10: - Точная регулировка усилия натяжения ремня.-Решает про",
    "action_flag": 2,
    "change_message": "[{\"changed\": {\"fields\": [\"\\u041e\\u043f\\u0438\\u0441\\u0430\\u043d\\u0438\\u0435\"]}}]"
  }
},
{
  "model": "admin.logentry",
  "pk": 70,
  "fields": {
    "action_time": "2025-09-04T21:57:41.121Z",
    "user": [
      "xomma"
    ],
    "content_type": [
      "product",
      "productdescription"
    ],
    "object_id": "12",
    "object_repr": "1. Проблемы, решаемые установкой кронштейна генератора: - Свист ремня генератора, и вследствие чего его повышенный износ.-Сложность конструкции заводского механизма натяжения, при низком качестве комп",
    "action_flag": 1,
    "change_message": "[{\"added\": {}}]"
  }
},
{
  "model": "admin.logentry",
  "pk": 71,
  "fields": {
    "action_time": "2025-09-04T21:59:18.561Z",
    "user": [
      "xomma"
    ],
    "content_type": [
      "product",
      "productdescription"
    ],
    "object_id": "13",
    "object_repr": "Преимущества установки кронштейна генератора: - Усиленная конструкция.-Точное позиционирование и установка кронштейна на блок ДВС.-Удобство регулировки.-Использование заводского ремня генератора.-Возм",
    "action_flag": 1,
    "change_message": "[{\"added\": {}}]"
  }
},
{
  "model": "admin.logentry",
  "pk": 72,
  "fields": {
    "action_time": "2025-09-04T22:00:26.378Z",
    "user": [
      "xomma"
    ],
    "content_type": [
      "product",
      "productdescription"
    ],
    "object_id": "14",
    "object_repr": "Уникальность - Универсальная конструкция позволяет устанавливать кронштейн на8и16клапанные двигатели с кондиционерами и без.-Использование заводских ремней генератора позволяет Вам экономить деньги и ",
    "action_flag": 1,
    "change_message": "[{\"added\": {}}]"
  }
},
{
  "model": "admin.logentry",
  "pk": 73,
  "fields": {
    "action_time": "2025-09-04T22:10:04.208Z",
    "user": [
      "xomma"
    ],
    "content_type": [
      "product",
      "dynamicdescriptionfield"
    ],
    "object_id": "1",
    "object_repr": "Вес",
    "action_flag": 1,
    "change_message": "[{\"added\": {}}]"
  }
},
{
  "model": "admin.logentry",
  "pk": 74,
  "fields": {
    "action_time": "2025-09-04T22:10:36.190Z",
    "user": [
      "xomma"
    ],
    "content_type": [
      "product",
      "productdynamicdescription"
    ],
    "object_id": "1",
    "object_repr": "Универсальный стальной кронштейн генератора с мех. регулировкой, для моторов 8V и 16V с кондиционером и без – Калина, Гранта, Datsun - Вес",
    "action_flag": 1,
    "change_message": "[{\"added\": {}}]"
  }
},
{
  "model": "admin.logentry",
  "pk": 75,
  "fields": {
    "action_time": "2025-09-04T22:13:27.488Z",
    "user": [
      "xomma"
    ],
    "content_type": [
      "product",
      "dynamicdescriptionfield"
    ],
    "object_id": "2",
    "object_repr": "Ммтериал",
    "action_flag": 1,
    "change_message": "[{\"added\": {}}]"
  }
},
{
  "model": "admin.logentry",
  "pk": 76,
  "fields": {
    "action_time": "2025-09-04T22:13:34.174Z",
    "user": [
      "xomma"
    ],
    "content_type": [
      "product",
      "dynamicdescriptionfield"
    ],
    "object_id": "2",
    "object_repr": "Материал",
    "action_flag": 2,
    "change_message": "[{\"changed\": {\"fields\": [\"\\u041d\\u0430\\u0437\\u0432\\u0430\\u043d\\u0438\\u0435 \\u043f\\u043e\\u043b\\u044f\"]}}]"
  }
},
{
  "model": "admin.logentry",
  "pk": 77,
  "fields": {
    "action_time": "2025-09-04T22:14:01.228Z",
    "user": [
      "xomma"
    ],
    "content_type": [
      "product",
      "dynamicdescriptionfield"
    ],
    "object_id": "3",
    "object_repr": "Покрытие",
    "action_flag": 1,
    "change_message": "[{\"added\": {}}]"
  }
},
{
  "model": "admin.logentry",
  "pk": 78,
  "fields": {
    "action_time": "2025-09-04T22:14:15.286Z",
    "user": [
      "xomma"
    ],
    "content_type": [
      "product",
      "dynamicdescriptionfield"
    ],
    "object_id": "4",
    "object_repr": "Цвет",
    "action_flag": 1,
    "change_message": "[{\"added\": {}}]"
  }
},
{
  "model": "admin.logentry",
  "pk": 79,
  "fields": {
    "action_time": "2025-09-04T22:14:31.540Z",
    "user": [
      "xomma"
    ],
    "content_type": [
      "product",
      "dynamicdescriptionfield"
    ],
    "object_id": "5",
    "object_repr": "Габариты",
    "action_flag": 1,
    "change_message": "[{\"added\": {}}]"
  }
},
{
  "model": "admin.logentry",
  "pk": 80,
  "fields": {
    "action_time": "2025-09-04T22:14:47.488Z",
    "user": [
      "xomma"
    ],
    "content_type": [
      "product",
      "dynamicdescriptionfield"
    ],
    "object_id": "6",
    "object_repr": "Объем",
    "action_flag": 1,
    "change_message": "[{\"added\": {}}]"
  }
},
{
  "model": "admin.logentry",
  "pk": 81,
  "fields": {
    "action_time": "2025-09-04T22:15:31.401Z",
    "user": [
      "xomma"
    ],
    "content_type": [
      "product",
      "dynamicdescriptionfield"
    ],
    "object_id": "7",
    "object_repr": "Гарантитя",
    "action_flag": 1,
    "change_message": "[{\"added\": {}}]"
  }
},
{
  "model": "admin.logentry",
  "pk": 82,
  "fields": {
    "action_time": "2025-09-04T22:15:58.275Z",
    "user": [
      "xomma"
    ],
    "content_type": [
      "product",
      "dynamicdescriptionfield"
    ],
    "object_id": "8",
    "object_repr": "Страна производитель",
    "action_flag": 1,
    "change_message": "[{\"added\": {}}]"
  }
},
{
  "model": "admin.logentry",
  "pk": 83,
  "fields": {
    "action_time": "2025-09-04T22:16:33.669Z",
    "user": [
      "xomma"
    ],
    "content_type": [
      "product",
      "productdynamicdescription"
    ],
    "object_id": "2",
    "object_repr": "Универсальный стальной кронштейн генератора с мех. регулировкой, для моторов 8V и 16V с кондиционером и без – Калина, Гранта, Datsun - Материал",
    "action_flag": 1,
    "change_message": "[{\"added\": {}}]"
  }
},
{
  "model": "admin.logentry",
  "pk": 84,
  "fields": {
    "action_time": "2025-09-04T22:23:53.973Z",
    "user": [
      "xomma"
    ],
    "content_type": [
      "product",
      "productdynamicdescription"
    ],
    "object_id": "3",
    "object_repr": "Универсальный стальной кронштейн генератора с мех. регулировкой, для моторов 8V и 16V с кондиционером и без – Калина, Гранта, Datsun - Покрытие",
    "action_flag": 1,
    "change_message": "[{\"added\": {}}]"
  }
},
{
  "model": "admin.logentry",
  "pk": 85,
  "fields": {
    "action_time": "2025-09-04T22:24:10.845Z",
    "user": [
      "xomma"
    ],
    "content_type": [
      "product",
      "productdynamicdescription"
    ],
    "object_id": "4",
    "object_repr": "Универсальный стальной кронштейн генератора с мех. регулировкой, для моторов 8V и 16V с кондиционером и без – Калина, Гранта, Datsun - Цвет",
    "action_flag": 1,
    "change_message": "[{\"added\": {}}]"
  }
},
{
  "model": "admin.logentry",
  "pk": 86,
  "fields": {
    "action_time": "2025-09-04T22:24:32.407Z",
    "user": [
      "xomma"
    ],
    "content_type": [
      "product",
      "productdynamicdescription"
    ],
    "object_id": "5",
    "object_repr": "Универсальный стальной кронштейн генератора с мех. регулировкой, для моторов 8V и 16V с кондиционером и без – Калина, Гранта, Datsun - Габариты",
    "action_flag": 1,
    "change_message": "[{\"added\": {}}]"
  }
},
{
  "model": "admin.logentry",
  "pk": 87,
  "fields": {
    "action_time": "2025-09-04T22:25:02.700Z",
    "user": [
      "xomma"
    ],
    "content_type": [
      "product",
      "productdynamicdescription"
    ],
    "object_id": "6",
    "object_repr": "Универсальный стальной кронштейн генератора с мех. регулировкой, для моторов 8V и 16V с кондиционером и без – Калина, Гранта, Datsun - Объем",
    "action_flag": 1,
    "change_message": "[{\"added\": {}}]"
  }
},
{
  "model": "admin.logentry",
  "pk": 88,
  "fields": {
    "action_time": "2025-09-04T22:25:22.210Z",
    "user": [
      "xomma"
    ],
    "content_type": [
      "product",
      "productdynamicdescription"
    ],
    "object_id": "7",
    "object_repr": "Универсальный стальной кронштейн генератора с мех. регулировкой, для моторов 8V и 16V с кондиционером и без – Калина, Гранта, Datsun - Гарантитя",
    "action_flag": 1,
    "change_message": "[{\"added\": {}}]"
  }
},
{
  "model": "admin.logentry",
  "pk": 89,
  "fields": {
    "action_time": "2025-09-04T22:25:22.390Z",
    "user": [
      "xomma"
    ],
    "content_type": [
      "product",
      "productdynamicdescription"
    ],
    "object_id": "8",
    "object_repr": "Универсальный стальной кронштейн генератора с мех. регулировкой, для моторов 8V и 16V с кондиционером и без – Калина, Гранта, Datsun - Гарантитя",
    "action_flag": 1,
    "change_message": "[{\"added\": {}}]"
  }
},
{
  "model": "admin.logentry",
  "pk": 90,
  "fields": {
    "action_time": "2025-09-04T22:25:40.674Z",
    "user": [
      "xomma"
    ],
    "content_type": [
      "product",
      "productdynamicdescription"
    ],
    "object_id": "9",
    "object_repr": "Универсальный стальной кронштейн генератора с мех. регулировкой, для моторов 8V и 16V с кондиционером и без – Калина, Гранта, Datsun - Страна производитель",
    "action_flag": 1,
    "change_message": "[{\"added\": {}}]"
  }
},
{
  "model": "admin.logentry",
  "pk": 91,
  "fields": {
    "action_time": "2025-09-04T22:26:00.651Z",
    "user": [
      "xomma"
    ],
    "content_type": [
      "product",
      "dynamicdescriptionfield"
    ],
    "object_id": "9",
    "object_repr": "Бренд",
    "action_flag": 1,
    "change_message": "[{\"added\": {}}]"
  }
},
{
  "model": "admin.logentry",
  "pk": 92,
  "fields": {
    "action_time": "2025-09-04T22:26:24.060Z",
    "user": [
      "xomma"
    ],
    "content_type": [
      "product",
      "productdynamicdescription"
    ],
    "object_id": "10",
    "object_repr": "Универсальный стальной кронштейн генератора с мех. регулировкой, для моторов 8V и 16V с кондиционером и без – Калина, Гранта, Datsun - Бренд",
    "action_flag": 1,
    "change_message": "[{\"added\": {}}]"
  }
},
{
  "model": "admin.logentry",
  "pk": 93,
  "fields": {
    "action_time": "2025-09-04T22:33:04.224Z",
    "user": [
      "xomma"
    ],
    "content_type": [
      "product",
      "productdescription"
    ],
    "object_id": "15",
    "object_repr": "Что дает замена пружин? - Ровная посадка автомобиля устраните дисбаланс и перекос кузова.-Отзывчивое управление стабильность и предсказуемость в поворотах.-Лучшее сцепление с дорогой уверенность даже ",
    "action_flag": 1,
    "change_message": "[{\"added\": {}}]"
  }
},
{
  "model": "admin.logentry",
  "pk": 94,
  "fields": {
    "action_time": "2025-09-04T22:36:34.292Z",
    "user": [
      "xomma"
    ],
    "content_type": [
      "product",
      "productdescription"
    ],
    "object_id": "16",
    "object_repr": "Почему наши пружины это новый стандарт качества? - Выдерживают экстремальные нагрузки\r\n(Испытания доказали до 1500 000 циклов в городских условиях и до 500 000 циклов на бездорожье. Закаленная пружинн",
    "action_flag": 1,
    "change_message": "[{\"added\": {}}]"
  }
},
{
  "model": "admin.logentry",
  "pk": 95,
  "fields": {
    "action_time": "2025-09-04T22:37:14.505Z",
    "user": [
      "xomma"
    ],
    "content_type": [
      "product",
      "productdescription"
    ],
    "object_id": "17",
    "object_repr": "Комплектация: - Пружина задняя 2 шт.",
    "action_flag": 1,
    "change_message": "[{\"added\": {}}]"
  }
},
{
  "model": "admin.logentry",
  "pk": 96,
  "fields": {
    "action_time": "2025-09-04T22:38:11.300Z",
    "user": [
      "xomma"
    ],
    "content_type": [
      "product",
      "productdynamicdescription"
    ],
    "object_id": "11",
    "object_repr": "Комплект задних пружин Веста, седан, 2015 г. - Материал",
    "action_flag": 1,
    "change_message": "[{\"added\": {}}]"
  }
},
{
  "model": "admin.logentry",
  "pk": 97,
  "fields": {
    "action_time": "2025-09-04T22:38:33.476Z",
    "user": [
      "xomma"
    ],
    "content_type": [
      "product",
      "productdynamicdescription"
    ],
    "object_id": "12",
    "object_repr": "Комплект задних пружин Веста, седан, 2015 г. - Покрытие",
    "action_flag": 1,
    "change_message": "[{\"added\": {}}]"
  }
},
{
  "model": "admin.logentry",
  "pk": 98,
  "fields": {
    "action_time": "2025-09-04T22:38:52.284Z",
    "user": [
      "xomma"
    ],
    "content_type": [
      "product",
      "productdynamicdescription"
    ],
    "object_id": "13",
    "object_repr": "Комплект задних пружин Веста, седан, 2015 г. - Цвет",
    "action_flag": 1,
    "change_message": "[{\"added\": {}}]"
  }
},
{
  "model": "admin.logentry",
  "pk": 99,
  "fields": {
    "action_time": "2025-09-04T22:39:12.139Z",
    "user": [
      "xomma"
    ],
    "content_type": [
      "product",
      "productdynamicdescription"
    ],
    "object_id": "14",
    "object_repr": "Комплект задних пружин Веста, седан, 2015 г. - Гарантитя",
    "action_flag": 1,
    "change_message": "[{\"added\": {}}]"
  }
},
{
  "model": "admin.logentry",
  "pk": 100,
  "fields": {
    "action_time": "2025-09-04T22:39:34.522Z",
    "user": [
      "xomma"
    ],
    "content_type": [
      "product",
      "productdynamicdescription"
    ],
    "object_id": "15",
    "object_repr": "Комплект задних пружин Веста, седан, 2015 г. - Страна производитель",
    "action_flag": 1,
    "change_message": "[{\"added\": {}}]"
  }
},
{
  "model": "admin.logentry",
  "pk": 101,
  "fields": {
    "action_time": "2025-09-04T22:39:51.823Z",
    "user": [
      "xomma"
    ],
    "content_type": [
      "product",
      "productdynamicdescription"
    ],
    "object_id": "16",
    "object_repr": "Комплект задних пружин Веста, седан, 2015 г. - Бренд",
    "action_flag": 1,
    "change_message": "[{\"added\": {}}]"
  }
},
{
  "model": "admin.logentry",
  "pk": 102,
  "fields": {
    "action_time": "2025-09-05T21:45:50.231Z",
    "user": [
      "xomma"
    ],
    "content_type": [
      "product",
      "productdescription"
    ],
    "object_id": "12",
    "object_repr": "Проблемы, решаемые установкой кронштейна генератора: - Свист ремня генератора, и вследствие чего его повышенный износ.-Сложность конструкции заводского механизма натяжения, при низком качестве комплек",
    "action_flag": 2,
    "change_message": "[{\"changed\": {\"fields\": [\"\\u0422\\u0438\\u043f \\u043e\\u043f\\u0438\\u0441\\u0430\\u043d\\u0438\\u044f\"]}}]"
  }
},
{
  "model": "admin.logentry",
  "pk": 103,
  "fields": {
    "action_time": "2025-09-05T22:20:59.310Z",
    "user": [
      "xomma"
    ],
    "content_type": [
      "product",
      "dynamicdescriptionfield"
    ],
    "object_id": "7",
    "object_repr": "Гарантия",
    "action_flag": 2,
    "change_message": "[{\"changed\": {\"fields\": [\"\\u041d\\u0430\\u0437\\u0432\\u0430\\u043d\\u0438\\u0435 \\u043f\\u043e\\u043b\\u044f\"]}}]"
  }
},
{
  "model": "admin.logentry",
  "pk": 104,
  "fields": {
    "action_time": "2025-09-06T11:57:13.899Z",
    "user": [
      "xomma"
    ],
    "content_type": [
      "product",
      "subcategory"
    ],
    "object_id": "8",
    "object_repr": "Двигатель - Защиты",
    "action_flag": 3,
    "change_message": ""
  }
},
{
  "model": "admin.logentry",
  "pk": 105,
  "fields": {
    "action_time": "2025-09-06T11:57:45.578Z",
    "user": [
      "xomma"
    ],
    "content_type": [
      "product",
      "supercategory"
    ],
    "object_id": "18",
    "object_repr": "Защиты",
    "action_flag": 1,
    "change_message": "[{\"added\": {}}]"
  }
},
{
  "model": "admin.logentry",
  "pk": 106,
  "fields": {
    "action_time": "2025-09-06T12:01:40.211Z",
    "user": [
      "xomma"
    ],
    "content_type": [
      "product",
      "supercategory"
    ],
    "object_id": "19",
    "object_repr": "Рулевое управление",
    "action_flag": 1,
    "change_message": "[{\"added\": {}}]"
  }
},
{
  "model": "admin.logentry",
  "pk": 107,
  "fields": {
    "action_time": "2025-09-06T12:02:37.134Z",
    "user": [
      "xomma"
    ],
    "content_type": [
      "product",
      "supercategory"
    ],
    "object_id": "20",
    "object_repr": "Рычаги задние/Балки/Проставки",
    "action_flag": 1,
    "change_message": "[{\"added\": {}}]"
  }
},
{
  "model": "admin.logentry",
  "pk": 108,
  "fields": {
    "action_time": "2025-09-06T12:03:19.272Z",
    "user": [
      "xomma"
    ],
    "content_type": [
      "product",
      "supercategory"
    ],
    "object_id": "21",
    "object_repr": "Стойки",
    "action_flag": 1,
    "change_message": "[{\"added\": {}}]"
  }
},
{
  "model": "admin.logentry",
  "pk": 109,
  "fields": {
    "action_time": "2025-09-06T12:05:56.760Z",
    "user": [
      "xomma"
    ],
    "content_type": [
      "product",
      "subcategory"
    ],
    "object_id": "22",
    "object_repr": "Подрамники - Подрамник без рычагов",
    "action_flag": 1,
    "change_message": "[{\"added\": {}}]"
  }
},
{
  "model": "admin.logentry",
  "pk": 110,
  "fields": {
    "action_time": "2025-09-06T12:07:08.326Z",
    "user": [
      "xomma"
    ],
    "content_type": [
      "product",
      "subcategory"
    ],
    "object_id": "23",
    "object_repr": "Подрамники - Подрамник с жесткими рычагами",
    "action_flag": 1,
    "change_message": "[{\"added\": {}}]"
  }
},
{
  "model": "admin.logentry",
  "pk": 111,
  "fields": {
    "action_time": "2025-09-06T12:07:35.760Z",
    "user": [
      "xomma"
    ],
    "content_type": [
      "product",
      "subcategory"
    ],
    "object_id": "24",
    "object_repr": "Подрамники - Комплектующие для подрамников",
    "action_flag": 1,
    "change_message": "[{\"added\": {}}]"
  }
},
{
  "model": "admin.logentry",
  "pk": 112,
  "fields": {
    "action_time": "2025-09-06T12:10:15.236Z",
    "user": [
      "xomma"
    ],
    "content_type": [
      "product",
      "subcategory"
    ],
    "object_id": "25",
    "object_repr": "Защиты - Защита для подрамника",
    "action_flag": 1,
    "change_message": "[{\"added\": {}}]"
  }
},
{
  "model": "admin.logentry",
  "pk": 113,
  "fields": {
    "action_time": "2025-09-06T12:18:23.000Z",
    "user": [
      "xomma"
    ],
    "content_type": [
      "product",
      "subcategory"
    ],
    "object_id": "26",
    "object_repr": "Опоры - Нива",
    "action_flag": 1,
    "change_message": "[{\"added\": {}}]"
  }
},
{
  "model": "admin.logentry",
  "pk": 114,
  "fields": {
    "action_time": "2025-09-06T13:02:41.563Z",
    "user": [
      "xomma"
    ],
    "content_type": [
      "product",
      "subcategory"
    ],
    "object_id": "27",
    "object_repr": "Опоры - Опора КПП",
    "action_flag": 1,
    "change_message": "[{\"added\": {}}]"
  }
},
{
  "model": "admin.logentry",
  "pk": 115,
  "fields": {
    "action_time": "2025-09-06T13:03:06.147Z",
    "user": [
      "xomma"
    ],
    "content_type": [
      "product",
      "subcategory"
    ],
    "object_id": "28",
    "object_repr": "Опоры - Опоры стойки",
    "action_flag": 1,
    "change_message": "[{\"added\": {}}]"
  }
},
{
  "model": "admin.logentry",
  "pk": 116,
  "fields": {
    "action_time": "2025-09-06T13:06:13.505Z",
    "user": [
      "xomma"
    ],
    "content_type": [
      "product",
      "subcategory"
    ],
    "object_id": "29",
    "object_repr": "Рулевое управление - Усилители моторного щита",
    "action_flag": 1,
    "change_message": "[{\"added\": {}}]"
  }
},
{
  "model": "admin.logentry",
  "pk": 117,
  "fields": {
    "action_time": "2025-09-06T13:12:13.774Z",
    "user": [
      "xomma"
    ],
    "content_type": [
      "product",
      "subcategory"
    ],
    "object_id": "30",
    "object_repr": "Растяжки/Распорки - Распорки задние",
    "action_flag": 1,
    "change_message": "[{\"added\": {}}]"
  }
},
{
  "model": "admin.logentry",
  "pk": 118,
  "fields": {
    "action_time": "2025-09-06T13:12:48.721Z",
    "user": [
      "xomma"
    ],
    "content_type": [
      "product",
      "subcategory"
    ],
    "object_id": "31",
    "object_repr": "Растяжки/Распорки - Распорки нижние",
    "action_flag": 1,
    "change_message": "[{\"added\": {}}]"
  }
},
{
  "model": "admin.logentry",
  "pk": 119,
  "fields": {
    "action_time": "2025-09-06T13:13:11.840Z",
    "user": [
      "xomma"
    ],
    "content_type": [
      "product",
      "subcategory"
    ],
    "object_id": "32",
    "object_repr": "Растяжки/Распорки - Распорки передних стоек",
    "action_flag": 1,
    "change_message": "[{\"added\": {}}]"
  }
},
{
  "model": "admin.logentry",
  "pk": 120,
  "fields": {
    "action_time": "2025-09-06T13:15:12.591Z",
    "user": [
      "xomma"
    ],
    "content_type": [
      "product",
      "subcategory"
    ],
    "object_id": "33",
    "object_repr": "Рычаги задние/Балки/Проставки - Тяги панара/Реактивные тяги",
    "action_flag": 1,
    "change_message": "[{\"added\": {}}]"
  }
},
{
  "model": "admin.logentry",
  "pk": 121,
  "fields": {
    "action_time": "2025-09-06T13:15:25.899Z",
    "user": [
      "xomma"
    ],
    "content_type": [
      "product",
      "subcategory"
    ],
    "object_id": "34",
    "object_repr": "Рычаги задние/Балки/Проставки - Балки",
    "action_flag": 1,
    "change_message": "[{\"added\": {}}]"
  }
},
{
  "model": "admin.logentry",
  "pk": 122,
  "fields": {
    "action_time": "2025-09-06T13:15:44.797Z",
    "user": [
      "xomma"
    ],
    "content_type": [
      "product",
      "subcategory"
    ],
    "object_id": "35",
    "object_repr": "Рычаги задние/Балки/Проставки - Комплектующие",
    "action_flag": 1,
    "change_message": "[{\"added\": {}}]"
  }
},
{
  "model": "admin.logentry",
  "pk": 123,
  "fields": {
    "action_time": "2025-09-06T13:15:57.652Z",
    "user": [
      "xomma"
    ],
    "content_type": [
      "product",
      "subcategory"
    ],
    "object_id": "36",
    "object_repr": "Рычаги задние/Балки/Проставки - Проставки",
    "action_flag": 1,
    "change_message": "[{\"added\": {}}]"
  }
},
{
  "model": "admin.logentry",
  "pk": 124,
  "fields": {
    "action_time": "2025-09-06T13:16:23.444Z",
    "user": [
      "xomma"
    ],
    "content_type": [
      "product",
      "subcategory"
    ],
    "object_id": "37",
    "object_repr": "Рычаги задние/Балки/Проставки - Рычаги задние регулируемые",
    "action_flag": 1,
    "change_message": "[{\"added\": {}}]"
  }
},
{
  "model": "admin.logentry",
  "pk": 125,
  "fields": {
    "action_time": "2025-09-06T13:18:10.784Z",
    "user": [
      "xomma"
    ],
    "content_type": [
      "product",
      "subcategory"
    ],
    "object_id": "38",
    "object_repr": "Опоры - Усилители опор стоек",
    "action_flag": 1,
    "change_message": "[{\"added\": {}}]"
  }
},
{
  "model": "admin.logentry",
  "pk": 126,
  "fields": {
    "action_time": "2025-09-06T13:18:42.287Z",
    "user": [
      "xomma"
    ],
    "content_type": [
      "product",
      "subcategory"
    ],
    "object_id": "39",
    "object_repr": "Стойки - Стойки и амортизаторы",
    "action_flag": 1,
    "change_message": "[{\"added\": {}}]"
  }
},
{
  "model": "admin.logentry",
  "pk": 127,
  "fields": {
    "action_time": "2025-09-06T13:24:50.611Z",
    "user": [
      "xomma"
    ],
    "content_type": [
      "product",
      "subcategory"
    ],
    "object_id": "40",
    "object_repr": " Поперечины - Поперечины",
    "action_flag": 1,
    "change_message": "[{\"added\": {}}]"
  }
},
{
  "model": "admin.logentry",
  "pk": 128,
  "fields": {
    "action_time": "2025-09-06T13:25:18.181Z",
    "user": [
      "xomma"
    ],
    "content_type": [
      "product",
      "subcategory"
    ],
    "object_id": "41",
    "object_repr": " Рычаги передние - Рычаги передние",
    "action_flag": 1,
    "change_message": "[{\"added\": {}}]"
  }
},
{
  "model": "admin.logentry",
  "pk": 129,
  "fields": {
    "action_time": "2025-09-06T13:35:50.050Z",
    "user": [
      "xomma"
    ],
    "content_type": [
      "product",
      "subcategory"
    ],
    "object_id": "42",
    "object_repr": " Стабилизаторы - Стабилизаторы",
    "action_flag": 1,
    "change_message": "[{\"added\": {}}]"
  }
},
{
  "model": "admin.logentry",
  "pk": 130,
  "fields": {
    "action_time": "2025-09-07T22:26:23.607Z",
    "user": [
      "xomma"
    ],
    "content_type": [
      "product",
      "supercategory"
    ],
    "object_id": "1",
    "object_repr": "Двигатель",
    "action_flag": 2,
    "change_message": "[{\"changed\": {\"fields\": [\"\\u0418\\u0437\\u043e\\u0431\\u0440\\u0430\\u0436\\u0435\\u043d\\u0438\\u0435\"]}}]"
  }
},
{
  "model": "admin.logentry",
  "pk": 131,
  "fields": {
    "action_time": "2025-09-07T22:27:00.893Z",
    "user": [
      "xomma"
    ],
    "content_type": [
      "product",
      "supercategory"
    ],
    "object_id": "1",
    "object_repr": "Двигатель",
    "action_flag": 2,
    "change_message": "[{\"changed\": {\"fields\": [\"\\u0418\\u0437\\u043e\\u0431\\u0440\\u0430\\u0436\\u0435\\u043d\\u0438\\u0435\"]}}]"
  }
},
{
  "model": "admin.logentry",
  "pk": 132,
  "fields": {
    "action_time": "2025-09-14T17:00:10.512Z",
    "user": [
      "xomma"
    ],
    "content_type": [
      "product",
      "product"
    ],
    "object_id": "9",
    "object_repr": "Задняя независимая подвеска ВАЗ КАЛИНА ГРАНТА ДАТС...",
    "action_flag": 1,
    "change_message": "[{\"added\": {}}, {\"added\": {\"name\": \"\\u0414\\u043e\\u043f\\u043e\\u043b\\u043d\\u0438\\u0442\\u0435\\u043b\\u044c\\u043d\\u043e\\u0435 \\u0438\\u0437\\u043e\\u0431\\u0440\\u0430\\u0436\\u0435\\u043d\\u0438\\u0435\", \"object\": \"AdditionalImage object (15)\"}}, {\"added\": {\"name\": \"\\u0414\\u043e\\u043f\\u043e\\u043b\\u043d\\u0438\\u0442\\u0435\\u043b\\u044c\\u043d\\u043e\\u0435 \\u0438\\u0437\\u043e\\u0431\\u0440\\u0430\\u0436\\u0435\\u043d\\u0438\\u0435\", \"object\": \"AdditionalImage object (16)\"}}, {\"added\": {\"name\": \"\\u0414\\u043e\\u043f\\u043e\\u043b\\u043d\\u0438\\u0442\\u0435\\u043b\\u044c\\u043d\\u043e\\u0435 \\u0438\\u0437\\u043e\\u0431\\u0440\\u0430\\u0436\\u0435\\u043d\\u0438\\u0435\", \"object\": \"AdditionalImage object (17)\"}}, {\"added\": {\"name\": \"\\u0414\\u043e\\u043f\\u043e\\u043b\\u043d\\u0438\\u0442\\u0435\\u043b\\u044c\\u043d\\u043e\\u0435 \\u0438\\u0437\\u043e\\u0431\\u0440\\u0430\\u0436\\u0435\\u043d\\u0438\\u0435\", \"object\": \"AdditionalImage object (18)\"}}]"
  }
},
{
  "model": "admin.logentry",
  "pk": 133,
  "fields": {
    "action_time": "2025-09-14T17:06:22.812Z",
    "user": [
      "xomma"
    ],
    "content_type": [
      "product",
      "product"
    ],
    "object_id": "10",
    "object_repr": "Задняя независимая подвеска – ВАЗ 2108-21099, 2113...",
    "action_flag": 1,
    "change_message": "[{\"added\": {}}, {\"added\": {\"name\": \"\\u0414\\u043e\\u043f\\u043e\\u043b\\u043d\\u0438\\u0442\\u0435\\u043b\\u044c\\u043d\\u043e\\u0435 \\u0438\\u0437\\u043e\\u0431\\u0440\\u0430\\u0436\\u0435\\u043d\\u0438\\u0435\", \"object\": \"AdditionalImage object (19)\"}}, {\"added\": {\"name\": \"\\u0414\\u043e\\u043f\\u043e\\u043b\\u043d\\u0438\\u0442\\u0435\\u043b\\u044c\\u043d\\u043e\\u0435 \\u0438\\u0437\\u043e\\u0431\\u0440\\u0430\\u0436\\u0435\\u043d\\u0438\\u0435\", \"object\": \"AdditionalImage object (20)\"}}, {\"added\": {\"name\": \"\\u0414\\u043e\\u043f\\u043e\\u043b\\u043d\\u0438\\u0442\\u0435\\u043b\\u044c\\u043d\\u043e\\u0435 \\u0438\\u0437\\u043e\\u0431\\u0440\\u0430\\u0436\\u0435\\u043d\\u0438\\u0435\", \"object\": \"AdditionalImage object (21)\"}}, {\"added\": {\"name\": \"\\u0414\\u043e\\u043f\\u043e\\u043b\\u043d\\u0438\\u0442\\u0435\\u043b\\u044c\\u043d\\u043e\\u0435 \\u0438\\u0437\\u043e\\u0431\\u0440\\u0430\\u0436\\u0435\\u043d\\u0438\\u0435\", \"object\": \"AdditionalImage object (22)\"}}]"
  }
},
{
  "model": "admin.logentry",
  "pk": 134,
  "fields": {
    "action_time": "2025-09-14T17:14:09.205Z",
    "user": [
      "xomma"
    ],
    "content_type": [
      "product",
      "product"
    ],
    "object_id": "11",
    "object_repr": "Комплект заниженных задних пружин -50 Калина, Гран...",
    "action_flag": 1,
    "change_message": "[{\"added\": {}}, {\"added\": {\"name\": \"\\u0414\\u043e\\u043f\\u043e\\u043b\\u043d\\u0438\\u0442\\u0435\\u043b\\u044c\\u043d\\u043e\\u0435 \\u0438\\u0437\\u043e\\u0431\\u0440\\u0430\\u0436\\u0435\\u043d\\u0438\\u0435\", \"object\": \"AdditionalImage object (23)\"}}, {\"added\": {\"name\": \"\\u0414\\u043e\\u043f\\u043e\\u043b\\u043d\\u0438\\u0442\\u0435\\u043b\\u044c\\u043d\\u043e\\u0435 \\u0438\\u0437\\u043e\\u0431\\u0440\\u0430\\u0436\\u0435\\u043d\\u0438\\u0435\", \"object\": \"AdditionalImage object (24)\"}}]"
  }
},
{
  "model": "admin.logentry",
  "pk": 135,
  "fields": {
    "action_time": "2025-09-14T17:20:17.453Z",
    "user": [
      "xomma"
    ],
    "content_type": [
      "product",
      "product"
    ],
    "object_id": "12",
    "object_repr": "Винтовой самоблокирующийся дифференциал с увеличен...",
    "action_flag": 1,
    "change_message": "[{\"added\": {}}]"
  }
},
{
  "model": "admin.logentry",
  "pk": 136,
  "fields": {
    "action_time": "2025-09-14T17:21:53.073Z",
    "user": [
      "xomma"
    ],
    "content_type": [
      "product",
      "product"
    ],
    "object_id": "13",
    "object_repr": "Необслуживаемый самоблокирующийся дифференциал – В...",
    "action_flag": 1,
    "change_message": "[{\"added\": {}}]"
  }
},
{
  "model": "admin.logentry",
  "pk": 137,
  "fields": {
    "action_time": "2025-09-14T17:22:41.908Z",
    "user": [
      "xomma"
    ],
    "content_type": [
      "product",
      "product"
    ],
    "object_id": "12",
    "object_repr": "Винтовой самоблокирующийся дифференциал с увеличен...",
    "action_flag": 2,
    "change_message": "[{\"changed\": {\"fields\": [\"\\u0418\\u0437\\u043e\\u0431\\u0440\\u0430\\u0436\\u0435\\u043d\\u0438\\u0435\"]}}]"
  }
},
{
  "model": "admin.logentry",
  "pk": 138,
  "fields": {
    "action_time": "2025-09-14T17:31:00.852Z",
    "user": [
      "xomma"
    ],
    "content_type": [
      "product",
      "product"
    ],
    "object_id": "14",
    "object_repr": "Шарнир реактивной тяги – ВАЗ 2110-2112, Приора",
    "action_flag": 1,
    "change_message": "[{\"added\": {}}, {\"added\": {\"name\": \"\\u0414\\u043e\\u043f\\u043e\\u043b\\u043d\\u0438\\u0442\\u0435\\u043b\\u044c\\u043d\\u043e\\u0435 \\u0438\\u0437\\u043e\\u0431\\u0440\\u0430\\u0436\\u0435\\u043d\\u0438\\u0435\", \"object\": \"AdditionalImage object (25)\"}}, {\"added\": {\"name\": \"\\u0414\\u043e\\u043f\\u043e\\u043b\\u043d\\u0438\\u0442\\u0435\\u043b\\u044c\\u043d\\u043e\\u0435 \\u0438\\u0437\\u043e\\u0431\\u0440\\u0430\\u0436\\u0435\\u043d\\u0438\\u0435\", \"object\": \"AdditionalImage object (26)\"}}, {\"added\": {\"name\": \"\\u0414\\u043e\\u043f\\u043e\\u043b\\u043d\\u0438\\u0442\\u0435\\u043b\\u044c\\u043d\\u043e\\u0435 \\u0438\\u0437\\u043e\\u0431\\u0440\\u0430\\u0436\\u0435\\u043d\\u0438\\u0435\", \"object\": \"AdditionalImage object (27)\"}}, {\"added\": {\"name\": \"\\u0414\\u043e\\u043f\\u043e\\u043b\\u043d\\u0438\\u0442\\u0435\\u043b\\u044c\\u043d\\u043e\\u0435 \\u0438\\u0437\\u043e\\u0431\\u0440\\u0430\\u0436\\u0435\\u043d\\u0438\\u0435\", \"object\": \"AdditionalImage object (28)\"}}, {\"added\": {\"name\": \"\\u0414\\u043e\\u043f\\u043e\\u043b\\u043d\\u0438\\u0442\\u0435\\u043b\\u044c\\u043d\\u043e\\u0435 \\u0438\\u0437\\u043e\\u0431\\u0440\\u0430\\u0436\\u0435\\u043d\\u0438\\u0435\", \"object\": \"AdditionalImage object (29)\"}}]"
  }
},
{
  "model": "admin.logentry",
  "pk": 139,
  "fields": {
    "action_time": "2025-09-14T17:33:57.359Z",
    "user": [
      "xomma"
    ],
    "content_type": [
      "product",
      "product"
    ],
    "object_id": "15",
    "object_repr": "Шарнир реактивной тяги – Калина 1, Гранта",
    "action_flag": 1,
    "change_message": "[{\"added\": {}}]"
  }
},
{
  "model": "admin.logentry",
  "pk": 140,
  "fields": {
    "action_time": "2025-09-14T17:42:32.452Z",
    "user": [
      "xomma"
    ],
    "content_type": [
      "product",
      "product"
    ],
    "object_id": "16",
    "object_repr": "Подрамник SPORT – ВАЗ 2114, 2115, 2113, 2108, 2109...",
    "action_flag": 1,
    "change_message": "[{\"added\": {}}, {\"added\": {\"name\": \"\\u0414\\u043e\\u043f\\u043e\\u043b\\u043d\\u0438\\u0442\\u0435\\u043b\\u044c\\u043d\\u043e\\u0435 \\u0438\\u0437\\u043e\\u0431\\u0440\\u0430\\u0436\\u0435\\u043d\\u0438\\u0435\", \"object\": \"AdditionalImage object (30)\"}}, {\"added\": {\"name\": \"\\u0414\\u043e\\u043f\\u043e\\u043b\\u043d\\u0438\\u0442\\u0435\\u043b\\u044c\\u043d\\u043e\\u0435 \\u0438\\u0437\\u043e\\u0431\\u0440\\u0430\\u0436\\u0435\\u043d\\u0438\\u0435\", \"object\": \"AdditionalImage object (31)\"}}, {\"added\": {\"name\": \"\\u0414\\u043e\\u043f\\u043e\\u043b\\u043d\\u0438\\u0442\\u0435\\u043b\\u044c\\u043d\\u043e\\u0435 \\u0438\\u0437\\u043e\\u0431\\u0440\\u0430\\u0436\\u0435\\u043d\\u0438\\u0435\", \"object\": \"AdditionalImage object (32)\"}}]"
  }
},
{
  "model": "admin.logentry",
  "pk": 141,
  "fields": {
    "action_time": "2025-09-14T17:49:31.161Z",
    "user": [
      "xomma"
    ],
    "content_type": [
      "product",
      "product"
    ],
    "object_id": "17",
    "object_repr": "Подрамник DRIVE – Гранта, Калина (ВАЗ 1118, 1117, ...",
    "action_flag": 1,
    "change_message": "[{\"added\": {}}, {\"added\": {\"name\": \"\\u0414\\u043e\\u043f\\u043e\\u043b\\u043d\\u0438\\u0442\\u0435\\u043b\\u044c\\u043d\\u043e\\u0435 \\u0438\\u0437\\u043e\\u0431\\u0440\\u0430\\u0436\\u0435\\u043d\\u0438\\u0435\", \"object\": \"AdditionalImage object (33)\"}}, {\"added\": {\"name\": \"\\u0414\\u043e\\u043f\\u043e\\u043b\\u043d\\u0438\\u0442\\u0435\\u043b\\u044c\\u043d\\u043e\\u0435 \\u0438\\u0437\\u043e\\u0431\\u0440\\u0430\\u0436\\u0435\\u043d\\u0438\\u0435\", \"object\": \"AdditionalImage object (34)\"}}, {\"added\": {\"name\": \"\\u0414\\u043e\\u043f\\u043e\\u043b\\u043d\\u0438\\u0442\\u0435\\u043b\\u044c\\u043d\\u043e\\u0435 \\u0438\\u0437\\u043e\\u0431\\u0440\\u0430\\u0436\\u0435\\u043d\\u0438\\u0435\", \"object\": \"AdditionalImage object (35)\"}}, {\"added\": {\"name\": \"\\u0414\\u043e\\u043f\\u043e\\u043b\\u043d\\u0438\\u0442\\u0435\\u043b\\u044c\\u043d\\u043e\\u0435 \\u0438\\u0437\\u043e\\u0431\\u0440\\u0430\\u0436\\u0435\\u043d\\u0438\\u0435\", \"object\": \"AdditionalImage object (36)\"}}]"
  }
},
{
  "model": "admin.logentry",
  "pk": 142,
  "fields": {
    "action_time": "2025-09-14T17:54:28.720Z",
    "user": [
      "xomma"
    ],
    "content_type": [
      "product",
      "product"
    ],
    "object_id": "18",
    "object_repr": "Подрамник с рычагами – ВАЗ 2108-21099, 2113-2115",
    "action_flag": 1,
    "change_message": "[{\"added\": {}}, {\"added\": {\"name\": \"\\u0414\\u043e\\u043f\\u043e\\u043b\\u043d\\u0438\\u0442\\u0435\\u043b\\u044c\\u043d\\u043e\\u0435 \\u0438\\u0437\\u043e\\u0431\\u0440\\u0430\\u0436\\u0435\\u043d\\u0438\\u0435\", \"object\": \"AdditionalImage object (37)\"}}, {\"added\": {\"name\": \"\\u0414\\u043e\\u043f\\u043e\\u043b\\u043d\\u0438\\u0442\\u0435\\u043b\\u044c\\u043d\\u043e\\u0435 \\u0438\\u0437\\u043e\\u0431\\u0440\\u0430\\u0436\\u0435\\u043d\\u0438\\u0435\", \"object\": \"AdditionalImage object (38)\"}}, {\"added\": {\"name\": \"\\u0414\\u043e\\u043f\\u043e\\u043b\\u043d\\u0438\\u0442\\u0435\\u043b\\u044c\\u043d\\u043e\\u0435 \\u0438\\u0437\\u043e\\u0431\\u0440\\u0430\\u0436\\u0435\\u043d\\u0438\\u0435\", \"object\": \"AdditionalImage object (39)\"}}, {\"added\": {\"name\": \"\\u0414\\u043e\\u043f\\u043e\\u043b\\u043d\\u0438\\u0442\\u0435\\u043b\\u044c\\u043d\\u043e\\u0435 \\u0438\\u0437\\u043e\\u0431\\u0440\\u0430\\u0436\\u0435\\u043d\\u0438\\u0435\", \"object\": \"AdditionalImage object (40)\"}}]"
  }
},
{
  "model": "admin.logentry",
  "pk": 143,
  "fields": {
    "action_time": "2025-09-14T18:00:19.947Z",
    "user": [
      "xomma"
    ],
    "content_type": [
      "product",
      "product"
    ],
    "object_id": "19",
    "object_repr": "Подрамник с жесткими рычагами, КАЛИНА 2 ГРАНТА (FL...",
    "action_flag": 1,
    "change_message": "[{\"added\": {}}, {\"added\": {\"name\": \"\\u0414\\u043e\\u043f\\u043e\\u043b\\u043d\\u0438\\u0442\\u0435\\u043b\\u044c\\u043d\\u043e\\u0435 \\u0438\\u0437\\u043e\\u0431\\u0440\\u0430\\u0436\\u0435\\u043d\\u0438\\u0435\", \"object\": \"AdditionalImage object (41)\"}}, {\"added\": {\"name\": \"\\u0414\\u043e\\u043f\\u043e\\u043b\\u043d\\u0438\\u0442\\u0435\\u043b\\u044c\\u043d\\u043e\\u0435 \\u0438\\u0437\\u043e\\u0431\\u0440\\u0430\\u0436\\u0435\\u043d\\u0438\\u0435\", \"object\": \"AdditionalImage object (42)\"}}, {\"added\": {\"name\": \"\\u0414\\u043e\\u043f\\u043e\\u043b\\u043d\\u0438\\u0442\\u0435\\u043b\\u044c\\u043d\\u043e\\u0435 \\u0438\\u0437\\u043e\\u0431\\u0440\\u0430\\u0436\\u0435\\u043d\\u0438\\u0435\", \"object\": \"AdditionalImage object (43)\"}}]"
  }
},
{
  "model": "admin.logentry",
  "pk": 144,
  "fields": {
    "action_time": "2025-09-14T18:28:25.983Z",
    "user": [
      "xomma"
    ],
    "content_type": [
      "product",
      "product"
    ],
    "object_id": "20",
    "object_repr": "Рычаги подрамника жесткие, колея +70мм – ВАЗ 2108-...",
    "action_flag": 1,
    "change_message": "[{\"added\": {}}]"
  }
},
{
  "model": "admin.logentry",
  "pk": 145,
  "fields": {
    "action_time": "2025-09-14T18:30:35.039Z",
    "user": [
      "xomma"
    ],
    "content_type": [
      "product",
      "product"
    ],
    "object_id": "21",
    "object_repr": "Рем. комплект для подрамника – ВАЗ, Datsun",
    "action_flag": 1,
    "change_message": "[{\"added\": {}}]"
  }
},
{
  "model": "admin.logentry",
  "pk": 146,
  "fields": {
    "action_time": "2025-09-14T18:37:12.151Z",
    "user": [
      "xomma"
    ],
    "content_type": [
      "product",
      "product"
    ],
    "object_id": "22",
    "object_repr": "Защита двигателя стальная для подрамника – ВАЗ 210...",
    "action_flag": 1,
    "change_message": "[{\"added\": {}}]"
  }
},
{
  "model": "admin.logentry",
  "pk": 147,
  "fields": {
    "action_time": "2025-09-14T18:47:36.022Z",
    "user": [
      "xomma"
    ],
    "content_type": [
      "product",
      "product"
    ],
    "object_id": "23",
    "object_repr": "Защита двигателя стальная оцинкованная для подрамн...",
    "action_flag": 1,
    "change_message": "[{\"added\": {}}, {\"added\": {\"name\": \"\\u0414\\u043e\\u043f\\u043e\\u043b\\u043d\\u0438\\u0442\\u0435\\u043b\\u044c\\u043d\\u043e\\u0435 \\u0438\\u0437\\u043e\\u0431\\u0440\\u0430\\u0436\\u0435\\u043d\\u0438\\u0435\", \"object\": \"AdditionalImage object (44)\"}}]"
  }
},
{
  "model": "admin.logentry",
  "pk": 148,
  "fields": {
    "action_time": "2025-09-14T18:57:35.863Z",
    "user": [
      "xomma"
    ],
    "content_type": [
      "product",
      "product"
    ],
    "object_id": "24",
    "object_repr": "Опора раздаточной коробки – Нива 4х4",
    "action_flag": 1,
    "change_message": "[{\"added\": {}}, {\"added\": {\"name\": \"\\u0414\\u043e\\u043f\\u043e\\u043b\\u043d\\u0438\\u0442\\u0435\\u043b\\u044c\\u043d\\u043e\\u0435 \\u0438\\u0437\\u043e\\u0431\\u0440\\u0430\\u0436\\u0435\\u043d\\u0438\\u0435\", \"object\": \"AdditionalImage object (45)\"}}, {\"added\": {\"name\": \"\\u0414\\u043e\\u043f\\u043e\\u043b\\u043d\\u0438\\u0442\\u0435\\u043b\\u044c\\u043d\\u043e\\u0435 \\u0438\\u0437\\u043e\\u0431\\u0440\\u0430\\u0436\\u0435\\u043d\\u0438\\u0435\", \"object\": \"AdditionalImage object (46)\"}}]"
  }
},
{
  "model": "admin.logentry",
  "pk": 149,
  "fields": {
    "action_time": "2025-09-14T19:21:14.738Z",
    "user": [
      "xomma"
    ],
    "content_type": [
      "product",
      "product"
    ],
    "object_id": "25",
    "object_repr": "Усиленный кронштейн задней опоры двигателя с МКПП ...",
    "action_flag": 1,
    "change_message": "[{\"added\": {}}, {\"added\": {\"name\": \"\\u0414\\u043e\\u043f\\u043e\\u043b\\u043d\\u0438\\u0442\\u0435\\u043b\\u044c\\u043d\\u043e\\u0435 \\u0438\\u0437\\u043e\\u0431\\u0440\\u0430\\u0436\\u0435\\u043d\\u0438\\u0435\", \"object\": \"AdditionalImage object (47)\"}}, {\"added\": {\"name\": \"\\u0414\\u043e\\u043f\\u043e\\u043b\\u043d\\u0438\\u0442\\u0435\\u043b\\u044c\\u043d\\u043e\\u0435 \\u0438\\u0437\\u043e\\u0431\\u0440\\u0430\\u0436\\u0435\\u043d\\u0438\\u0435\", \"object\": \"AdditionalImage object (48)\"}}, {\"added\": {\"name\": \"\\u0414\\u043e\\u043f\\u043e\\u043b\\u043d\\u0438\\u0442\\u0435\\u043b\\u044c\\u043d\\u043e\\u0435 \\u0438\\u0437\\u043e\\u0431\\u0440\\u0430\\u0436\\u0435\\u043d\\u0438\\u0435\", \"object\": \"AdditionalImage object (49)\"}}]"
  }
},
{
  "model": "admin.logentry",
  "pk": 150,
  "fields": {
    "action_time": "2025-09-14T19:40:58.326Z",
    "user": [
      "xomma"
    ],
    "content_type": [
      "product",
      "product"
    ],
    "object_id": "26",
    "object_repr": "Комплект усиленных кронштейнов СА для тросиковой М...",
    "action_flag": 1,
    "change_message": "[{\"added\": {}}, {\"added\": {\"name\": \"\\u0414\\u043e\\u043f\\u043e\\u043b\\u043d\\u0438\\u0442\\u0435\\u043b\\u044c\\u043d\\u043e\\u0435 \\u0438\\u0437\\u043e\\u0431\\u0440\\u0430\\u0436\\u0435\\u043d\\u0438\\u0435\", \"object\": \"AdditionalImage object (50)\"}}, {\"added\": {\"name\": \"\\u0414\\u043e\\u043f\\u043e\\u043b\\u043d\\u0438\\u0442\\u0435\\u043b\\u044c\\u043d\\u043e\\u0435 \\u0438\\u0437\\u043e\\u0431\\u0440\\u0430\\u0436\\u0435\\u043d\\u0438\\u0435\", \"object\": \"AdditionalImage object (51)\"}}, {\"added\": {\"name\": \"\\u0414\\u043e\\u043f\\u043e\\u043b\\u043d\\u0438\\u0442\\u0435\\u043b\\u044c\\u043d\\u043e\\u0435 \\u0438\\u0437\\u043e\\u0431\\u0440\\u0430\\u0436\\u0435\\u043d\\u0438\\u0435\", \"object\": \"AdditionalImage object (52)\"}}, {\"added\": {\"name\": \"\\u0414\\u043e\\u043f\\u043e\\u043b\\u043d\\u0438\\u0442\\u0435\\u043b\\u044c\\u043d\\u043e\\u0435 \\u0438\\u0437\\u043e\\u0431\\u0440\\u0430\\u0436\\u0435\\u043d\\u0438\\u0435\", \"object\": \"AdditionalImage object (53)\"}}, {\"added\": {\"name\": \"\\u0414\\u043e\\u043f\\u043e\\u043b\\u043d\\u0438\\u0442\\u0435\\u043b\\u044c\\u043d\\u043e\\u0435 \\u0438\\u0437\\u043e\\u0431\\u0440\\u0430\\u0436\\u0435\\u043d\\u0438\\u0435\", \"object\": \"AdditionalImage object (54)\"}}, {\"added\": {\"name\": \"\\u0414\\u043e\\u043f\\u043e\\u043b\\u043d\\u0438\\u0442\\u0435\\u043b\\u044c\\u043d\\u043e\\u0435 \\u0438\\u0437\\u043e\\u0431\\u0440\\u0430\\u0436\\u0435\\u043d\\u0438\\u0435\", \"object\": \"AdditionalImage object (55)\"}}]"
  }
},
{
  "model": "admin.logentry",
  "pk": 151,
  "fields": {
    "action_time": "2025-09-15T17:05:36.324Z",
    "user": [
      "xomma"
    ],
    "content_type": [
      "product",
      "product"
    ],
    "object_id": "27",
    "object_repr": "Опоры верхние передней подвески, ШС 20 – Калина, Г...",
    "action_flag": 1,
    "change_message": "[{\"added\": {}}]"
  }
},
{
  "model": "admin.logentry",
  "pk": 152,
  "fields": {
    "action_time": "2025-09-15T17:09:46.661Z",
    "user": [
      "xomma"
    ],
    "content_type": [
      "product",
      "product"
    ],
    "object_id": "28",
    "object_repr": "Усилители опор стоек – Гранта, Гранта Спорт, Калин...",
    "action_flag": 1,
    "change_message": "[{\"added\": {}}, {\"added\": {\"name\": \"\\u0414\\u043e\\u043f\\u043e\\u043b\\u043d\\u0438\\u0442\\u0435\\u043b\\u044c\\u043d\\u043e\\u0435 \\u0438\\u0437\\u043e\\u0431\\u0440\\u0430\\u0436\\u0435\\u043d\\u0438\\u0435\", \"object\": \"AdditionalImage object (56)\"}}]"
  }
},
{
  "model": "admin.logentry",
  "pk": 153,
  "fields": {
    "action_time": "2025-09-15T17:13:39.787Z",
    "user": [
      "xomma"
    ],
    "content_type": [
      "product",
      "product"
    ],
    "object_id": "29",
    "object_repr": "Усилители опор стоек – ВАЗ 2110-2112, Приора",
    "action_flag": 1,
    "change_message": "[{\"added\": {}}]"
  }
},
{
  "model": "admin.logentry",
  "pk": 154,
  "fields": {
    "action_time": "2025-09-15T17:14:20.887Z",
    "user": [
      "xomma"
    ],
    "content_type": [
      "product",
      "product"
    ],
    "object_id": "29",
    "object_repr": "Усилители опор стоек – ВАЗ 2110-2112, Приора",
    "action_flag": 2,
    "change_message": "[{\"added\": {\"name\": \"\\u0414\\u043e\\u043f\\u043e\\u043b\\u043d\\u0438\\u0442\\u0435\\u043b\\u044c\\u043d\\u043e\\u0435 \\u0438\\u0437\\u043e\\u0431\\u0440\\u0430\\u0436\\u0435\\u043d\\u0438\\u0435\", \"object\": \"AdditionalImage object (57)\"}}, {\"added\": {\"name\": \"\\u0414\\u043e\\u043f\\u043e\\u043b\\u043d\\u0438\\u0442\\u0435\\u043b\\u044c\\u043d\\u043e\\u0435 \\u0438\\u0437\\u043e\\u0431\\u0440\\u0430\\u0436\\u0435\\u043d\\u0438\\u0435\", \"object\": \"AdditionalImage object (58)\"}}, {\"added\": {\"name\": \"\\u0414\\u043e\\u043f\\u043e\\u043b\\u043d\\u0438\\u0442\\u0435\\u043b\\u044c\\u043d\\u043e\\u0435 \\u0438\\u0437\\u043e\\u0431\\u0440\\u0430\\u0436\\u0435\\u043d\\u0438\\u0435\", \"object\": \"AdditionalImage object (59)\"}}, {\"added\": {\"name\": \"\\u0414\\u043e\\u043f\\u043e\\u043b\\u043d\\u0438\\u0442\\u0435\\u043b\\u044c\\u043d\\u043e\\u0435 \\u0438\\u0437\\u043e\\u0431\\u0440\\u0430\\u0436\\u0435\\u043d\\u0438\\u0435\", \"object\": \"AdditionalImage object (60)\"}}, {\"added\": {\"name\": \"\\u0414\\u043e\\u043f\\u043e\\u043b\\u043d\\u0438\\u0442\\u0435\\u043b\\u044c\\u043d\\u043e\\u0435 \\u0438\\u0437\\u043e\\u0431\\u0440\\u0430\\u0436\\u0435\\u043d\\u0438\\u0435\", \"object\": \"AdditionalImage object (61)\"}}, {\"added\": {\"name\": \"\\u0414\\u043e\\u043f\\u043e\\u043b\\u043d\\u0438\\u0442\\u0435\\u043b\\u044c\\u043d\\u043e\\u0435 \\u0438\\u0437\\u043e\\u0431\\u0440\\u0430\\u0436\\u0435\\u043d\\u0438\\u0435\", \"object\": \"AdditionalImage object (62)\"}}]"
  }
},
{
  "model": "admin.logentry",
  "pk": 155,
  "fields": {
    "action_time": "2025-09-15T17:18:32.015Z",
    "user": [
      "xomma"
    ],
    "content_type": [
      "product",
      "product"
    ],
    "object_id": "30",
    "object_repr": "Усилитель кузова задний – ВАЗ 2112, 2111; Приора (...",
    "action_flag": 1,
    "change_message": "[{\"added\": {}}, {\"added\": {\"name\": \"\\u0414\\u043e\\u043f\\u043e\\u043b\\u043d\\u0438\\u0442\\u0435\\u043b\\u044c\\u043d\\u043e\\u0435 \\u0438\\u0437\\u043e\\u0431\\u0440\\u0430\\u0436\\u0435\\u043d\\u0438\\u0435\", \"object\": \"AdditionalImage object (63)\"}}]"
  }
},
{
  "model": "admin.logentry",
  "pk": 156,
  "fields": {
    "action_time": "2025-09-15T17:20:50.824Z",
    "user": [
      "xomma"
    ],
    "content_type": [
      "product",
      "product"
    ],
    "object_id": "31",
    "object_repr": "Распорка задних стоек – Калина, Калина 2, Гранта; ...",
    "action_flag": 1,
    "change_message": "[{\"added\": {}}]"
  }
},
{
  "model": "admin.logentry",
  "pk": 157,
  "fields": {
    "action_time": "2025-09-15T17:25:03.384Z",
    "user": [
      "xomma"
    ],
    "content_type": [
      "product",
      "product"
    ],
    "object_id": "32",
    "object_repr": "Растяжка рычагов (нижняя) под тросовую МКПП, АКПП ...",
    "action_flag": 1,
    "change_message": "[{\"added\": {}}, {\"added\": {\"name\": \"\\u0414\\u043e\\u043f\\u043e\\u043b\\u043d\\u0438\\u0442\\u0435\\u043b\\u044c\\u043d\\u043e\\u0435 \\u0438\\u0437\\u043e\\u0431\\u0440\\u0430\\u0436\\u0435\\u043d\\u0438\\u0435\", \"object\": \"AdditionalImage object (64)\"}}, {\"added\": {\"name\": \"\\u0414\\u043e\\u043f\\u043e\\u043b\\u043d\\u0438\\u0442\\u0435\\u043b\\u044c\\u043d\\u043e\\u0435 \\u0438\\u0437\\u043e\\u0431\\u0440\\u0430\\u0436\\u0435\\u043d\\u0438\\u0435\", \"object\": \"AdditionalImage object (65)\"}}]"
  }
},
{
  "model": "admin.logentry",
  "pk": 158,
  "fields": {
    "action_time": "2025-09-15T17:31:28.183Z",
    "user": [
      "xomma"
    ],
    "content_type": [
      "product",
      "product"
    ],
    "object_id": "33",
    "object_repr": "Растяжка рычагов (нижняя) – ВАЗ 2110-2112, 2108-21...",
    "action_flag": 1,
    "change_message": "[{\"added\": {}}, {\"added\": {\"name\": \"\\u0414\\u043e\\u043f\\u043e\\u043b\\u043d\\u0438\\u0442\\u0435\\u043b\\u044c\\u043d\\u043e\\u0435 \\u0438\\u0437\\u043e\\u0431\\u0440\\u0430\\u0436\\u0435\\u043d\\u0438\\u0435\", \"object\": \"AdditionalImage object (66)\"}}, {\"added\": {\"name\": \"\\u0414\\u043e\\u043f\\u043e\\u043b\\u043d\\u0438\\u0442\\u0435\\u043b\\u044c\\u043d\\u043e\\u0435 \\u0438\\u0437\\u043e\\u0431\\u0440\\u0430\\u0436\\u0435\\u043d\\u0438\\u0435\", \"object\": \"AdditionalImage object (67)\"}}, {\"added\": {\"name\": \"\\u0414\\u043e\\u043f\\u043e\\u043b\\u043d\\u0438\\u0442\\u0435\\u043b\\u044c\\u043d\\u043e\\u0435 \\u0438\\u0437\\u043e\\u0431\\u0440\\u0430\\u0436\\u0435\\u043d\\u0438\\u0435\", \"object\": \"AdditionalImage object (68)\"}}]"
  }
},
{
  "model": "admin.logentry",
  "pk": 159,
  "fields": {
    "action_time": "2025-09-15T20:10:51.885Z",
    "user": [
      "xomma"
    ],
    "content_type": [
      "product",
      "product"
    ],
    "object_id": "34",
    "object_repr": "Скрытая распорка передних стоек – Лада Веста",
    "action_flag": 1,
    "change_message": "[{\"added\": {}}, {\"added\": {\"name\": \"\\u0414\\u043e\\u043f\\u043e\\u043b\\u043d\\u0438\\u0442\\u0435\\u043b\\u044c\\u043d\\u043e\\u0435 \\u0438\\u0437\\u043e\\u0431\\u0440\\u0430\\u0436\\u0435\\u043d\\u0438\\u0435\", \"object\": \"AdditionalImage object (69)\"}}, {\"added\": {\"name\": \"\\u0414\\u043e\\u043f\\u043e\\u043b\\u043d\\u0438\\u0442\\u0435\\u043b\\u044c\\u043d\\u043e\\u0435 \\u0438\\u0437\\u043e\\u0431\\u0440\\u0430\\u0436\\u0435\\u043d\\u0438\\u0435\", \"object\": \"AdditionalImage object (70)\"}}, {\"added\": {\"name\": \"\\u0414\\u043e\\u043f\\u043e\\u043b\\u043d\\u0438\\u0442\\u0435\\u043b\\u044c\\u043d\\u043e\\u0435 \\u0438\\u0437\\u043e\\u0431\\u0440\\u0430\\u0436\\u0435\\u043d\\u0438\\u0435\", \"object\": \"AdditionalImage object (71)\"}}]"
  }
},
{
  "model": "admin.logentry",
  "pk": 160,
  "fields": {
    "action_time": "2025-09-15T20:14:46.695Z",
    "user": [
      "xomma"
    ],
    "content_type": [
      "product",
      "product"
    ],
    "object_id": "35",
    "object_repr": "Растяжка передних стоек – Гранта, Калина, Калина-2...",
    "action_flag": 1,
    "change_message": "[{\"added\": {}}, {\"added\": {\"name\": \"\\u0414\\u043e\\u043f\\u043e\\u043b\\u043d\\u0438\\u0442\\u0435\\u043b\\u044c\\u043d\\u043e\\u0435 \\u0438\\u0437\\u043e\\u0431\\u0440\\u0430\\u0436\\u0435\\u043d\\u0438\\u0435\", \"object\": \"AdditionalImage object (72)\"}}, {\"added\": {\"name\": \"\\u0414\\u043e\\u043f\\u043e\\u043b\\u043d\\u0438\\u0442\\u0435\\u043b\\u044c\\u043d\\u043e\\u0435 \\u0438\\u0437\\u043e\\u0431\\u0440\\u0430\\u0436\\u0435\\u043d\\u0438\\u0435\", \"object\": \"AdditionalImage object (73)\"}}]"
  }
},
{
  "model": "admin.logentry",
  "pk": 161,
  "fields": {
    "action_time": "2025-09-15T20:56:13.729Z",
    "user": [
      "xomma"
    ],
    "content_type": [
      "product",
      "product"
    ],
    "object_id": "36",
    "object_repr": "Усилитель рулевой рейки 16-кл. – Приора, ВАЗ 2110-...",
    "action_flag": 1,
    "change_message": "[{\"added\": {}}, {\"added\": {\"name\": \"\\u0414\\u043e\\u043f\\u043e\\u043b\\u043d\\u0438\\u0442\\u0435\\u043b\\u044c\\u043d\\u043e\\u0435 \\u0438\\u0437\\u043e\\u0431\\u0440\\u0430\\u0436\\u0435\\u043d\\u0438\\u0435\", \"object\": \"AdditionalImage object (74)\"}}]"
  }
},
{
  "model": "admin.logentry",
  "pk": 162,
  "fields": {
    "action_time": "2025-09-15T20:59:02.662Z",
    "user": [
      "xomma"
    ],
    "content_type": [
      "product",
      "product"
    ],
    "object_id": "37",
    "object_repr": "Усилитель щитка передка 8-кл. – ВАЗ 2110-2112, При...",
    "action_flag": 1,
    "change_message": "[{\"added\": {}}, {\"added\": {\"name\": \"\\u0414\\u043e\\u043f\\u043e\\u043b\\u043d\\u0438\\u0442\\u0435\\u043b\\u044c\\u043d\\u043e\\u0435 \\u0438\\u0437\\u043e\\u0431\\u0440\\u0430\\u0436\\u0435\\u043d\\u0438\\u0435\", \"object\": \"AdditionalImage object (75)\"}}]"
  }
},
{
  "model": "admin.logentry",
  "pk": 163,
  "fields": {
    "action_time": "2025-09-15T21:04:07.187Z",
    "user": [
      "xomma"
    ],
    "content_type": [
      "product",
      "product"
    ],
    "object_id": "38",
    "object_repr": "Рычаг задней подвески (стандартная балка, голая)",
    "action_flag": 1,
    "change_message": "[{\"added\": {}}]"
  }
},
{
  "model": "admin.logentry",
  "pk": 164,
  "fields": {
    "action_time": "2025-09-16T15:42:01.525Z",
    "user": [
      "xomma"
    ],
    "content_type": [
      "product",
      "product"
    ],
    "object_id": "39",
    "object_repr": "Рычаг задний в сборе, ПУ – ВАЗ 2108-21099, 2113-21...",
    "action_flag": 1,
    "change_message": "[{\"added\": {}}, {\"added\": {\"name\": \"\\u0414\\u0438\\u043d\\u0430\\u043c\\u0438\\u0447\\u0435\\u0441\\u043a\\u043e\\u0435 \\u043e\\u043f\\u0438\\u0441\\u0430\\u043d\\u0438\\u0435 \\u0442\\u043e\\u0432\\u0430\\u0440\\u0430\", \"object\": \"\\u0420\\u044b\\u0447\\u0430\\u0433 \\u0437\\u0430\\u0434\\u043d\\u0438\\u0439 \\u0432 \\u0441\\u0431\\u043e\\u0440\\u0435, \\u041f\\u0423 \\u2013 \\u0412\\u0410\\u0417 2108-21099, 2113-2115, 2110-2112, \\u041f\\u0440\\u0438\\u043e\\u0440\\u0430 - \\u0413\\u0430\\u0440\\u0430\\u043d\\u0442\\u0438\\u044f\"}}, {\"added\": {\"name\": \"\\u0414\\u0438\\u043d\\u0430\\u043c\\u0438\\u0447\\u0435\\u0441\\u043a\\u043e\\u0435 \\u043e\\u043f\\u0438\\u0441\\u0430\\u043d\\u0438\\u0435 \\u0442\\u043e\\u0432\\u0430\\u0440\\u0430\", \"object\": \"\\u0420\\u044b\\u0447\\u0430\\u0433 \\u0437\\u0430\\u0434\\u043d\\u0438\\u0439 \\u0432 \\u0441\\u0431\\u043e\\u0440\\u0435, \\u041f\\u0423 \\u2013 \\u0412\\u0410\\u0417 2108-21099, 2113-2115, 2110-2112, \\u041f\\u0440\\u0438\\u043e\\u0440\\u0430 - \\u0412\\u0435\\u0441\"}}, {\"added\": {\"name\": \"\\u0414\\u0438\\u043d\\u0430\\u043c\\u0438\\u0447\\u0435\\u0441\\u043a\\u043e\\u0435 \\u043e\\u043f\\u0438\\u0441\\u0430\\u043d\\u0438\\u0435 \\u0442\\u043e\\u0432\\u0430\\u0440\\u0430\", \"object\": \"\\u0420\\u044b\\u0447\\u0430\\u0433 \\u0437\\u0430\\u0434\\u043d\\u0438\\u0439 \\u0432 \\u0441\\u0431\\u043e\\u0440\\u0435, \\u041f\\u0423 \\u2013 \\u0412\\u0410\\u0417 2108-21099, 2113-2115, 2110-2112, \\u041f\\u0440\\u0438\\u043e\\u0440\\u0430 - \\u0413\\u0430\\u0431\\u0430\\u0440\\u0438\\u0442\\u044b\"}}]"
  }
},
{
  "model": "admin.logentry",
  "pk": 165,
  "fields": {
    "action_time": "2025-09-16T15:45:59.913Z",
    "user": [
      "xomma"
    ],
    "content_type": [
      "product",
      "product"
    ],
    "object_id": "40",
    "object_repr": "Растяжка заднего рычага – ВАЗ, Datsun",
    "action_flag": 1,
    "change_message": "[{\"added\": {}}, {\"added\": {\"name\": \"\\u0414\\u0438\\u043d\\u0430\\u043c\\u0438\\u0447\\u0435\\u0441\\u043a\\u043e\\u0435 \\u043e\\u043f\\u0438\\u0441\\u0430\\u043d\\u0438\\u0435 \\u0442\\u043e\\u0432\\u0430\\u0440\\u0430\", \"object\": \"\\u0420\\u0430\\u0441\\u0442\\u044f\\u0436\\u043a\\u0430 \\u0437\\u0430\\u0434\\u043d\\u0435\\u0433\\u043e \\u0440\\u044b\\u0447\\u0430\\u0433\\u0430 \\u2013 \\u0412\\u0410\\u0417, Datsun - \\u0412\\u0435\\u0441\"}}, {\"added\": {\"name\": \"\\u0414\\u0438\\u043d\\u0430\\u043c\\u0438\\u0447\\u0435\\u0441\\u043a\\u043e\\u0435 \\u043e\\u043f\\u0438\\u0441\\u0430\\u043d\\u0438\\u0435 \\u0442\\u043e\\u0432\\u0430\\u0440\\u0430\", \"object\": \"\\u0420\\u0430\\u0441\\u0442\\u044f\\u0436\\u043a\\u0430 \\u0437\\u0430\\u0434\\u043d\\u0435\\u0433\\u043e \\u0440\\u044b\\u0447\\u0430\\u0433\\u0430 \\u2013 \\u0412\\u0410\\u0417, Datsun - \\u041e\\u0431\\u044a\\u0435\\u043c\"}}, {\"added\": {\"name\": \"\\u0414\\u0438\\u043d\\u0430\\u043c\\u0438\\u0447\\u0435\\u0441\\u043a\\u043e\\u0435 \\u043e\\u043f\\u0438\\u0441\\u0430\\u043d\\u0438\\u0435 \\u0442\\u043e\\u0432\\u0430\\u0440\\u0430\", \"object\": \"\\u0420\\u0430\\u0441\\u0442\\u044f\\u0436\\u043a\\u0430 \\u0437\\u0430\\u0434\\u043d\\u0435\\u0433\\u043e \\u0440\\u044b\\u0447\\u0430\\u0433\\u0430 \\u2013 \\u0412\\u0410\\u0417, Datsun - \\u0426\\u0432\\u0435\\u0442\"}}, {\"added\": {\"name\": \"\\u0414\\u0438\\u043d\\u0430\\u043c\\u0438\\u0447\\u0435\\u0441\\u043a\\u043e\\u0435 \\u043e\\u043f\\u0438\\u0441\\u0430\\u043d\\u0438\\u0435 \\u0442\\u043e\\u0432\\u0430\\u0440\\u0430\", \"object\": \"\\u0420\\u0430\\u0441\\u0442\\u044f\\u0436\\u043a\\u0430 \\u0437\\u0430\\u0434\\u043d\\u0435\\u0433\\u043e \\u0440\\u044b\\u0447\\u0430\\u0433\\u0430 \\u2013 \\u0412\\u0410\\u0417, Datsun - \\u0413\\u0430\\u0431\\u0430\\u0440\\u0438\\u0442\\u044b\"}}, {\"added\": {\"name\": \"\\u0414\\u0438\\u043d\\u0430\\u043c\\u0438\\u0447\\u0435\\u0441\\u043a\\u043e\\u0435 \\u043e\\u043f\\u0438\\u0441\\u0430\\u043d\\u0438\\u0435 \\u0442\\u043e\\u0432\\u0430\\u0440\\u0430\", \"object\": \"\\u0420\\u0430\\u0441\\u0442\\u044f\\u0436\\u043a\\u0430 \\u0437\\u0430\\u0434\\u043d\\u0435\\u0433\\u043e \\u0440\\u044b\\u0447\\u0430\\u0433\\u0430 \\u2013 \\u0412\\u0410\\u0417, Datsun - \\u0421\\u0442\\u0440\\u0430\\u043d\\u0430 \\u043f\\u0440\\u043e\\u0438\\u0437\\u0432\\u043e\\u0434\\u0438\\u0442\\u0435\\u043b\\u044c\"}}, {\"added\": {\"name\": \"\\u0414\\u0438\\u043d\\u0430\\u043c\\u0438\\u0447\\u0435\\u0441\\u043a\\u043e\\u0435 \\u043e\\u043f\\u0438\\u0441\\u0430\\u043d\\u0438\\u0435 \\u0442\\u043e\\u0432\\u0430\\u0440\\u0430\", \"object\": \"\\u0420\\u0430\\u0441\\u0442\\u044f\\u0436\\u043a\\u0430 \\u0437\\u0430\\u0434\\u043d\\u0435\\u0433\\u043e \\u0440\\u044b\\u0447\\u0430\\u0433\\u0430 \\u2013 \\u0412\\u0410\\u0417, Datsun - \\u0411\\u0440\\u0435\\u043d\\u0434\"}}]"
  }
},
{
  "model": "admin.logentry",
  "pk": 166,
  "fields": {
    "action_time": "2025-09-16T15:48:15.273Z",
    "user": [
      "xomma"
    ],
    "content_type": [
      "product",
      "product"
    ],
    "object_id": "41",
    "object_repr": "Растяжка заднего рычага, ПУ – ВАЗ, Datsun",
    "action_flag": 1,
    "change_message": "[{\"added\": {}}, {\"added\": {\"name\": \"\\u0414\\u0438\\u043d\\u0430\\u043c\\u0438\\u0447\\u0435\\u0441\\u043a\\u043e\\u0435 \\u043e\\u043f\\u0438\\u0441\\u0430\\u043d\\u0438\\u0435 \\u0442\\u043e\\u0432\\u0430\\u0440\\u0430\", \"object\": \"\\u0420\\u0430\\u0441\\u0442\\u044f\\u0436\\u043a\\u0430 \\u0437\\u0430\\u0434\\u043d\\u0435\\u0433\\u043e \\u0440\\u044b\\u0447\\u0430\\u0433\\u0430, \\u041f\\u0423 \\u2013 \\u0412\\u0410\\u0417, Datsun - \\u0413\\u0430\\u0431\\u0430\\u0440\\u0438\\u0442\\u044b\"}}, {\"added\": {\"name\": \"\\u0414\\u0438\\u043d\\u0430\\u043c\\u0438\\u0447\\u0435\\u0441\\u043a\\u043e\\u0435 \\u043e\\u043f\\u0438\\u0441\\u0430\\u043d\\u0438\\u0435 \\u0442\\u043e\\u0432\\u0430\\u0440\\u0430\", \"object\": \"\\u0420\\u0430\\u0441\\u0442\\u044f\\u0436\\u043a\\u0430 \\u0437\\u0430\\u0434\\u043d\\u0435\\u0433\\u043e \\u0440\\u044b\\u0447\\u0430\\u0433\\u0430, \\u041f\\u0423 \\u2013 \\u0412\\u0410\\u0417, Datsun - \\u0412\\u0435\\u0441\"}}]"
  }
},
{
  "model": "admin.logentry",
  "pk": 167,
  "fields": {
    "action_time": "2025-09-16T15:54:24.025Z",
    "user": [
      "xomma"
    ],
    "content_type": [
      "product",
      "product"
    ],
    "object_id": "42",
    "object_repr": "Проставки -1 – LADA Vesta, LADA X-Ray",
    "action_flag": 1,
    "change_message": "[{\"added\": {}}, {\"added\": {\"name\": \"\\u0414\\u043e\\u043f\\u043e\\u043b\\u043d\\u0438\\u0442\\u0435\\u043b\\u044c\\u043d\\u043e\\u0435 \\u0438\\u0437\\u043e\\u0431\\u0440\\u0430\\u0436\\u0435\\u043d\\u0438\\u0435\", \"object\": \"AdditionalImage object (76)\"}}, {\"added\": {\"name\": \"\\u0414\\u043e\\u043f\\u043e\\u043b\\u043d\\u0438\\u0442\\u0435\\u043b\\u044c\\u043d\\u043e\\u0435 \\u0438\\u0437\\u043e\\u0431\\u0440\\u0430\\u0436\\u0435\\u043d\\u0438\\u0435\", \"object\": \"AdditionalImage object (77)\"}}, {\"added\": {\"name\": \"\\u0414\\u043e\\u043f\\u043e\\u043b\\u043d\\u0438\\u0442\\u0435\\u043b\\u044c\\u043d\\u043e\\u0435 \\u0438\\u0437\\u043e\\u0431\\u0440\\u0430\\u0436\\u0435\\u043d\\u0438\\u0435\", \"object\": \"AdditionalImage object (78)\"}}, {\"added\": {\"name\": \"\\u0414\\u043e\\u043f\\u043e\\u043b\\u043d\\u0438\\u0442\\u0435\\u043b\\u044c\\u043d\\u043e\\u0435 \\u0438\\u0437\\u043e\\u0431\\u0440\\u0430\\u0436\\u0435\\u043d\\u0438\\u0435\", \"object\": \"AdditionalImage object (79)\"}}, {\"added\": {\"name\": \"\\u0414\\u0438\\u043d\\u0430\\u043c\\u0438\\u0447\\u0435\\u0441\\u043a\\u043e\\u0435 \\u043e\\u043f\\u0438\\u0441\\u0430\\u043d\\u0438\\u0435 \\u0442\\u043e\\u0432\\u0430\\u0440\\u0430\", \"object\": \"\\u041f\\u0440\\u043e\\u0441\\u0442\\u0430\\u0432\\u043a\\u0438 -1 \\u2013 LADA Vesta, LADA X-Ray - \\u0412\\u0435\\u0441\"}}, {\"added\": {\"name\": \"\\u0414\\u0438\\u043d\\u0430\\u043c\\u0438\\u0447\\u0435\\u0441\\u043a\\u043e\\u0435 \\u043e\\u043f\\u0438\\u0441\\u0430\\u043d\\u0438\\u0435 \\u0442\\u043e\\u0432\\u0430\\u0440\\u0430\", \"object\": \"\\u041f\\u0440\\u043e\\u0441\\u0442\\u0430\\u0432\\u043a\\u0438 -1 \\u2013 LADA Vesta, LADA X-Ray - \\u0413\\u0430\\u0431\\u0430\\u0440\\u0438\\u0442\\u044b\"}}]"
  }
},
{
  "model": "admin.logentry",
  "pk": 168,
  "fields": {
    "action_time": "2025-09-16T15:58:06.802Z",
    "user": [
      "xomma"
    ],
    "content_type": [
      "product",
      "product"
    ],
    "object_id": "43",
    "object_repr": "Проставки -3,5 – Калина, Гранта, Приора, ВАЗ 2110-...",
    "action_flag": 1,
    "change_message": "[{\"added\": {}}, {\"added\": {\"name\": \"\\u0414\\u0438\\u043d\\u0430\\u043c\\u0438\\u0447\\u0435\\u0441\\u043a\\u043e\\u0435 \\u043e\\u043f\\u0438\\u0441\\u0430\\u043d\\u0438\\u0435 \\u0442\\u043e\\u0432\\u0430\\u0440\\u0430\", \"object\": \"\\u041f\\u0440\\u043e\\u0441\\u0442\\u0430\\u0432\\u043a\\u0438 -3,5 \\u2013 \\u041a\\u0430\\u043b\\u0438\\u043d\\u0430, \\u0413\\u0440\\u0430\\u043d\\u0442\\u0430, \\u041f\\u0440\\u0438\\u043e\\u0440\\u0430, \\u0412\\u0410\\u0417 2110-2112, 2108-21099, 2113-2115; Datsun - \\u0413\\u0430\\u0431\\u0430\\u0440\\u0438\\u0442\\u044b\"}}]"
  }
},
{
  "model": "admin.logentry",
  "pk": 169,
  "fields": {
    "action_time": "2025-09-16T20:29:27.444Z",
    "user": [
      "xomma"
    ],
    "content_type": [
      "product",
      "product"
    ],
    "object_id": "44",
    "object_repr": "Комплект реактивных тяг (штанг) Extreme – Нива: 4х...",
    "action_flag": 1,
    "change_message": "[{\"added\": {}}, {\"added\": {\"name\": \"\\u0414\\u043e\\u043f\\u043e\\u043b\\u043d\\u0438\\u0442\\u0435\\u043b\\u044c\\u043d\\u043e\\u0435 \\u0438\\u0437\\u043e\\u0431\\u0440\\u0430\\u0436\\u0435\\u043d\\u0438\\u0435\", \"object\": \"AdditionalImage object (80)\"}}, {\"added\": {\"name\": \"\\u0414\\u0438\\u043d\\u0430\\u043c\\u0438\\u0447\\u0435\\u0441\\u043a\\u043e\\u0435 \\u043e\\u043f\\u0438\\u0441\\u0430\\u043d\\u0438\\u0435 \\u0442\\u043e\\u0432\\u0430\\u0440\\u0430\", \"object\": \"\\u041a\\u043e\\u043c\\u043f\\u043b\\u0435\\u043a\\u0442 \\u0440\\u0435\\u0430\\u043a\\u0442\\u0438\\u0432\\u043d\\u044b\\u0445 \\u0442\\u044f\\u0433 (\\u0448\\u0442\\u0430\\u043d\\u0433) Extreme \\u2013 \\u041d\\u0438\\u0432\\u0430: 4\\u04454, \\u0428\\u0435\\u0432\\u0440\\u043e\\u043b\\u0435 \\u041d\\u0438\\u0432\\u0430, 2101-2107 - \\u041c\\u0430\\u0442\\u0435\\u0440\\u0438\\u0430\\u043b\"}}, {\"added\": {\"name\": \"\\u0414\\u0438\\u043d\\u0430\\u043c\\u0438\\u0447\\u0435\\u0441\\u043a\\u043e\\u0435 \\u043e\\u043f\\u0438\\u0441\\u0430\\u043d\\u0438\\u0435 \\u0442\\u043e\\u0432\\u0430\\u0440\\u0430\", \"object\": \"\\u041a\\u043e\\u043c\\u043f\\u043b\\u0435\\u043a\\u0442 \\u0440\\u0435\\u0430\\u043a\\u0442\\u0438\\u0432\\u043d\\u044b\\u0445 \\u0442\\u044f\\u0433 (\\u0448\\u0442\\u0430\\u043d\\u0433) Extreme \\u2013 \\u041d\\u0438\\u0432\\u0430: 4\\u04454, \\u0428\\u0435\\u0432\\u0440\\u043e\\u043b\\u0435 \\u041d\\u0438\\u0432\\u0430, 2101-2107 - \\u041f\\u043e\\u043a\\u0440\\u044b\\u0442\\u0438\\u0435\"}}, {\"added\": {\"name\": \"\\u0414\\u0438\\u043d\\u0430\\u043c\\u0438\\u0447\\u0435\\u0441\\u043a\\u043e\\u0435 \\u043e\\u043f\\u0438\\u0441\\u0430\\u043d\\u0438\\u0435 \\u0442\\u043e\\u0432\\u0430\\u0440\\u0430\", \"object\": \"\\u041a\\u043e\\u043c\\u043f\\u043b\\u0435\\u043a\\u0442 \\u0440\\u0435\\u0430\\u043a\\u0442\\u0438\\u0432\\u043d\\u044b\\u0445 \\u0442\\u044f\\u0433 (\\u0448\\u0442\\u0430\\u043d\\u0433) Extreme \\u2013 \\u041d\\u0438\\u0432\\u0430: 4\\u04454, \\u0428\\u0435\\u0432\\u0440\\u043e\\u043b\\u0435 \\u041d\\u0438\\u0432\\u0430, 2101-2107 - \\u0413\\u0430\\u0431\\u0430\\u0440\\u0438\\u0442\\u044b\"}}, {\"added\": {\"name\": \"\\u0414\\u0438\\u043d\\u0430\\u043c\\u0438\\u0447\\u0435\\u0441\\u043a\\u043e\\u0435 \\u043e\\u043f\\u0438\\u0441\\u0430\\u043d\\u0438\\u0435 \\u0442\\u043e\\u0432\\u0430\\u0440\\u0430\", \"object\": \"\\u041a\\u043e\\u043c\\u043f\\u043b\\u0435\\u043a\\u0442 \\u0440\\u0435\\u0430\\u043a\\u0442\\u0438\\u0432\\u043d\\u044b\\u0445 \\u0442\\u044f\\u0433 (\\u0448\\u0442\\u0430\\u043d\\u0433) Extreme \\u2013 \\u041d\\u0438\\u0432\\u0430: 4\\u04454, \\u0428\\u0435\\u0432\\u0440\\u043e\\u043b\\u0435 \\u041d\\u0438\\u0432\\u0430, 2101-2107 - \\u0412\\u0435\\u0441\"}}, {\"added\": {\"name\": \"\\u0414\\u0438\\u043d\\u0430\\u043c\\u0438\\u0447\\u0435\\u0441\\u043a\\u043e\\u0435 \\u043e\\u043f\\u0438\\u0441\\u0430\\u043d\\u0438\\u0435 \\u0442\\u043e\\u0432\\u0430\\u0440\\u0430\", \"object\": \"\\u041a\\u043e\\u043c\\u043f\\u043b\\u0435\\u043a\\u0442 \\u0440\\u0435\\u0430\\u043a\\u0442\\u0438\\u0432\\u043d\\u044b\\u0445 \\u0442\\u044f\\u0433 (\\u0448\\u0442\\u0430\\u043d\\u0433) Extreme \\u2013 \\u041d\\u0438\\u0432\\u0430: 4\\u04454, \\u0428\\u0435\\u0432\\u0440\\u043e\\u043b\\u0435 \\u041d\\u0438\\u0432\\u0430, 2101-2107 - \\u0413\\u0430\\u0440\\u0430\\u043d\\u0442\\u0438\\u044f\"}}]"
  }
},
{
  "model": "admin.logentry",
  "pk": 170,
  "fields": {
    "action_time": "2025-09-16T20:31:16.241Z",
    "user": [
      "xomma"
    ],
    "content_type": [
      "product",
      "product"
    ],
    "object_id": "45",
    "object_repr": "Рычаги задние регулируемые HONDA CR-V 2 (2шт)",
    "action_flag": 1,
    "change_message": "[{\"added\": {}}, {\"added\": {\"name\": \"\\u0414\\u0438\\u043d\\u0430\\u043c\\u0438\\u0447\\u0435\\u0441\\u043a\\u043e\\u0435 \\u043e\\u043f\\u0438\\u0441\\u0430\\u043d\\u0438\\u0435 \\u0442\\u043e\\u0432\\u0430\\u0440\\u0430\", \"object\": \"\\u0420\\u044b\\u0447\\u0430\\u0433\\u0438 \\u0437\\u0430\\u0434\\u043d\\u0438\\u0435 \\u0440\\u0435\\u0433\\u0443\\u043b\\u0438\\u0440\\u0443\\u0435\\u043c\\u044b\\u0435 HONDA CR-V 2 (2\\u0448\\u0442) - \\u0411\\u0440\\u0435\\u043d\\u0434\"}}]"
  }
},
{
  "model": "admin.logentry",
  "pk": 171,
  "fields": {
    "action_time": "2025-09-16T20:38:04.399Z",
    "user": [
      "xomma"
    ],
    "content_type": [
      "product",
      "product"
    ],
    "object_id": "46",
    "object_repr": "Регулируемые задние рычаги HONDA CR-V 3 (2шт)",
    "action_flag": 1,
    "change_message": "[{\"added\": {}}]"
  }
},
{
  "model": "admin.logentry",
  "pk": 172,
  "fields": {
    "action_time": "2025-09-16T20:40:06.391Z",
    "user": [
      "xomma"
    ],
    "content_type": [
      "product",
      "product"
    ],
    "object_id": "47",
    "object_repr": "Амортизатор задней подвески в сборе, асфальт",
    "action_flag": 1,
    "change_message": "[{\"added\": {}}]"
  }
},
{
  "model": "admin.logentry",
  "pk": 173,
  "fields": {
    "action_time": "2025-09-16T20:41:30.900Z",
    "user": [
      "xomma"
    ],
    "content_type": [
      "product",
      "product"
    ],
    "object_id": "48",
    "object_repr": "Амортизатор передний с корпусом в сборе левый, тре...",
    "action_flag": 1,
    "change_message": "[{\"added\": {}}]"
  }
},
{
  "model": "admin.logentry",
  "pk": 174,
  "fields": {
    "action_time": "2025-09-16T20:48:12.243Z",
    "user": [
      "xomma"
    ],
    "content_type": [
      "product",
      "product"
    ],
    "object_id": "49",
    "object_repr": "Стабилизатор поперечной устойчивости 24мм – LADA: ...",
    "action_flag": 1,
    "change_message": "[{\"added\": {}}, {\"added\": {\"name\": \"\\u0414\\u043e\\u043f\\u043e\\u043b\\u043d\\u0438\\u0442\\u0435\\u043b\\u044c\\u043d\\u043e\\u0435 \\u0438\\u0437\\u043e\\u0431\\u0440\\u0430\\u0436\\u0435\\u043d\\u0438\\u0435\", \"object\": \"AdditionalImage object (81)\"}}, {\"added\": {\"name\": \"\\u0414\\u0438\\u043d\\u0430\\u043c\\u0438\\u0447\\u0435\\u0441\\u043a\\u043e\\u0435 \\u043e\\u043f\\u0438\\u0441\\u0430\\u043d\\u0438\\u0435 \\u0442\\u043e\\u0432\\u0430\\u0440\\u0430\", \"object\": \"\\u0421\\u0442\\u0430\\u0431\\u0438\\u043b\\u0438\\u0437\\u0430\\u0442\\u043e\\u0440 \\u043f\\u043e\\u043f\\u0435\\u0440\\u0435\\u0447\\u043d\\u043e\\u0439 \\u0443\\u0441\\u0442\\u043e\\u0439\\u0447\\u0438\\u0432\\u043e\\u0441\\u0442\\u0438 24\\u043c\\u043c \\u2013 LADA: Granta, Kalina 2; Datsun - \\u0413\\u0430\\u0440\\u0430\\u043d\\u0442\\u0438\\u044f\"}}, {\"added\": {\"name\": \"\\u0414\\u0438\\u043d\\u0430\\u043c\\u0438\\u0447\\u0435\\u0441\\u043a\\u043e\\u0435 \\u043e\\u043f\\u0438\\u0441\\u0430\\u043d\\u0438\\u0435 \\u0442\\u043e\\u0432\\u0430\\u0440\\u0430\", \"object\": \"\\u0421\\u0442\\u0430\\u0431\\u0438\\u043b\\u0438\\u0437\\u0430\\u0442\\u043e\\u0440 \\u043f\\u043e\\u043f\\u0435\\u0440\\u0435\\u0447\\u043d\\u043e\\u0439 \\u0443\\u0441\\u0442\\u043e\\u0439\\u0447\\u0438\\u0432\\u043e\\u0441\\u0442\\u0438 24\\u043c\\u043c \\u2013 LADA: Granta, Kalina 2; Datsun - \\u0412\\u0435\\u0441\"}}, {\"added\": {\"name\": \"\\u0414\\u0438\\u043d\\u0430\\u043c\\u0438\\u0447\\u0435\\u0441\\u043a\\u043e\\u0435 \\u043e\\u043f\\u0438\\u0441\\u0430\\u043d\\u0438\\u0435 \\u0442\\u043e\\u0432\\u0430\\u0440\\u0430\", \"object\": \"\\u0421\\u0442\\u0430\\u0431\\u0438\\u043b\\u0438\\u0437\\u0430\\u0442\\u043e\\u0440 \\u043f\\u043e\\u043f\\u0435\\u0440\\u0435\\u0447\\u043d\\u043e\\u0439 \\u0443\\u0441\\u0442\\u043e\\u0439\\u0447\\u0438\\u0432\\u043e\\u0441\\u0442\\u0438 24\\u043c\\u043c \\u2013 LADA: Granta, Kalina 2; Datsun - \\u0413\\u0430\\u0431\\u0430\\u0440\\u0438\\u0442\\u044b\"}}]"
  }
},
{
  "model": "admin.logentry",
  "pk": 175,
  "fields": {
    "action_time": "2025-09-16T20:53:36.291Z",
    "user": [
      "xomma"
    ],
    "content_type": [
      "product",
      "product"
    ],
    "object_id": "50",
    "object_repr": "AP 0578-У Стабилизатор поперечной устойчивости 22 ...",
    "action_flag": 1,
    "change_message": "[{\"added\": {}}, {\"added\": {\"name\": \"\\u0414\\u0438\\u043d\\u0430\\u043c\\u0438\\u0447\\u0435\\u0441\\u043a\\u043e\\u0435 \\u043e\\u043f\\u0438\\u0441\\u0430\\u043d\\u0438\\u0435 \\u0442\\u043e\\u0432\\u0430\\u0440\\u0430\", \"object\": \"AP 0578-\\u0423 \\u0421\\u0442\\u0430\\u0431\\u0438\\u043b\\u0438\\u0437\\u0430\\u0442\\u043e\\u0440 \\u043f\\u043e\\u043f\\u0435\\u0440\\u0435\\u0447\\u043d\\u043e\\u0439 \\u0443\\u0441\\u0442\\u043e\\u0439\\u0447\\u0438\\u0432\\u043e\\u0441\\u0442\\u0438 22 \\u043c\\u043c \\u0432 \\u0441\\u0431\\u043e\\u0440\\u0435, \\u0441 \\u0443\\u0441\\u0438\\u043b\\u0435\\u043d\\u043d\\u044b\\u043c\\u0438 \\u0441\\u0442\\u043e\\u0439\\u043a\\u0430\\u043c\\u0438 \\u0412\\u0410\\u0417 \\u041a\\u0410\\u041b\\u0418\\u041d\\u0410 \\u0413\\u0420\\u0410\\u041d\\u0422\\u0410 - \\u041f\\u043e\\u043a\\u0440\\u044b\\u0442\\u0438\\u0435\"}}]"
  }
},
{
  "model": "admin.logentry",
  "pk": 208,
  "fields": {
    "action_time": "2025-09-17T14:03:52.891Z",
    "user": [
      "xomma"
    ],
    "content_type": [
      "product",
      "product"
    ],
    "object_id": "83",
    "object_repr": "Задняя независимая подвеска, ЛАДА ВЕСТА",
    "action_flag": 1,
    "change_message": "[{\"added\": {}}, {\"added\": {\"name\": \"\\u0414\\u043e\\u043f\\u043e\\u043b\\u043d\\u0438\\u0442\\u0435\\u043b\\u044c\\u043d\\u043e\\u0435 \\u0438\\u0437\\u043e\\u0431\\u0440\\u0430\\u0436\\u0435\\u043d\\u0438\\u0435\", \"object\": \"AdditionalImage object (82)\"}}, {\"added\": {\"name\": \"\\u0414\\u043e\\u043f\\u043e\\u043b\\u043d\\u0438\\u0442\\u0435\\u043b\\u044c\\u043d\\u043e\\u0435 \\u0438\\u0437\\u043e\\u0431\\u0440\\u0430\\u0436\\u0435\\u043d\\u0438\\u0435\", \"object\": \"AdditionalImage object (83)\"}}, {\"added\": {\"name\": \"\\u0414\\u0438\\u043d\\u0430\\u043c\\u0438\\u0447\\u0435\\u0441\\u043a\\u043e\\u0435 \\u043e\\u043f\\u0438\\u0441\\u0430\\u043d\\u0438\\u0435 \\u0442\\u043e\\u0432\\u0430\\u0440\\u0430\", \"object\": \"\\u0417\\u0430\\u0434\\u043d\\u044f\\u044f \\u043d\\u0435\\u0437\\u0430\\u0432\\u0438\\u0441\\u0438\\u043c\\u0430\\u044f \\u043f\\u043e\\u0434\\u0432\\u0435\\u0441\\u043a\\u0430, \\u041b\\u0410\\u0414\\u0410 \\u0412\\u0415\\u0421\\u0422\\u0410 - \\u041c\\u0430\\u0442\\u0435\\u0440\\u0438\\u0430\\u043b\"}}, {\"added\": {\"name\": \"\\u0414\\u0438\\u043d\\u0430\\u043c\\u0438\\u0447\\u0435\\u0441\\u043a\\u043e\\u0435 \\u043e\\u043f\\u0438\\u0441\\u0430\\u043d\\u0438\\u0435 \\u0442\\u043e\\u0432\\u0430\\u0440\\u0430\", \"object\": \"\\u0417\\u0430\\u0434\\u043d\\u044f\\u044f \\u043d\\u0435\\u0437\\u0430\\u0432\\u0438\\u0441\\u0438\\u043c\\u0430\\u044f \\u043f\\u043e\\u0434\\u0432\\u0435\\u0441\\u043a\\u0430, \\u041b\\u0410\\u0414\\u0410 \\u0412\\u0415\\u0421\\u0422\\u0410 - \\u041f\\u043e\\u043a\\u0440\\u044b\\u0442\\u0438\\u0435\"}}, {\"added\": {\"name\": \"\\u0414\\u0438\\u043d\\u0430\\u043c\\u0438\\u0447\\u0435\\u0441\\u043a\\u043e\\u0435 \\u043e\\u043f\\u0438\\u0441\\u0430\\u043d\\u0438\\u0435 \\u0442\\u043e\\u0432\\u0430\\u0440\\u0430\", \"object\": \"\\u0417\\u0430\\u0434\\u043d\\u044f\\u044f \\u043d\\u0435\\u0437\\u0430\\u0432\\u0438\\u0441\\u0438\\u043c\\u0430\\u044f \\u043f\\u043e\\u0434\\u0432\\u0435\\u0441\\u043a\\u0430, \\u041b\\u0410\\u0414\\u0410 \\u0412\\u0415\\u0421\\u0422\\u0410 - \\u0426\\u0432\\u0435\\u0442\"}}, {\"added\": {\"name\": \"\\u0414\\u0438\\u043d\\u0430\\u043c\\u0438\\u0447\\u0435\\u0441\\u043a\\u043e\\u0435 \\u043e\\u043f\\u0438\\u0441\\u0430\\u043d\\u0438\\u0435 \\u0442\\u043e\\u0432\\u0430\\u0440\\u0430\", \"object\": \"\\u0417\\u0430\\u0434\\u043d\\u044f\\u044f \\u043d\\u0435\\u0437\\u0430\\u0432\\u0438\\u0441\\u0438\\u043c\\u0430\\u044f \\u043f\\u043e\\u0434\\u0432\\u0435\\u0441\\u043a\\u0430, \\u041b\\u0410\\u0414\\u0410 \\u0412\\u0415\\u0421\\u0422\\u0410 - \\u0413\\u0430\\u0431\\u0430\\u0440\\u0438\\u0442\\u044b\"}}, {\"added\": {\"name\": \"\\u0414\\u0438\\u043d\\u0430\\u043c\\u0438\\u0447\\u0435\\u0441\\u043a\\u043e\\u0435 \\u043e\\u043f\\u0438\\u0441\\u0430\\u043d\\u0438\\u0435 \\u0442\\u043e\\u0432\\u0430\\u0440\\u0430\", \"object\": \"\\u0417\\u0430\\u0434\\u043d\\u044f\\u044f \\u043d\\u0435\\u0437\\u0430\\u0432\\u0438\\u0441\\u0438\\u043c\\u0430\\u044f \\u043f\\u043e\\u0434\\u0432\\u0435\\u0441\\u043a\\u0430, \\u041b\\u0410\\u0414\\u0410 \\u0412\\u0415\\u0421\\u0422\\u0410 - \\u0412\\u0435\\u0441\"}}, {\"added\": {\"name\": \"\\u0414\\u0438\\u043d\\u0430\\u043c\\u0438\\u0447\\u0435\\u0441\\u043a\\u043e\\u0435 \\u043e\\u043f\\u0438\\u0441\\u0430\\u043d\\u0438\\u0435 \\u0442\\u043e\\u0432\\u0430\\u0440\\u0430\", \"object\": \"\\u0417\\u0430\\u0434\\u043d\\u044f\\u044f \\u043d\\u0435\\u0437\\u0430\\u0432\\u0438\\u0441\\u0438\\u043c\\u0430\\u044f \\u043f\\u043e\\u0434\\u0432\\u0435\\u0441\\u043a\\u0430, \\u041b\\u0410\\u0414\\u0410 \\u0412\\u0415\\u0421\\u0422\\u0410 - \\u0413\\u0430\\u0440\\u0430\\u043d\\u0442\\u0438\\u044f\"}}, {\"added\": {\"name\": \"\\u0414\\u0438\\u043d\\u0430\\u043c\\u0438\\u0447\\u0435\\u0441\\u043a\\u043e\\u0435 \\u043e\\u043f\\u0438\\u0441\\u0430\\u043d\\u0438\\u0435 \\u0442\\u043e\\u0432\\u0430\\u0440\\u0430\", \"object\": \"\\u0417\\u0430\\u0434\\u043d\\u044f\\u044f \\u043d\\u0435\\u0437\\u0430\\u0432\\u0438\\u0441\\u0438\\u043c\\u0430\\u044f \\u043f\\u043e\\u0434\\u0432\\u0435\\u0441\\u043a\\u0430, \\u041b\\u0410\\u0414\\u0410 \\u0412\\u0415\\u0421\\u0422\\u0410 - \\u0421\\u0442\\u0440\\u0430\\u043d\\u0430 \\u043f\\u0440\\u043e\\u0438\\u0437\\u0432\\u043e\\u0434\\u0438\\u0442\\u0435\\u043b\\u044c\"}}, {\"added\": {\"name\": \"\\u0414\\u0438\\u043d\\u0430\\u043c\\u0438\\u0447\\u0435\\u0441\\u043a\\u043e\\u0435 \\u043e\\u043f\\u0438\\u0441\\u0430\\u043d\\u0438\\u0435 \\u0442\\u043e\\u0432\\u0430\\u0440\\u0430\", \"object\": \"\\u0417\\u0430\\u0434\\u043d\\u044f\\u044f \\u043d\\u0435\\u0437\\u0430\\u0432\\u0438\\u0441\\u0438\\u043c\\u0430\\u044f \\u043f\\u043e\\u0434\\u0432\\u0435\\u0441\\u043a\\u0430, \\u041b\\u0410\\u0414\\u0410 \\u0412\\u0415\\u0421\\u0422\\u0410 - \\u0411\\u0440\\u0435\\u043d\\u0434\"}}]"
  }
},
{
  "model": "admin.logentry",
  "pk": 209,
  "fields": {
    "action_time": "2025-09-17T14:09:38.818Z",
    "user": [
      "xomma"
    ],
    "content_type": [
      "product",
      "product"
    ],
    "object_id": "84",
    "object_repr": "Комплект жестких рычагов с регулировкой развала, В...",
    "action_flag": 1,
    "change_message": "[{\"added\": {}}, {\"added\": {\"name\": \"\\u0414\\u043e\\u043f\\u043e\\u043b\\u043d\\u0438\\u0442\\u0435\\u043b\\u044c\\u043d\\u043e\\u0435 \\u0438\\u0437\\u043e\\u0431\\u0440\\u0430\\u0436\\u0435\\u043d\\u0438\\u0435\", \"object\": \"AdditionalImage object (84)\"}}, {\"added\": {\"name\": \"\\u0414\\u043e\\u043f\\u043e\\u043b\\u043d\\u0438\\u0442\\u0435\\u043b\\u044c\\u043d\\u043e\\u0435 \\u0438\\u0437\\u043e\\u0431\\u0440\\u0430\\u0436\\u0435\\u043d\\u0438\\u0435\", \"object\": \"AdditionalImage object (85)\"}}, {\"added\": {\"name\": \"\\u0414\\u043e\\u043f\\u043e\\u043b\\u043d\\u0438\\u0442\\u0435\\u043b\\u044c\\u043d\\u043e\\u0435 \\u0438\\u0437\\u043e\\u0431\\u0440\\u0430\\u0436\\u0435\\u043d\\u0438\\u0435\", \"object\": \"AdditionalImage object (86)\"}}, {\"added\": {\"name\": \"\\u0414\\u043e\\u043f\\u043e\\u043b\\u043d\\u0438\\u0442\\u0435\\u043b\\u044c\\u043d\\u043e\\u0435 \\u0438\\u0437\\u043e\\u0431\\u0440\\u0430\\u0436\\u0435\\u043d\\u0438\\u0435\", \"object\": \"AdditionalImage object (87)\"}}, {\"added\": {\"name\": \"\\u0414\\u0438\\u043d\\u0430\\u043c\\u0438\\u0447\\u0435\\u0441\\u043a\\u043e\\u0435 \\u043e\\u043f\\u0438\\u0441\\u0430\\u043d\\u0438\\u0435 \\u0442\\u043e\\u0432\\u0430\\u0440\\u0430\", \"object\": \"\\u041a\\u043e\\u043c\\u043f\\u043b\\u0435\\u043a\\u0442 \\u0436\\u0435\\u0441\\u0442\\u043a\\u0438\\u0445 \\u0440\\u044b\\u0447\\u0430\\u0433\\u043e\\u0432 \\u0441 \\u0440\\u0435\\u0433\\u0443\\u043b\\u0438\\u0440\\u043e\\u0432\\u043a\\u043e\\u0439 \\u0440\\u0430\\u0437\\u0432\\u0430\\u043b\\u0430, \\u0412\\u0410\\u0417 \\u0412\\u0415\\u0421\\u0422\\u0410 - \\u0412\\u0435\\u0441\"}}, {\"added\": {\"name\": \"\\u0414\\u0438\\u043d\\u0430\\u043c\\u0438\\u0447\\u0435\\u0441\\u043a\\u043e\\u0435 \\u043e\\u043f\\u0438\\u0441\\u0430\\u043d\\u0438\\u0435 \\u0442\\u043e\\u0432\\u0430\\u0440\\u0430\", \"object\": \"\\u041a\\u043e\\u043c\\u043f\\u043b\\u0435\\u043a\\u0442 \\u0436\\u0435\\u0441\\u0442\\u043a\\u0438\\u0445 \\u0440\\u044b\\u0447\\u0430\\u0433\\u043e\\u0432 \\u0441 \\u0440\\u0435\\u0433\\u0443\\u043b\\u0438\\u0440\\u043e\\u0432\\u043a\\u043e\\u0439 \\u0440\\u0430\\u0437\\u0432\\u0430\\u043b\\u0430, \\u0412\\u0410\\u0417 \\u0412\\u0415\\u0421\\u0422\\u0410 - \\u041c\\u0430\\u0442\\u0435\\u0440\\u0438\\u0430\\u043b\"}}, {\"added\": {\"name\": \"\\u0414\\u0438\\u043d\\u0430\\u043c\\u0438\\u0447\\u0435\\u0441\\u043a\\u043e\\u0435 \\u043e\\u043f\\u0438\\u0441\\u0430\\u043d\\u0438\\u0435 \\u0442\\u043e\\u0432\\u0430\\u0440\\u0430\", \"object\": \"\\u041a\\u043e\\u043c\\u043f\\u043b\\u0435\\u043a\\u0442 \\u0436\\u0435\\u0441\\u0442\\u043a\\u0438\\u0445 \\u0440\\u044b\\u0447\\u0430\\u0433\\u043e\\u0432 \\u0441 \\u0440\\u0435\\u0433\\u0443\\u043b\\u0438\\u0440\\u043e\\u0432\\u043a\\u043e\\u0439 \\u0440\\u0430\\u0437\\u0432\\u0430\\u043b\\u0430, \\u0412\\u0410\\u0417 \\u0412\\u0415\\u0421\\u0422\\u0410 - \\u041f\\u043e\\u043a\\u0440\\u044b\\u0442\\u0438\\u0435\"}}, {\"added\": {\"name\": \"\\u0414\\u0438\\u043d\\u0430\\u043c\\u0438\\u0447\\u0435\\u0441\\u043a\\u043e\\u0435 \\u043e\\u043f\\u0438\\u0441\\u0430\\u043d\\u0438\\u0435 \\u0442\\u043e\\u0432\\u0430\\u0440\\u0430\", \"object\": \"\\u041a\\u043e\\u043c\\u043f\\u043b\\u0435\\u043a\\u0442 \\u0436\\u0435\\u0441\\u0442\\u043a\\u0438\\u0445 \\u0440\\u044b\\u0447\\u0430\\u0433\\u043e\\u0432 \\u0441 \\u0440\\u0435\\u0433\\u0443\\u043b\\u0438\\u0440\\u043e\\u0432\\u043a\\u043e\\u0439 \\u0440\\u0430\\u0437\\u0432\\u0430\\u043b\\u0430, \\u0412\\u0410\\u0417 \\u0412\\u0415\\u0421\\u0422\\u0410 - \\u0426\\u0432\\u0435\\u0442\"}}, {\"added\": {\"name\": \"\\u0414\\u0438\\u043d\\u0430\\u043c\\u0438\\u0447\\u0435\\u0441\\u043a\\u043e\\u0435 \\u043e\\u043f\\u0438\\u0441\\u0430\\u043d\\u0438\\u0435 \\u0442\\u043e\\u0432\\u0430\\u0440\\u0430\", \"object\": \"\\u041a\\u043e\\u043c\\u043f\\u043b\\u0435\\u043a\\u0442 \\u0436\\u0435\\u0441\\u0442\\u043a\\u0438\\u0445 \\u0440\\u044b\\u0447\\u0430\\u0433\\u043e\\u0432 \\u0441 \\u0440\\u0435\\u0433\\u0443\\u043b\\u0438\\u0440\\u043e\\u0432\\u043a\\u043e\\u0439 \\u0440\\u0430\\u0437\\u0432\\u0430\\u043b\\u0430, \\u0412\\u0410\\u0417 \\u0412\\u0415\\u0421\\u0422\\u0410 - \\u0413\\u0430\\u0431\\u0430\\u0440\\u0438\\u0442\\u044b\"}}, {\"added\": {\"name\": \"\\u0414\\u0438\\u043d\\u0430\\u043c\\u0438\\u0447\\u0435\\u0441\\u043a\\u043e\\u0435 \\u043e\\u043f\\u0438\\u0441\\u0430\\u043d\\u0438\\u0435 \\u0442\\u043e\\u0432\\u0430\\u0440\\u0430\", \"object\": \"\\u041a\\u043e\\u043c\\u043f\\u043b\\u0435\\u043a\\u0442 \\u0436\\u0435\\u0441\\u0442\\u043a\\u0438\\u0445 \\u0440\\u044b\\u0447\\u0430\\u0433\\u043e\\u0432 \\u0441 \\u0440\\u0435\\u0433\\u0443\\u043b\\u0438\\u0440\\u043e\\u0432\\u043a\\u043e\\u0439 \\u0440\\u0430\\u0437\\u0432\\u0430\\u043b\\u0430, \\u0412\\u0410\\u0417 \\u0412\\u0415\\u0421\\u0422\\u0410 - \\u0421\\u0442\\u0440\\u0430\\u043d\\u0430 \\u043f\\u0440\\u043e\\u0438\\u0437\\u0432\\u043e\\u0434\\u0438\\u0442\\u0435\\u043b\\u044c\"}}, {\"added\": {\"name\": \"\\u0414\\u0438\\u043d\\u0430\\u043c\\u0438\\u0447\\u0435\\u0441\\u043a\\u043e\\u0435 \\u043e\\u043f\\u0438\\u0441\\u0430\\u043d\\u0438\\u0435 \\u0442\\u043e\\u0432\\u0430\\u0440\\u0430\", \"object\": \"\\u041a\\u043e\\u043c\\u043f\\u043b\\u0435\\u043a\\u0442 \\u0436\\u0435\\u0441\\u0442\\u043a\\u0438\\u0445 \\u0440\\u044b\\u0447\\u0430\\u0433\\u043e\\u0432 \\u0441 \\u0440\\u0435\\u0433\\u0443\\u043b\\u0438\\u0440\\u043e\\u0432\\u043a\\u043e\\u0439 \\u0440\\u0430\\u0437\\u0432\\u0430\\u043b\\u0430, \\u0412\\u0410\\u0417 \\u0412\\u0415\\u0421\\u0422\\u0410 - \\u0411\\u0440\\u0435\\u043d\\u0434\"}}, {\"added\": {\"name\": \"\\u0414\\u0438\\u043d\\u0430\\u043c\\u0438\\u0447\\u0435\\u0441\\u043a\\u043e\\u0435 \\u043e\\u043f\\u0438\\u0441\\u0430\\u043d\\u0438\\u0435 \\u0442\\u043e\\u0432\\u0430\\u0440\\u0430\", \"object\": \"\\u041a\\u043e\\u043c\\u043f\\u043b\\u0435\\u043a\\u0442 \\u0436\\u0435\\u0441\\u0442\\u043a\\u0438\\u0445 \\u0440\\u044b\\u0447\\u0430\\u0433\\u043e\\u0432 \\u0441 \\u0440\\u0435\\u0433\\u0443\\u043b\\u0438\\u0440\\u043e\\u0432\\u043a\\u043e\\u0439 \\u0440\\u0430\\u0437\\u0432\\u0430\\u043b\\u0430, \\u0412\\u0410\\u0417 \\u0412\\u0415\\u0421\\u0422\\u0410 - \\u0413\\u0430\\u0440\\u0430\\u043d\\u0442\\u0438\\u044f\"}}]"
  }
},
{
  "model": "admin.logentry",
  "pk": 210,
  "fields": {
    "action_time": "2025-09-17T14:14:58.586Z",
    "user": [
      "xomma"
    ],
    "content_type": [
      "product",
      "product"
    ],
    "object_id": "85",
    "object_repr": "Поперечина с передней опорой силового агрегата, ЛА...",
    "action_flag": 1,
    "change_message": "[{\"added\": {}}, {\"added\": {\"name\": \"\\u0414\\u043e\\u043f\\u043e\\u043b\\u043d\\u0438\\u0442\\u0435\\u043b\\u044c\\u043d\\u043e\\u0435 \\u0438\\u0437\\u043e\\u0431\\u0440\\u0430\\u0436\\u0435\\u043d\\u0438\\u0435\", \"object\": \"AdditionalImage object (88)\"}}, {\"added\": {\"name\": \"\\u0414\\u043e\\u043f\\u043e\\u043b\\u043d\\u0438\\u0442\\u0435\\u043b\\u044c\\u043d\\u043e\\u0435 \\u0438\\u0437\\u043e\\u0431\\u0440\\u0430\\u0436\\u0435\\u043d\\u0438\\u0435\", \"object\": \"AdditionalImage object (89)\"}}, {\"added\": {\"name\": \"\\u0414\\u043e\\u043f\\u043e\\u043b\\u043d\\u0438\\u0442\\u0435\\u043b\\u044c\\u043d\\u043e\\u0435 \\u0438\\u0437\\u043e\\u0431\\u0440\\u0430\\u0436\\u0435\\u043d\\u0438\\u0435\", \"object\": \"AdditionalImage object (90)\"}}, {\"added\": {\"name\": \"\\u0414\\u043e\\u043f\\u043e\\u043b\\u043d\\u0438\\u0442\\u0435\\u043b\\u044c\\u043d\\u043e\\u0435 \\u0438\\u0437\\u043e\\u0431\\u0440\\u0430\\u0436\\u0435\\u043d\\u0438\\u0435\", \"object\": \"AdditionalImage object (91)\"}}, {\"added\": {\"name\": \"\\u0414\\u0438\\u043d\\u0430\\u043c\\u0438\\u0447\\u0435\\u0441\\u043a\\u043e\\u0435 \\u043e\\u043f\\u0438\\u0441\\u0430\\u043d\\u0438\\u0435 \\u0442\\u043e\\u0432\\u0430\\u0440\\u0430\", \"object\": \"\\u041f\\u043e\\u043f\\u0435\\u0440\\u0435\\u0447\\u0438\\u043d\\u0430 \\u0441 \\u043f\\u0435\\u0440\\u0435\\u0434\\u043d\\u0435\\u0439 \\u043e\\u043f\\u043e\\u0440\\u043e\\u0439 \\u0441\\u0438\\u043b\\u043e\\u0432\\u043e\\u0433\\u043e \\u0430\\u0433\\u0440\\u0435\\u0433\\u0430\\u0442\\u0430, \\u041b\\u0410\\u0414\\u0410 \\u0412\\u0415\\u0421\\u0422\\u0410 - \\u0412\\u0435\\u0441\"}}, {\"added\": {\"name\": \"\\u0414\\u0438\\u043d\\u0430\\u043c\\u0438\\u0447\\u0435\\u0441\\u043a\\u043e\\u0435 \\u043e\\u043f\\u0438\\u0441\\u0430\\u043d\\u0438\\u0435 \\u0442\\u043e\\u0432\\u0430\\u0440\\u0430\", \"object\": \"\\u041f\\u043e\\u043f\\u0435\\u0440\\u0435\\u0447\\u0438\\u043d\\u0430 \\u0441 \\u043f\\u0435\\u0440\\u0435\\u0434\\u043d\\u0435\\u0439 \\u043e\\u043f\\u043e\\u0440\\u043e\\u0439 \\u0441\\u0438\\u043b\\u043e\\u0432\\u043e\\u0433\\u043e \\u0430\\u0433\\u0440\\u0435\\u0433\\u0430\\u0442\\u0430, \\u041b\\u0410\\u0414\\u0410 \\u0412\\u0415\\u0421\\u0422\\u0410 - \\u041c\\u0430\\u0442\\u0435\\u0440\\u0438\\u0430\\u043b\"}}, {\"added\": {\"name\": \"\\u0414\\u0438\\u043d\\u0430\\u043c\\u0438\\u0447\\u0435\\u0441\\u043a\\u043e\\u0435 \\u043e\\u043f\\u0438\\u0441\\u0430\\u043d\\u0438\\u0435 \\u0442\\u043e\\u0432\\u0430\\u0440\\u0430\", \"object\": \"\\u041f\\u043e\\u043f\\u0435\\u0440\\u0435\\u0447\\u0438\\u043d\\u0430 \\u0441 \\u043f\\u0435\\u0440\\u0435\\u0434\\u043d\\u0435\\u0439 \\u043e\\u043f\\u043e\\u0440\\u043e\\u0439 \\u0441\\u0438\\u043b\\u043e\\u0432\\u043e\\u0433\\u043e \\u0430\\u0433\\u0440\\u0435\\u0433\\u0430\\u0442\\u0430, \\u041b\\u0410\\u0414\\u0410 \\u0412\\u0415\\u0421\\u0422\\u0410 - \\u041f\\u043e\\u043a\\u0440\\u044b\\u0442\\u0438\\u0435\"}}, {\"added\": {\"name\": \"\\u0414\\u0438\\u043d\\u0430\\u043c\\u0438\\u0447\\u0435\\u0441\\u043a\\u043e\\u0435 \\u043e\\u043f\\u0438\\u0441\\u0430\\u043d\\u0438\\u0435 \\u0442\\u043e\\u0432\\u0430\\u0440\\u0430\", \"object\": \"\\u041f\\u043e\\u043f\\u0435\\u0440\\u0435\\u0447\\u0438\\u043d\\u0430 \\u0441 \\u043f\\u0435\\u0440\\u0435\\u0434\\u043d\\u0435\\u0439 \\u043e\\u043f\\u043e\\u0440\\u043e\\u0439 \\u0441\\u0438\\u043b\\u043e\\u0432\\u043e\\u0433\\u043e \\u0430\\u0433\\u0440\\u0435\\u0433\\u0430\\u0442\\u0430, \\u041b\\u0410\\u0414\\u0410 \\u0412\\u0415\\u0421\\u0422\\u0410 - \\u0426\\u0432\\u0435\\u0442\"}}, {\"added\": {\"name\": \"\\u0414\\u0438\\u043d\\u0430\\u043c\\u0438\\u0447\\u0435\\u0441\\u043a\\u043e\\u0435 \\u043e\\u043f\\u0438\\u0441\\u0430\\u043d\\u0438\\u0435 \\u0442\\u043e\\u0432\\u0430\\u0440\\u0430\", \"object\": \"\\u041f\\u043e\\u043f\\u0435\\u0440\\u0435\\u0447\\u0438\\u043d\\u0430 \\u0441 \\u043f\\u0435\\u0440\\u0435\\u0434\\u043d\\u0435\\u0439 \\u043e\\u043f\\u043e\\u0440\\u043e\\u0439 \\u0441\\u0438\\u043b\\u043e\\u0432\\u043e\\u0433\\u043e \\u0430\\u0433\\u0440\\u0435\\u0433\\u0430\\u0442\\u0430, \\u041b\\u0410\\u0414\\u0410 \\u0412\\u0415\\u0421\\u0422\\u0410 - \\u0413\\u0430\\u0431\\u0430\\u0440\\u0438\\u0442\\u044b\"}}, {\"added\": {\"name\": \"\\u0414\\u0438\\u043d\\u0430\\u043c\\u0438\\u0447\\u0435\\u0441\\u043a\\u043e\\u0435 \\u043e\\u043f\\u0438\\u0441\\u0430\\u043d\\u0438\\u0435 \\u0442\\u043e\\u0432\\u0430\\u0440\\u0430\", \"object\": \"\\u041f\\u043e\\u043f\\u0435\\u0440\\u0435\\u0447\\u0438\\u043d\\u0430 \\u0441 \\u043f\\u0435\\u0440\\u0435\\u0434\\u043d\\u0435\\u0439 \\u043e\\u043f\\u043e\\u0440\\u043e\\u0439 \\u0441\\u0438\\u043b\\u043e\\u0432\\u043e\\u0433\\u043e \\u0430\\u0433\\u0440\\u0435\\u0433\\u0430\\u0442\\u0430, \\u041b\\u0410\\u0414\\u0410 \\u0412\\u0415\\u0421\\u0422\\u0410 - \\u0421\\u0442\\u0440\\u0430\\u043d\\u0430 \\u043f\\u0440\\u043e\\u0438\\u0437\\u0432\\u043e\\u0434\\u0438\\u0442\\u0435\\u043b\\u044c\"}}, {\"added\": {\"name\": \"\\u0414\\u0438\\u043d\\u0430\\u043c\\u0438\\u0447\\u0435\\u0441\\u043a\\u043e\\u0435 \\u043e\\u043f\\u0438\\u0441\\u0430\\u043d\\u0438\\u0435 \\u0442\\u043e\\u0432\\u0430\\u0440\\u0430\", \"object\": \"\\u041f\\u043e\\u043f\\u0435\\u0440\\u0435\\u0447\\u0438\\u043d\\u0430 \\u0441 \\u043f\\u0435\\u0440\\u0435\\u0434\\u043d\\u0435\\u0439 \\u043e\\u043f\\u043e\\u0440\\u043e\\u0439 \\u0441\\u0438\\u043b\\u043e\\u0432\\u043e\\u0433\\u043e \\u0430\\u0433\\u0440\\u0435\\u0433\\u0430\\u0442\\u0430, \\u041b\\u0410\\u0414\\u0410 \\u0412\\u0415\\u0421\\u0422\\u0410 - \\u0411\\u0440\\u0435\\u043d\\u0434\"}}, {\"added\": {\"name\": \"\\u0414\\u0438\\u043d\\u0430\\u043c\\u0438\\u0447\\u0435\\u0441\\u043a\\u043e\\u0435 \\u043e\\u043f\\u0438\\u0441\\u0430\\u043d\\u0438\\u0435 \\u0442\\u043e\\u0432\\u0430\\u0440\\u0430\", \"object\": \"\\u041f\\u043e\\u043f\\u0435\\u0440\\u0435\\u0447\\u0438\\u043d\\u0430 \\u0441 \\u043f\\u0435\\u0440\\u0435\\u0434\\u043d\\u0435\\u0439 \\u043e\\u043f\\u043e\\u0440\\u043e\\u0439 \\u0441\\u0438\\u043b\\u043e\\u0432\\u043e\\u0433\\u043e \\u0430\\u0433\\u0440\\u0435\\u0433\\u0430\\u0442\\u0430, \\u041b\\u0410\\u0414\\u0410 \\u0412\\u0415\\u0421\\u0422\\u0410 - \\u0413\\u0430\\u0440\\u0430\\u043d\\u0442\\u0438\\u044f\"}}]"
  }
},
{
  "model": "admin.logentry",
  "pk": 211,
  "fields": {
    "action_time": "2025-09-17T14:23:57.480Z",
    "user": [
      "xomma"
    ],
    "content_type": [
      "product",
      "set"
    ],
    "object_id": "1",
    "object_repr": "CROSS PRO Лада ВЕСТА",
    "action_flag": 1,
    "change_message": "[{\"added\": {}}, {\"added\": {\"name\": \"\\u0422\\u043e\\u0432\\u0430\\u0440 \\u0432 \\u043a\\u043e\\u043c\\u043f\\u043b\\u0435\\u043a\\u0442\\u0435\", \"object\": \"CROSS PRO \\u041b\\u0430\\u0434\\u0430 \\u0412\\u0415\\u0421\\u0422\\u0410 - \\u0417\\u0430\\u0434\\u043d\\u044f\\u044f \\u043d\\u0435\\u0437\\u0430\\u0432\\u0438\\u0441\\u0438\\u043c\\u0430\\u044f \\u043f\\u043e\\u0434\\u0432\\u0435\\u0441\\u043a\\u0430, \\u041b\\u0410\\u0414\\u0410 \\u0412\\u0415\\u0421\\u0422\\u0410\"}}, {\"added\": {\"name\": \"\\u0422\\u043e\\u0432\\u0430\\u0440 \\u0432 \\u043a\\u043e\\u043c\\u043f\\u043b\\u0435\\u043a\\u0442\\u0435\", \"object\": \"CROSS PRO \\u041b\\u0430\\u0434\\u0430 \\u0412\\u0415\\u0421\\u0422\\u0410 - \\u041a\\u043e\\u043c\\u043f\\u043b\\u0435\\u043a\\u0442 \\u0436\\u0435\\u0441\\u0442\\u043a\\u0438\\u0445 \\u0440\\u044b\\u0447\\u0430\\u0433\\u043e\\u0432 \\u0441 \\u0440\\u0435\\u0433\\u0443\\u043b\\u0438\\u0440\\u043e\\u0432\\u043a\\u043e\\u0439 \\u0440\\u0430\\u0437\\u0432\\u0430\\u043b\\u0430, \\u0412\\u0410\\u0417 \\u0412\\u0415\\u0421\\u0422\\u0410\"}}, {\"added\": {\"name\": \"\\u0422\\u043e\\u0432\\u0430\\u0440 \\u0432 \\u043a\\u043e\\u043c\\u043f\\u043b\\u0435\\u043a\\u0442\\u0435\", \"object\": \"CROSS PRO \\u041b\\u0430\\u0434\\u0430 \\u0412\\u0415\\u0421\\u0422\\u0410 - \\u0412\\u0438\\u043d\\u0442\\u043e\\u0432\\u043e\\u0439 \\u0441\\u0430\\u043c\\u043e\\u0431\\u043b\\u043e\\u043a\\u0438\\u0440\\u0443\\u044e\\u0449\\u0438\\u0439\\u0441\\u044f \\u0434\\u0438\\u0444\\u0444\\u0435\\u0440\\u0435\\u043d\\u0446\\u0438\\u0430\\u043b \\u0441 \\u0443\\u0432\\u0435\\u043b\\u0438\\u0447\\u0435\\u043d\\u043d\\u044b\\u043c \\u041a\\u0411 ( \\u0441 \\u043f\\u0440\\u0435\\u0434\\u043d\\u0430\\u0442\\u044f\\u0433\\u043e\\u043c ) \\u2013 \\u0412\\u0410\\u0417: 2108-21099, 2113-2115, 2110-2112, \\u041f\\u0440\\u0438\\u043e\\u0440\\u0430, \\u041a\\u0430\\u043b\\u0438\\u043d\\u0430, \\u0413\\u0440\\u0430\\u043d\\u0442\\u0430; Datsun\"}}, {\"added\": {\"name\": \"\\u0422\\u043e\\u0432\\u0430\\u0440 \\u0432 \\u043a\\u043e\\u043c\\u043f\\u043b\\u0435\\u043a\\u0442\\u0435\", \"object\": \"CROSS PRO \\u041b\\u0430\\u0434\\u0430 \\u0412\\u0415\\u0421\\u0422\\u0410 - \\u041f\\u043e\\u043f\\u0435\\u0440\\u0435\\u0447\\u0438\\u043d\\u0430 \\u0441 \\u043f\\u0435\\u0440\\u0435\\u0434\\u043d\\u0435\\u0439 \\u043e\\u043f\\u043e\\u0440\\u043e\\u0439 \\u0441\\u0438\\u043b\\u043e\\u0432\\u043e\\u0433\\u043e \\u0430\\u0433\\u0440\\u0435\\u0433\\u0430\\u0442\\u0430, \\u041b\\u0410\\u0414\\u0410 \\u0412\\u0415\\u0421\\u0422\\u0410\"}}, {\"added\": {\"name\": \"\\u0422\\u043e\\u0432\\u0430\\u0440 \\u0432 \\u043a\\u043e\\u043c\\u043f\\u043b\\u0435\\u043a\\u0442\\u0435\", \"object\": \"CROSS PRO \\u041b\\u0430\\u0434\\u0430 \\u0412\\u0415\\u0421\\u0422\\u0410 - \\u0421\\u043a\\u0440\\u044b\\u0442\\u0430\\u044f \\u0440\\u0430\\u0441\\u043f\\u043e\\u0440\\u043a\\u0430 \\u043f\\u0435\\u0440\\u0435\\u0434\\u043d\\u0438\\u0445 \\u0441\\u0442\\u043e\\u0435\\u043a \\u2013 \\u041b\\u0430\\u0434\\u0430 \\u0412\\u0435\\u0441\\u0442\\u0430\"}}]"
  }
},
{
  "model": "admin.logentry",
  "pk": 212,
  "fields": {
    "action_time": "2025-09-17T14:33:58.758Z",
    "user": [
      "xomma"
    ],
    "content_type": [
      "product",
      "set"
    ],
    "object_id": "1",
    "object_repr": "CROSS PRO Лада ВЕСТА",
    "action_flag": 2,
    "change_message": "[]"
  }
},
{
  "model": "admin.logentry",
  "pk": 213,
  "fields": {
    "action_time": "2025-09-17T17:51:01.508Z",
    "user": [
      "xomma"
    ],
    "content_type": [
      "product",
      "set"
    ],
    "object_id": "1",
    "object_repr": "CROSS PRO Лада ВЕСТА",
    "action_flag": 2,
    "change_message": "[{\"changed\": {\"fields\": [\"\\u0421\\u043a\\u0438\\u0434\\u043a\\u0430 \\u0432 \\u043f\\u0440\\u043e\\u0446\\u0435\\u043d\\u0442\\u0430\\u0445\"]}}]"
  }
},
{
  "model": "admin.logentry",
  "pk": 214,
  "fields": {
    "action_time": "2025-09-17T17:52:34.938Z",
    "user": [
      "xomma"
    ],
    "content_type": [
      "product",
      "set"
    ],
    "object_id": "1",
    "object_repr": "CROSS PRO Лада ВЕСТА",
    "action_flag": 2,
    "change_message": "[{\"changed\": {\"fields\": [\"\\u0421\\u043a\\u0438\\u0434\\u043a\\u0430 \\u0432 \\u043f\\u0440\\u043e\\u0446\\u0435\\u043d\\u0442\\u0430\\u0445\"]}}]"
  }
},
{
  "model": "admin.logentry",
  "pk": 215,
  "fields": {
    "action_time": "2025-09-17T18:23:33.123Z",
    "user": [
      "xomma"
    ],
    "content_type": [
      "product",
      "product"
    ],
    "object_id": "86",
    "object_repr": "Подрамник с рычагами – ВАЗ 2110-2112, Приора",
    "action_flag": 1,
    "change_message": "[{\"added\": {}}, {\"added\": {\"name\": \"\\u0414\\u043e\\u043f\\u043e\\u043b\\u043d\\u0438\\u0442\\u0435\\u043b\\u044c\\u043d\\u043e\\u0435 \\u0438\\u0437\\u043e\\u0431\\u0440\\u0430\\u0436\\u0435\\u043d\\u0438\\u0435\", \"object\": \"AdditionalImage object (92)\"}}, {\"added\": {\"name\": \"\\u0414\\u043e\\u043f\\u043e\\u043b\\u043d\\u0438\\u0442\\u0435\\u043b\\u044c\\u043d\\u043e\\u0435 \\u0438\\u0437\\u043e\\u0431\\u0440\\u0430\\u0436\\u0435\\u043d\\u0438\\u0435\", \"object\": \"AdditionalImage object (93)\"}}, {\"added\": {\"name\": \"\\u0414\\u043e\\u043f\\u043e\\u043b\\u043d\\u0438\\u0442\\u0435\\u043b\\u044c\\u043d\\u043e\\u0435 \\u0438\\u0437\\u043e\\u0431\\u0440\\u0430\\u0436\\u0435\\u043d\\u0438\\u0435\", \"object\": \"AdditionalImage object (94)\"}}, {\"added\": {\"name\": \"\\u0414\\u043e\\u043f\\u043e\\u043b\\u043d\\u0438\\u0442\\u0435\\u043b\\u044c\\u043d\\u043e\\u0435 \\u0438\\u0437\\u043e\\u0431\\u0440\\u0430\\u0436\\u0435\\u043d\\u0438\\u0435\", \"object\": \"AdditionalImage object (95)\"}}, {\"added\": {\"name\": \"\\u0414\\u0438\\u043d\\u0430\\u043c\\u0438\\u0447\\u0435\\u0441\\u043a\\u043e\\u0435 \\u043e\\u043f\\u0438\\u0441\\u0430\\u043d\\u0438\\u0435 \\u0442\\u043e\\u0432\\u0430\\u0440\\u0430\", \"object\": \"\\u041f\\u043e\\u0434\\u0440\\u0430\\u043c\\u043d\\u0438\\u043a \\u0441 \\u0440\\u044b\\u0447\\u0430\\u0433\\u0430\\u043c\\u0438 \\u2013 \\u0412\\u0410\\u0417 2110-2112, \\u041f\\u0440\\u0438\\u043e\\u0440\\u0430 - \\u0412\\u0435\\u0441\"}}, {\"added\": {\"name\": \"\\u0414\\u0438\\u043d\\u0430\\u043c\\u0438\\u0447\\u0435\\u0441\\u043a\\u043e\\u0435 \\u043e\\u043f\\u0438\\u0441\\u0430\\u043d\\u0438\\u0435 \\u0442\\u043e\\u0432\\u0430\\u0440\\u0430\", \"object\": \"\\u041f\\u043e\\u0434\\u0440\\u0430\\u043c\\u043d\\u0438\\u043a \\u0441 \\u0440\\u044b\\u0447\\u0430\\u0433\\u0430\\u043c\\u0438 \\u2013 \\u0412\\u0410\\u0417 2110-2112, \\u041f\\u0440\\u0438\\u043e\\u0440\\u0430 - \\u041c\\u0430\\u0442\\u0435\\u0440\\u0438\\u0430\\u043b\"}}, {\"added\": {\"name\": \"\\u0414\\u0438\\u043d\\u0430\\u043c\\u0438\\u0447\\u0435\\u0441\\u043a\\u043e\\u0435 \\u043e\\u043f\\u0438\\u0441\\u0430\\u043d\\u0438\\u0435 \\u0442\\u043e\\u0432\\u0430\\u0440\\u0430\", \"object\": \"\\u041f\\u043e\\u0434\\u0440\\u0430\\u043c\\u043d\\u0438\\u043a \\u0441 \\u0440\\u044b\\u0447\\u0430\\u0433\\u0430\\u043c\\u0438 \\u2013 \\u0412\\u0410\\u0417 2110-2112, \\u041f\\u0440\\u0438\\u043e\\u0440\\u0430 - \\u041f\\u043e\\u043a\\u0440\\u044b\\u0442\\u0438\\u0435\"}}, {\"added\": {\"name\": \"\\u0414\\u0438\\u043d\\u0430\\u043c\\u0438\\u0447\\u0435\\u0441\\u043a\\u043e\\u0435 \\u043e\\u043f\\u0438\\u0441\\u0430\\u043d\\u0438\\u0435 \\u0442\\u043e\\u0432\\u0430\\u0440\\u0430\", \"object\": \"\\u041f\\u043e\\u0434\\u0440\\u0430\\u043c\\u043d\\u0438\\u043a \\u0441 \\u0440\\u044b\\u0447\\u0430\\u0433\\u0430\\u043c\\u0438 \\u2013 \\u0412\\u0410\\u0417 2110-2112, \\u041f\\u0440\\u0438\\u043e\\u0440\\u0430 - \\u0426\\u0432\\u0435\\u0442\"}}, {\"added\": {\"name\": \"\\u0414\\u0438\\u043d\\u0430\\u043c\\u0438\\u0447\\u0435\\u0441\\u043a\\u043e\\u0435 \\u043e\\u043f\\u0438\\u0441\\u0430\\u043d\\u0438\\u0435 \\u0442\\u043e\\u0432\\u0430\\u0440\\u0430\", \"object\": \"\\u041f\\u043e\\u0434\\u0440\\u0430\\u043c\\u043d\\u0438\\u043a \\u0441 \\u0440\\u044b\\u0447\\u0430\\u0433\\u0430\\u043c\\u0438 \\u2013 \\u0412\\u0410\\u0417 2110-2112, \\u041f\\u0440\\u0438\\u043e\\u0440\\u0430 - \\u0413\\u0430\\u0431\\u0430\\u0440\\u0438\\u0442\\u044b\"}}, {\"added\": {\"name\": \"\\u0414\\u0438\\u043d\\u0430\\u043c\\u0438\\u0447\\u0435\\u0441\\u043a\\u043e\\u0435 \\u043e\\u043f\\u0438\\u0441\\u0430\\u043d\\u0438\\u0435 \\u0442\\u043e\\u0432\\u0430\\u0440\\u0430\", \"object\": \"\\u041f\\u043e\\u0434\\u0440\\u0430\\u043c\\u043d\\u0438\\u043a \\u0441 \\u0440\\u044b\\u0447\\u0430\\u0433\\u0430\\u043c\\u0438 \\u2013 \\u0412\\u0410\\u0417 2110-2112, \\u041f\\u0440\\u0438\\u043e\\u0440\\u0430 - \\u041e\\u0431\\u044a\\u0435\\u043c\"}}, {\"added\": {\"name\": \"\\u0414\\u0438\\u043d\\u0430\\u043c\\u0438\\u0447\\u0435\\u0441\\u043a\\u043e\\u0435 \\u043e\\u043f\\u0438\\u0441\\u0430\\u043d\\u0438\\u0435 \\u0442\\u043e\\u0432\\u0430\\u0440\\u0430\", \"object\": \"\\u041f\\u043e\\u0434\\u0440\\u0430\\u043c\\u043d\\u0438\\u043a \\u0441 \\u0440\\u044b\\u0447\\u0430\\u0433\\u0430\\u043c\\u0438 \\u2013 \\u0412\\u0410\\u0417 2110-2112, \\u041f\\u0440\\u0438\\u043e\\u0440\\u0430 - \\u0421\\u0442\\u0440\\u0430\\u043d\\u0430 \\u043f\\u0440\\u043e\\u0438\\u0437\\u0432\\u043e\\u0434\\u0438\\u0442\\u0435\\u043b\\u044c\"}}, {\"added\": {\"name\": \"\\u0414\\u0438\\u043d\\u0430\\u043c\\u0438\\u0447\\u0435\\u0441\\u043a\\u043e\\u0435 \\u043e\\u043f\\u0438\\u0441\\u0430\\u043d\\u0438\\u0435 \\u0442\\u043e\\u0432\\u0430\\u0440\\u0430\", \"object\": \"\\u041f\\u043e\\u0434\\u0440\\u0430\\u043c\\u043d\\u0438\\u043a \\u0441 \\u0440\\u044b\\u0447\\u0430\\u0433\\u0430\\u043c\\u0438 \\u2013 \\u0412\\u0410\\u0417 2110-2112, \\u041f\\u0440\\u0438\\u043e\\u0440\\u0430 - \\u0411\\u0440\\u0435\\u043d\\u0434\"}}, {\"added\": {\"name\": \"\\u0414\\u0438\\u043d\\u0430\\u043c\\u0438\\u0447\\u0435\\u0441\\u043a\\u043e\\u0435 \\u043e\\u043f\\u0438\\u0441\\u0430\\u043d\\u0438\\u0435 \\u0442\\u043e\\u0432\\u0430\\u0440\\u0430\", \"object\": \"\\u041f\\u043e\\u0434\\u0440\\u0430\\u043c\\u043d\\u0438\\u043a \\u0441 \\u0440\\u044b\\u0447\\u0430\\u0433\\u0430\\u043c\\u0438 \\u2013 \\u0412\\u0410\\u0417 2110-2112, \\u041f\\u0440\\u0438\\u043e\\u0440\\u0430 - \\u0413\\u0430\\u0440\\u0430\\u043d\\u0442\\u0438\\u044f\"}}]"
  }
},
{
  "model": "admin.logentry",
  "pk": 216,
  "fields": {
    "action_time": "2025-09-17T18:27:33.998Z",
    "user": [
      "xomma"
    ],
    "content_type": [
      "product",
      "dynamicdescriptionfield"
    ],
    "object_id": "10",
    "object_repr": "Толщина",
    "action_flag": 1,
    "change_message": "[{\"added\": {}}]"
  }
},
{
  "model": "admin.logentry",
  "pk": 217,
  "fields": {
    "action_time": "2025-09-17T18:27:44.168Z",
    "user": [
      "xomma"
    ],
    "content_type": [
      "product",
      "product"
    ],
    "object_id": "87",
    "object_repr": "Защита двигателя стальная для подрамника – ВАЗ 211...",
    "action_flag": 1,
    "change_message": "[{\"added\": {}}, {\"added\": {\"name\": \"\\u0414\\u0438\\u043d\\u0430\\u043c\\u0438\\u0447\\u0435\\u0441\\u043a\\u043e\\u0435 \\u043e\\u043f\\u0438\\u0441\\u0430\\u043d\\u0438\\u0435 \\u0442\\u043e\\u0432\\u0430\\u0440\\u0430\", \"object\": \"\\u0417\\u0430\\u0449\\u0438\\u0442\\u0430 \\u0434\\u0432\\u0438\\u0433\\u0430\\u0442\\u0435\\u043b\\u044f \\u0441\\u0442\\u0430\\u043b\\u044c\\u043d\\u0430\\u044f \\u0434\\u043b\\u044f \\u043f\\u043e\\u0434\\u0440\\u0430\\u043c\\u043d\\u0438\\u043a\\u0430 \\u2013 \\u0412\\u0410\\u0417 2110-2112, \\u041f\\u0440\\u0438\\u043e\\u0440\\u0430 - \\u0412\\u0435\\u0441\"}}, {\"added\": {\"name\": \"\\u0414\\u0438\\u043d\\u0430\\u043c\\u0438\\u0447\\u0435\\u0441\\u043a\\u043e\\u0435 \\u043e\\u043f\\u0438\\u0441\\u0430\\u043d\\u0438\\u0435 \\u0442\\u043e\\u0432\\u0430\\u0440\\u0430\", \"object\": \"\\u0417\\u0430\\u0449\\u0438\\u0442\\u0430 \\u0434\\u0432\\u0438\\u0433\\u0430\\u0442\\u0435\\u043b\\u044f \\u0441\\u0442\\u0430\\u043b\\u044c\\u043d\\u0430\\u044f \\u0434\\u043b\\u044f \\u043f\\u043e\\u0434\\u0440\\u0430\\u043c\\u043d\\u0438\\u043a\\u0430 \\u2013 \\u0412\\u0410\\u0417 2110-2112, \\u041f\\u0440\\u0438\\u043e\\u0440\\u0430 - \\u041c\\u0430\\u0442\\u0435\\u0440\\u0438\\u0430\\u043b\"}}, {\"added\": {\"name\": \"\\u0414\\u0438\\u043d\\u0430\\u043c\\u0438\\u0447\\u0435\\u0441\\u043a\\u043e\\u0435 \\u043e\\u043f\\u0438\\u0441\\u0430\\u043d\\u0438\\u0435 \\u0442\\u043e\\u0432\\u0430\\u0440\\u0430\", \"object\": \"\\u0417\\u0430\\u0449\\u0438\\u0442\\u0430 \\u0434\\u0432\\u0438\\u0433\\u0430\\u0442\\u0435\\u043b\\u044f \\u0441\\u0442\\u0430\\u043b\\u044c\\u043d\\u0430\\u044f \\u0434\\u043b\\u044f \\u043f\\u043e\\u0434\\u0440\\u0430\\u043c\\u043d\\u0438\\u043a\\u0430 \\u2013 \\u0412\\u0410\\u0417 2110-2112, \\u041f\\u0440\\u0438\\u043e\\u0440\\u0430 - \\u0413\\u0430\\u0431\\u0430\\u0440\\u0438\\u0442\\u044b\"}}, {\"added\": {\"name\": \"\\u0414\\u0438\\u043d\\u0430\\u043c\\u0438\\u0447\\u0435\\u0441\\u043a\\u043e\\u0435 \\u043e\\u043f\\u0438\\u0441\\u0430\\u043d\\u0438\\u0435 \\u0442\\u043e\\u0432\\u0430\\u0440\\u0430\", \"object\": \"\\u0417\\u0430\\u0449\\u0438\\u0442\\u0430 \\u0434\\u0432\\u0438\\u0433\\u0430\\u0442\\u0435\\u043b\\u044f \\u0441\\u0442\\u0430\\u043b\\u044c\\u043d\\u0430\\u044f \\u0434\\u043b\\u044f \\u043f\\u043e\\u0434\\u0440\\u0430\\u043c\\u043d\\u0438\\u043a\\u0430 \\u2013 \\u0412\\u0410\\u0417 2110-2112, \\u041f\\u0440\\u0438\\u043e\\u0440\\u0430 - \\u041e\\u0431\\u044a\\u0435\\u043c\"}}, {\"added\": {\"name\": \"\\u0414\\u0438\\u043d\\u0430\\u043c\\u0438\\u0447\\u0435\\u0441\\u043a\\u043e\\u0435 \\u043e\\u043f\\u0438\\u0441\\u0430\\u043d\\u0438\\u0435 \\u0442\\u043e\\u0432\\u0430\\u0440\\u0430\", \"object\": \"\\u0417\\u0430\\u0449\\u0438\\u0442\\u0430 \\u0434\\u0432\\u0438\\u0433\\u0430\\u0442\\u0435\\u043b\\u044f \\u0441\\u0442\\u0430\\u043b\\u044c\\u043d\\u0430\\u044f \\u0434\\u043b\\u044f \\u043f\\u043e\\u0434\\u0440\\u0430\\u043c\\u043d\\u0438\\u043a\\u0430 \\u2013 \\u0412\\u0410\\u0417 2110-2112, \\u041f\\u0440\\u0438\\u043e\\u0440\\u0430 - \\u0421\\u0442\\u0440\\u0430\\u043d\\u0430 \\u043f\\u0440\\u043e\\u0438\\u0437\\u0432\\u043e\\u0434\\u0438\\u0442\\u0435\\u043b\\u044c\"}}, {\"added\": {\"name\": \"\\u0414\\u0438\\u043d\\u0430\\u043c\\u0438\\u0447\\u0435\\u0441\\u043a\\u043e\\u0435 \\u043e\\u043f\\u0438\\u0441\\u0430\\u043d\\u0438\\u0435 \\u0442\\u043e\\u0432\\u0430\\u0440\\u0430\", \"object\": \"\\u0417\\u0430\\u0449\\u0438\\u0442\\u0430 \\u0434\\u0432\\u0438\\u0433\\u0430\\u0442\\u0435\\u043b\\u044f \\u0441\\u0442\\u0430\\u043b\\u044c\\u043d\\u0430\\u044f \\u0434\\u043b\\u044f \\u043f\\u043e\\u0434\\u0440\\u0430\\u043c\\u043d\\u0438\\u043a\\u0430 \\u2013 \\u0412\\u0410\\u0417 2110-2112, \\u041f\\u0440\\u0438\\u043e\\u0440\\u0430 - \\u0411\\u0440\\u0435\\u043d\\u0434\"}}, {\"added\": {\"name\": \"\\u0414\\u0438\\u043d\\u0430\\u043c\\u0438\\u0447\\u0435\\u0441\\u043a\\u043e\\u0435 \\u043e\\u043f\\u0438\\u0441\\u0430\\u043d\\u0438\\u0435 \\u0442\\u043e\\u0432\\u0430\\u0440\\u0430\", \"object\": \"\\u0417\\u0430\\u0449\\u0438\\u0442\\u0430 \\u0434\\u0432\\u0438\\u0433\\u0430\\u0442\\u0435\\u043b\\u044f \\u0441\\u0442\\u0430\\u043b\\u044c\\u043d\\u0430\\u044f \\u0434\\u043b\\u044f \\u043f\\u043e\\u0434\\u0440\\u0430\\u043c\\u043d\\u0438\\u043a\\u0430 \\u2013 \\u0412\\u0410\\u0417 2110-2112, \\u041f\\u0440\\u0438\\u043e\\u0440\\u0430 - \\u0422\\u043e\\u043b\\u0449\\u0438\\u043d\\u0430\"}}]"
  }
},
{
  "model": "admin.logentry",
  "pk": 218,
  "fields": {
    "action_time": "2025-09-17T18:31:41.725Z",
    "user": [
      "xomma"
    ],
    "content_type": [
      "product",
      "product"
    ],
    "object_id": "88",
    "object_repr": "Распорка передних стоек – Лада Приора",
    "action_flag": 1,
    "change_message": "[{\"added\": {}}, {\"added\": {\"name\": \"\\u0414\\u043e\\u043f\\u043e\\u043b\\u043d\\u0438\\u0442\\u0435\\u043b\\u044c\\u043d\\u043e\\u0435 \\u0438\\u0437\\u043e\\u0431\\u0440\\u0430\\u0436\\u0435\\u043d\\u0438\\u0435\", \"object\": \"AdditionalImage object (96)\"}}, {\"added\": {\"name\": \"\\u0414\\u0438\\u043d\\u0430\\u043c\\u0438\\u0447\\u0435\\u0441\\u043a\\u043e\\u0435 \\u043e\\u043f\\u0438\\u0441\\u0430\\u043d\\u0438\\u0435 \\u0442\\u043e\\u0432\\u0430\\u0440\\u0430\", \"object\": \"\\u0420\\u0430\\u0441\\u043f\\u043e\\u0440\\u043a\\u0430 \\u043f\\u0435\\u0440\\u0435\\u0434\\u043d\\u0438\\u0445 \\u0441\\u0442\\u043e\\u0435\\u043a \\u2013 \\u041b\\u0430\\u0434\\u0430 \\u041f\\u0440\\u0438\\u043e\\u0440\\u0430 - \\u0412\\u0435\\u0441\"}}, {\"added\": {\"name\": \"\\u0414\\u0438\\u043d\\u0430\\u043c\\u0438\\u0447\\u0435\\u0441\\u043a\\u043e\\u0435 \\u043e\\u043f\\u0438\\u0441\\u0430\\u043d\\u0438\\u0435 \\u0442\\u043e\\u0432\\u0430\\u0440\\u0430\", \"object\": \"\\u0420\\u0430\\u0441\\u043f\\u043e\\u0440\\u043a\\u0430 \\u043f\\u0435\\u0440\\u0435\\u0434\\u043d\\u0438\\u0445 \\u0441\\u0442\\u043e\\u0435\\u043a \\u2013 \\u041b\\u0430\\u0434\\u0430 \\u041f\\u0440\\u0438\\u043e\\u0440\\u0430 - \\u0426\\u0432\\u0435\\u0442\"}}, {\"added\": {\"name\": \"\\u0414\\u0438\\u043d\\u0430\\u043c\\u0438\\u0447\\u0435\\u0441\\u043a\\u043e\\u0435 \\u043e\\u043f\\u0438\\u0441\\u0430\\u043d\\u0438\\u0435 \\u0442\\u043e\\u0432\\u0430\\u0440\\u0430\", \"object\": \"\\u0420\\u0430\\u0441\\u043f\\u043e\\u0440\\u043a\\u0430 \\u043f\\u0435\\u0440\\u0435\\u0434\\u043d\\u0438\\u0445 \\u0441\\u0442\\u043e\\u0435\\u043a \\u2013 \\u041b\\u0430\\u0434\\u0430 \\u041f\\u0440\\u0438\\u043e\\u0440\\u0430 - \\u0413\\u0430\\u0431\\u0430\\u0440\\u0438\\u0442\\u044b\"}}, {\"added\": {\"name\": \"\\u0414\\u0438\\u043d\\u0430\\u043c\\u0438\\u0447\\u0435\\u0441\\u043a\\u043e\\u0435 \\u043e\\u043f\\u0438\\u0441\\u0430\\u043d\\u0438\\u0435 \\u0442\\u043e\\u0432\\u0430\\u0440\\u0430\", \"object\": \"\\u0420\\u0430\\u0441\\u043f\\u043e\\u0440\\u043a\\u0430 \\u043f\\u0435\\u0440\\u0435\\u0434\\u043d\\u0438\\u0445 \\u0441\\u0442\\u043e\\u0435\\u043a \\u2013 \\u041b\\u0430\\u0434\\u0430 \\u041f\\u0440\\u0438\\u043e\\u0440\\u0430 - \\u041e\\u0431\\u044a\\u0435\\u043c\"}}, {\"added\": {\"name\": \"\\u0414\\u0438\\u043d\\u0430\\u043c\\u0438\\u0447\\u0435\\u0441\\u043a\\u043e\\u0435 \\u043e\\u043f\\u0438\\u0441\\u0430\\u043d\\u0438\\u0435 \\u0442\\u043e\\u0432\\u0430\\u0440\\u0430\", \"object\": \"\\u0420\\u0430\\u0441\\u043f\\u043e\\u0440\\u043a\\u0430 \\u043f\\u0435\\u0440\\u0435\\u0434\\u043d\\u0438\\u0445 \\u0441\\u0442\\u043e\\u0435\\u043a \\u2013 \\u041b\\u0430\\u0434\\u0430 \\u041f\\u0440\\u0438\\u043e\\u0440\\u0430 - \\u0421\\u0442\\u0440\\u0430\\u043d\\u0430 \\u043f\\u0440\\u043e\\u0438\\u0437\\u0432\\u043e\\u0434\\u0438\\u0442\\u0435\\u043b\\u044c\"}}, {\"added\": {\"name\": \"\\u0414\\u0438\\u043d\\u0430\\u043c\\u0438\\u0447\\u0435\\u0441\\u043a\\u043e\\u0435 \\u043e\\u043f\\u0438\\u0441\\u0430\\u043d\\u0438\\u0435 \\u0442\\u043e\\u0432\\u0430\\u0440\\u0430\", \"object\": \"\\u0420\\u0430\\u0441\\u043f\\u043e\\u0440\\u043a\\u0430 \\u043f\\u0435\\u0440\\u0435\\u0434\\u043d\\u0438\\u0445 \\u0441\\u0442\\u043e\\u0435\\u043a \\u2013 \\u041b\\u0430\\u0434\\u0430 \\u041f\\u0440\\u0438\\u043e\\u0440\\u0430 - \\u0411\\u0440\\u0435\\u043d\\u0434\"}}, {\"added\": {\"name\": \"\\u0414\\u0438\\u043d\\u0430\\u043c\\u0438\\u0447\\u0435\\u0441\\u043a\\u043e\\u0435 \\u043e\\u043f\\u0438\\u0441\\u0430\\u043d\\u0438\\u0435 \\u0442\\u043e\\u0432\\u0430\\u0440\\u0430\", \"object\": \"\\u0420\\u0430\\u0441\\u043f\\u043e\\u0440\\u043a\\u0430 \\u043f\\u0435\\u0440\\u0435\\u0434\\u043d\\u0438\\u0445 \\u0441\\u0442\\u043e\\u0435\\u043a \\u2013 \\u041b\\u0430\\u0434\\u0430 \\u041f\\u0440\\u0438\\u043e\\u0440\\u0430 - \\u0413\\u0430\\u0440\\u0430\\u043d\\u0442\\u0438\\u044f\"}}]"
  }
},
{
  "model": "admin.logentry",
  "pk": 219,
  "fields": {
    "action_time": "2025-09-17T18:43:06.221Z",
    "user": [
      "xomma"
    ],
    "content_type": [
      "product",
      "product"
    ],
    "object_id": "89",
    "object_repr": "Растяжка задних стоек – Приора, ВАЗ 2110-2112, 210...",
    "action_flag": 1,
    "change_message": "[{\"added\": {}}, {\"added\": {\"name\": \"\\u0414\\u043e\\u043f\\u043e\\u043b\\u043d\\u0438\\u0442\\u0435\\u043b\\u044c\\u043d\\u043e\\u0435 \\u0438\\u0437\\u043e\\u0431\\u0440\\u0430\\u0436\\u0435\\u043d\\u0438\\u0435\", \"object\": \"AdditionalImage object (97)\"}}, {\"added\": {\"name\": \"\\u0414\\u0438\\u043d\\u0430\\u043c\\u0438\\u0447\\u0435\\u0441\\u043a\\u043e\\u0435 \\u043e\\u043f\\u0438\\u0441\\u0430\\u043d\\u0438\\u0435 \\u0442\\u043e\\u0432\\u0430\\u0440\\u0430\", \"object\": \"\\u0420\\u0430\\u0441\\u0442\\u044f\\u0436\\u043a\\u0430 \\u0437\\u0430\\u0434\\u043d\\u0438\\u0445 \\u0441\\u0442\\u043e\\u0435\\u043a \\u2013 \\u041f\\u0440\\u0438\\u043e\\u0440\\u0430, \\u0412\\u0410\\u0417 2110-2112, 2108-21099, 2113-2115 - \\u0426\\u0432\\u0435\\u0442\"}}, {\"added\": {\"name\": \"\\u0414\\u0438\\u043d\\u0430\\u043c\\u0438\\u0447\\u0435\\u0441\\u043a\\u043e\\u0435 \\u043e\\u043f\\u0438\\u0441\\u0430\\u043d\\u0438\\u0435 \\u0442\\u043e\\u0432\\u0430\\u0440\\u0430\", \"object\": \"\\u0420\\u0430\\u0441\\u0442\\u044f\\u0436\\u043a\\u0430 \\u0437\\u0430\\u0434\\u043d\\u0438\\u0445 \\u0441\\u0442\\u043e\\u0435\\u043a \\u2013 \\u041f\\u0440\\u0438\\u043e\\u0440\\u0430, \\u0412\\u0410\\u0417 2110-2112, 2108-21099, 2113-2115 - \\u0413\\u0430\\u0431\\u0430\\u0440\\u0438\\u0442\\u044b\"}}, {\"added\": {\"name\": \"\\u0414\\u0438\\u043d\\u0430\\u043c\\u0438\\u0447\\u0435\\u0441\\u043a\\u043e\\u0435 \\u043e\\u043f\\u0438\\u0441\\u0430\\u043d\\u0438\\u0435 \\u0442\\u043e\\u0432\\u0430\\u0440\\u0430\", \"object\": \"\\u0420\\u0430\\u0441\\u0442\\u044f\\u0436\\u043a\\u0430 \\u0437\\u0430\\u0434\\u043d\\u0438\\u0445 \\u0441\\u0442\\u043e\\u0435\\u043a \\u2013 \\u041f\\u0440\\u0438\\u043e\\u0440\\u0430, \\u0412\\u0410\\u0417 2110-2112, 2108-21099, 2113-2115 - \\u0412\\u0435\\u0441\"}}, {\"added\": {\"name\": \"\\u0414\\u0438\\u043d\\u0430\\u043c\\u0438\\u0447\\u0435\\u0441\\u043a\\u043e\\u0435 \\u043e\\u043f\\u0438\\u0441\\u0430\\u043d\\u0438\\u0435 \\u0442\\u043e\\u0432\\u0430\\u0440\\u0430\", \"object\": \"\\u0420\\u0430\\u0441\\u0442\\u044f\\u0436\\u043a\\u0430 \\u0437\\u0430\\u0434\\u043d\\u0438\\u0445 \\u0441\\u0442\\u043e\\u0435\\u043a \\u2013 \\u041f\\u0440\\u0438\\u043e\\u0440\\u0430, \\u0412\\u0410\\u0417 2110-2112, 2108-21099, 2113-2115 - \\u041e\\u0431\\u044a\\u0435\\u043c\"}}, {\"added\": {\"name\": \"\\u0414\\u0438\\u043d\\u0430\\u043c\\u0438\\u0447\\u0435\\u0441\\u043a\\u043e\\u0435 \\u043e\\u043f\\u0438\\u0441\\u0430\\u043d\\u0438\\u0435 \\u0442\\u043e\\u0432\\u0430\\u0440\\u0430\", \"object\": \"\\u0420\\u0430\\u0441\\u0442\\u044f\\u0436\\u043a\\u0430 \\u0437\\u0430\\u0434\\u043d\\u0438\\u0445 \\u0441\\u0442\\u043e\\u0435\\u043a \\u2013 \\u041f\\u0440\\u0438\\u043e\\u0440\\u0430, \\u0412\\u0410\\u0417 2110-2112, 2108-21099, 2113-2115 - \\u0413\\u0430\\u0440\\u0430\\u043d\\u0442\\u0438\\u044f\"}}, {\"added\": {\"name\": \"\\u0414\\u0438\\u043d\\u0430\\u043c\\u0438\\u0447\\u0435\\u0441\\u043a\\u043e\\u0435 \\u043e\\u043f\\u0438\\u0441\\u0430\\u043d\\u0438\\u0435 \\u0442\\u043e\\u0432\\u0430\\u0440\\u0430\", \"object\": \"\\u0420\\u0430\\u0441\\u0442\\u044f\\u0436\\u043a\\u0430 \\u0437\\u0430\\u0434\\u043d\\u0438\\u0445 \\u0441\\u0442\\u043e\\u0435\\u043a \\u2013 \\u041f\\u0440\\u0438\\u043e\\u0440\\u0430, \\u0412\\u0410\\u0417 2110-2112, 2108-21099, 2113-2115 - \\u0421\\u0442\\u0440\\u0430\\u043d\\u0430 \\u043f\\u0440\\u043e\\u0438\\u0437\\u0432\\u043e\\u0434\\u0438\\u0442\\u0435\\u043b\\u044c\"}}, {\"added\": {\"name\": \"\\u0414\\u0438\\u043d\\u0430\\u043c\\u0438\\u0447\\u0435\\u0441\\u043a\\u043e\\u0435 \\u043e\\u043f\\u0438\\u0441\\u0430\\u043d\\u0438\\u0435 \\u0442\\u043e\\u0432\\u0430\\u0440\\u0430\", \"object\": \"\\u0420\\u0430\\u0441\\u0442\\u044f\\u0436\\u043a\\u0430 \\u0437\\u0430\\u0434\\u043d\\u0438\\u0445 \\u0441\\u0442\\u043e\\u0435\\u043a \\u2013 \\u041f\\u0440\\u0438\\u043e\\u0440\\u0430, \\u0412\\u0410\\u0417 2110-2112, 2108-21099, 2113-2115 - \\u0411\\u0440\\u0435\\u043d\\u0434\"}}]"
  }
},
{
  "model": "admin.logentry",
  "pk": 220,
  "fields": {
    "action_time": "2025-09-17T18:49:00.678Z",
    "user": [
      "xomma"
    ],
    "content_type": [
      "product",
      "set"
    ],
    "object_id": "2",
    "object_repr": "CROSS PRO – ВАЗ 2110-12, ПРИОРА 2170-71",
    "action_flag": 1,
    "change_message": "[{\"added\": {}}, {\"added\": {\"name\": \"\\u0422\\u043e\\u0432\\u0430\\u0440 \\u0432 \\u043a\\u043e\\u043c\\u043f\\u043b\\u0435\\u043a\\u0442\\u0435\", \"object\": \"CROSS PRO \\u2013 \\u0412\\u0410\\u0417 2110-12, \\u041f\\u0420\\u0418\\u041e\\u0420\\u0410 2170-71 - \\u041f\\u043e\\u0434\\u0440\\u0430\\u043c\\u043d\\u0438\\u043a \\u0441 \\u0440\\u044b\\u0447\\u0430\\u0433\\u0430\\u043c\\u0438 \\u2013 \\u0412\\u0410\\u0417 2110-2112, \\u041f\\u0440\\u0438\\u043e\\u0440\\u0430\"}}, {\"added\": {\"name\": \"\\u0422\\u043e\\u0432\\u0430\\u0440 \\u0432 \\u043a\\u043e\\u043c\\u043f\\u043b\\u0435\\u043a\\u0442\\u0435\", \"object\": \"CROSS PRO \\u2013 \\u0412\\u0410\\u0417 2110-12, \\u041f\\u0420\\u0418\\u041e\\u0420\\u0410 2170-71 - \\u0414\\u043e\\u043f\\u043e\\u043b\\u043d\\u0438\\u0442\\u0435\\u043b\\u044c\\u043d\\u0430\\u044f \\u043e\\u043f\\u043e\\u0440\\u0430 \\u0421\\u0410 \\u2013 \\u0412\\u0410\\u0417 2110-2112, \\u041f\\u0440\\u0438\\u043e\\u0440\\u0430\"}}, {\"added\": {\"name\": \"\\u0422\\u043e\\u0432\\u0430\\u0440 \\u0432 \\u043a\\u043e\\u043c\\u043f\\u043b\\u0435\\u043a\\u0442\\u0435\", \"object\": \"CROSS PRO \\u2013 \\u0412\\u0410\\u0417 2110-12, \\u041f\\u0420\\u0418\\u041e\\u0420\\u0410 2170-71 - \\u0417\\u0430\\u0449\\u0438\\u0442\\u0430 \\u0434\\u0432\\u0438\\u0433\\u0430\\u0442\\u0435\\u043b\\u044f \\u0441\\u0442\\u0430\\u043b\\u044c\\u043d\\u0430\\u044f \\u043e\\u0446\\u0438\\u043d\\u043a\\u043e\\u0432\\u0430\\u043d\\u043d\\u0430\\u044f \\u0434\\u043b\\u044f \\u043f\\u043e\\u0434\\u0440\\u0430\\u043c\\u043d\\u0438\\u043a\\u0430, \\u0412\\u0410\\u0417 \\u041a\\u0410\\u041b\\u0418\\u041d\\u0410 \\u0413\\u0420\\u0410\\u041d\\u0422\\u0410 \\u0414\\u0410\\u0422\\u0421\\u0423\\u041d\"}}, {\"added\": {\"name\": \"\\u0422\\u043e\\u0432\\u0430\\u0440 \\u0432 \\u043a\\u043e\\u043c\\u043f\\u043b\\u0435\\u043a\\u0442\\u0435\", \"object\": \"CROSS PRO \\u2013 \\u0412\\u0410\\u0417 2110-12, \\u041f\\u0420\\u0418\\u041e\\u0420\\u0410 2170-71 - \\u0417\\u0430\\u0434\\u043d\\u044f\\u044f \\u043d\\u0435\\u0437\\u0430\\u0432\\u0438\\u0441\\u0438\\u043c\\u0430\\u044f \\u043f\\u043e\\u0434\\u0432\\u0435\\u0441\\u043a\\u0430 \\u2013 \\u0412\\u0410\\u0417 2108-21099, 2113-2115, 2110-2112, \\u041f\\u0440\\u0438\\u043e\\u0440\\u0430\"}}, {\"added\": {\"name\": \"\\u0422\\u043e\\u0432\\u0430\\u0440 \\u0432 \\u043a\\u043e\\u043c\\u043f\\u043b\\u0435\\u043a\\u0442\\u0435\", \"object\": \"CROSS PRO \\u2013 \\u0412\\u0410\\u0417 2110-12, \\u041f\\u0420\\u0418\\u041e\\u0420\\u0410 2170-71 - \\u0420\\u0430\\u0441\\u043f\\u043e\\u0440\\u043a\\u0430 \\u043f\\u0435\\u0440\\u0435\\u0434\\u043d\\u0438\\u0445 \\u0441\\u0442\\u043e\\u0435\\u043a \\u2013 \\u041b\\u0430\\u0434\\u0430 \\u041f\\u0440\\u0438\\u043e\\u0440\\u0430\"}}, {\"added\": {\"name\": \"\\u0422\\u043e\\u0432\\u0430\\u0440 \\u0432 \\u043a\\u043e\\u043c\\u043f\\u043b\\u0435\\u043a\\u0442\\u0435\", \"object\": \"CROSS PRO \\u2013 \\u0412\\u0410\\u0417 2110-12, \\u041f\\u0420\\u0418\\u041e\\u0420\\u0410 2170-71 - \\u0420\\u0430\\u0441\\u0442\\u044f\\u0436\\u043a\\u0430 \\u0437\\u0430\\u0434\\u043d\\u0438\\u0445 \\u0441\\u0442\\u043e\\u0435\\u043a \\u2013 \\u041f\\u0440\\u0438\\u043e\\u0440\\u0430, \\u0412\\u0410\\u0417 2110-2112, 2108-21099, 2113-2115\"}}, {\"added\": {\"name\": \"\\u0422\\u043e\\u0432\\u0430\\u0440 \\u0432 \\u043a\\u043e\\u043c\\u043f\\u043b\\u0435\\u043a\\u0442\\u0435\", \"object\": \"CROSS PRO \\u2013 \\u0412\\u0410\\u0417 2110-12, \\u041f\\u0420\\u0418\\u041e\\u0420\\u0410 2170-71 - \\u0423\\u0441\\u0438\\u043b\\u0438\\u0442\\u0435\\u043b\\u0438 \\u043e\\u043f\\u043e\\u0440 \\u0441\\u0442\\u043e\\u0435\\u043a \\u2013 \\u0412\\u0410\\u0417 2110-2112, \\u041f\\u0440\\u0438\\u043e\\u0440\\u0430\"}}, {\"added\": {\"name\": \"\\u0422\\u043e\\u0432\\u0430\\u0440 \\u0432 \\u043a\\u043e\\u043c\\u043f\\u043b\\u0435\\u043a\\u0442\\u0435\", \"object\": \"CROSS PRO \\u2013 \\u0412\\u0410\\u0417 2110-12, \\u041f\\u0420\\u0418\\u041e\\u0420\\u0410 2170-71 - \\u0412\\u0438\\u043d\\u0442\\u043e\\u0432\\u043e\\u0439 \\u0441\\u0430\\u043c\\u043e\\u0431\\u043b\\u043e\\u043a\\u0438\\u0440\\u0443\\u044e\\u0449\\u0438\\u0439\\u0441\\u044f \\u0434\\u0438\\u0444\\u0444\\u0435\\u0440\\u0435\\u043d\\u0446\\u0438\\u0430\\u043b \\u0441 \\u0443\\u0432\\u0435\\u043b\\u0438\\u0447\\u0435\\u043d\\u043d\\u044b\\u043c \\u041a\\u0411 ( \\u0441 \\u043f\\u0440\\u0435\\u0434\\u043d\\u0430\\u0442\\u044f\\u0433\\u043e\\u043c ) \\u2013 \\u0412\\u0410\\u0417: 2108-21099, 2113-2115, 2110-2112, \\u041f\\u0440\\u0438\\u043e\\u0440\\u0430, \\u041a\\u0430\\u043b\\u0438\\u043d\\u0430, \\u0413\\u0440\\u0430\\u043d\\u0442\\u0430; Datsun\"}}]"
  }
},
{
  "model": "admin.logentry",
  "pk": 221,
  "fields": {
    "action_time": "2025-09-17T18:49:49.273Z",
    "user": [
      "xomma"
    ],
    "content_type": [
      "product",
      "set"
    ],
    "object_id": "2",
    "object_repr": "CROSS PRO – ВАЗ 2110-12, ПРИОРА 2170-71",
    "action_flag": 2,
    "change_message": "[{\"changed\": {\"fields\": [\"\\u0421\\u043a\\u0438\\u0434\\u043a\\u0430 \\u0432 \\u043f\\u0440\\u043e\\u0446\\u0435\\u043d\\u0442\\u0430\\u0445\"]}}]"
  }
},
{
  "model": "admin.logentry",
  "pk": 222,
  "fields": {
    "action_time": "2025-09-17T18:56:33.571Z",
    "user": [
      "xomma"
    ],
    "content_type": [
      "product",
      "set"
    ],
    "object_id": "2",
    "object_repr": "CROSS PRO – ВАЗ 2110-12, ПРИОРА 2170-71",
    "action_flag": 2,
    "change_message": "[{\"changed\": {\"fields\": [\"\\u0421\\u043a\\u0438\\u0434\\u043a\\u0430 \\u0432 \\u043f\\u0440\\u043e\\u0446\\u0435\\u043d\\u0442\\u0430\\u0445\"]}}]"
  }
},
{
  "model": "admin.logentry",
  "pk": 223,
  "fields": {
    "action_time": "2025-09-17T20:28:24.656Z",
    "user": [
      "xomma"
    ],
    "content_type": [
      "product",
      "set"
    ],
    "object_id": "1",
    "object_repr": "CROSS PRO Лада ВЕСТА",
    "action_flag": 2,
    "change_message": "[{\"changed\": {\"fields\": [\"\\u0421\\u043a\\u0438\\u0434\\u043a\\u0430 \\u0432 \\u043f\\u0440\\u043e\\u0446\\u0435\\u043d\\u0442\\u0430\\u0445\"]}}]"
  }
},
{
  "model": "admin.logentry",
  "pk": 224,
  "fields": {
    "action_time": "2025-09-17T20:33:00.882Z",
    "user": [
      "xomma"
    ],
    "content_type": [
      "product",
      "set"
    ],
    "object_id": "1",
    "object_repr": "CROSS PRO Лада ВЕСТА",
    "action_flag": 2,
    "change_message": "[{\"changed\": {\"fields\": [\"\\u0421\\u043a\\u0438\\u0434\\u043a\\u0430 \\u0432 \\u043f\\u0440\\u043e\\u0446\\u0435\\u043d\\u0442\\u0430\\u0445\"]}}]"
  }
},
{
  "model": "admin.logentry",
  "pk": 225,
  "fields": {
    "action_time": "2025-09-18T06:40:58.547Z",
    "user": [
      "xomma"
    ],
    "content_type": [
      "product",
      "set"
    ],
    "object_id": "1",
    "object_repr": "CROSS PRO Лада ВЕСТА",
    "action_flag": 2,
    "change_message": "[{\"changed\": {\"name\": \"\\u0422\\u043e\\u0432\\u0430\\u0440 \\u0432 \\u043a\\u043e\\u043c\\u043f\\u043b\\u0435\\u043a\\u0442\\u0435\", \"object\": \"CROSS PRO \\u041b\\u0430\\u0434\\u0430 \\u0412\\u0415\\u0421\\u0422\\u0410 - \\u041d\\u0435\\u043e\\u0431\\u0441\\u043b\\u0443\\u0436\\u0438\\u0432\\u0430\\u0435\\u043c\\u044b\\u0439 \\u0441\\u0430\\u043c\\u043e\\u0431\\u043b\\u043e\\u043a\\u0438\\u0440\\u0443\\u044e\\u0449\\u0438\\u0439\\u0441\\u044f \\u0434\\u0438\\u0444\\u0444\\u0435\\u0440\\u0435\\u043d\\u0446\\u0438\\u0430\\u043b \\u2013 \\u0412\\u0435\\u0441\\u0442\\u0430, \\u041b\\u0430\\u0440\\u0433\\u0443\\u0441, \\u0413\\u0440\\u0430\\u043d\\u0442\\u0430, \\u041a\\u0430\\u043b\\u0438\\u043d\\u0430, \\u041f\\u0440\\u0438\\u043e\\u0440\\u0430, \\u0412\\u0410\\u0417 2110-2112, 2108-21099, 2113-2115; Datsun\", \"fields\": [\"\\u0422\\u043e\\u0432\\u0430\\u0440\"]}}]"
  }
},
{
  "model": "admin.logentry",
  "pk": 226,
  "fields": {
    "action_time": "2025-09-18T06:41:20.207Z",
    "user": [
      "xomma"
    ],
    "content_type": [
      "product",
      "set"
    ],
    "object_id": "1",
    "object_repr": "CROSS PRO Лада ВЕСТА",
    "action_flag": 2,
    "change_message": "[{\"changed\": {\"fields\": [\"\\u0421\\u043a\\u0438\\u0434\\u043a\\u0430 \\u0432 \\u043f\\u0440\\u043e\\u0446\\u0435\\u043d\\u0442\\u0430\\u0445\"]}}]"
  }
},
{
  "model": "admin.logentry",
  "pk": 227,
  "fields": {
    "action_time": "2025-09-18T06:42:55.884Z",
    "user": [
      "xomma"
    ],
    "content_type": [
      "product",
      "set"
    ],
    "object_id": "1",
    "object_repr": "CROSS PRO Лада ВЕСТА",
    "action_flag": 2,
    "change_message": "[{\"changed\": {\"fields\": [\"\\u041e\\u0431\\u0449\\u0430\\u044f \\u0446\\u0435\\u043d\\u0430\"]}}]"
  }
},
{
  "model": "admin.logentry",
  "pk": 228,
  "fields": {
    "action_time": "2025-09-18T19:55:34.960Z",
    "user": [
      "xomma"
    ],
    "content_type": [
      "product",
      "product"
    ],
    "object_id": "90",
    "object_repr": "Рычаги регулируемые передние – LADA: Гранта, Калин...",
    "action_flag": 1,
    "change_message": "[{\"added\": {}}, {\"added\": {\"name\": \"\\u0414\\u043e\\u043f\\u043e\\u043b\\u043d\\u0438\\u0442\\u0435\\u043b\\u044c\\u043d\\u043e\\u0435 \\u0438\\u0437\\u043e\\u0431\\u0440\\u0430\\u0436\\u0435\\u043d\\u0438\\u0435\", \"object\": \"AdditionalImage object (98)\"}}, {\"added\": {\"name\": \"\\u0414\\u043e\\u043f\\u043e\\u043b\\u043d\\u0438\\u0442\\u0435\\u043b\\u044c\\u043d\\u043e\\u0435 \\u0438\\u0437\\u043e\\u0431\\u0440\\u0430\\u0436\\u0435\\u043d\\u0438\\u0435\", \"object\": \"AdditionalImage object (99)\"}}, {\"added\": {\"name\": \"\\u0414\\u043e\\u043f\\u043e\\u043b\\u043d\\u0438\\u0442\\u0435\\u043b\\u044c\\u043d\\u043e\\u0435 \\u0438\\u0437\\u043e\\u0431\\u0440\\u0430\\u0436\\u0435\\u043d\\u0438\\u0435\", \"object\": \"AdditionalImage object (100)\"}}, {\"added\": {\"name\": \"\\u0414\\u043e\\u043f\\u043e\\u043b\\u043d\\u0438\\u0442\\u0435\\u043b\\u044c\\u043d\\u043e\\u0435 \\u0438\\u0437\\u043e\\u0431\\u0440\\u0430\\u0436\\u0435\\u043d\\u0438\\u0435\", \"object\": \"AdditionalImage object (101)\"}}, {\"added\": {\"name\": \"\\u0414\\u0438\\u043d\\u0430\\u043c\\u0438\\u0447\\u0435\\u0441\\u043a\\u043e\\u0435 \\u043e\\u043f\\u0438\\u0441\\u0430\\u043d\\u0438\\u0435 \\u0442\\u043e\\u0432\\u0430\\u0440\\u0430\", \"object\": \"\\u0420\\u044b\\u0447\\u0430\\u0433\\u0438 \\u0440\\u0435\\u0433\\u0443\\u043b\\u0438\\u0440\\u0443\\u0435\\u043c\\u044b\\u0435 \\u043f\\u0435\\u0440\\u0435\\u0434\\u043d\\u0438\\u0435 \\u2013 LADA: \\u0413\\u0440\\u0430\\u043d\\u0442\\u0430, \\u041a\\u0430\\u043b\\u0438\\u043d\\u0430, \\u041f\\u0440\\u0438\\u043e\\u0440\\u0430, \\u0412\\u0410\\u0417 2108-21099, 2113-2115, 2110-2112; Datsun - \\u0426\\u0432\\u0435\\u0442\"}}, {\"added\": {\"name\": \"\\u0414\\u0438\\u043d\\u0430\\u043c\\u0438\\u0447\\u0435\\u0441\\u043a\\u043e\\u0435 \\u043e\\u043f\\u0438\\u0441\\u0430\\u043d\\u0438\\u0435 \\u0442\\u043e\\u0432\\u0430\\u0440\\u0430\", \"object\": \"\\u0420\\u044b\\u0447\\u0430\\u0433\\u0438 \\u0440\\u0435\\u0433\\u0443\\u043b\\u0438\\u0440\\u0443\\u0435\\u043c\\u044b\\u0435 \\u043f\\u0435\\u0440\\u0435\\u0434\\u043d\\u0438\\u0435 \\u2013 LADA: \\u0413\\u0440\\u0430\\u043d\\u0442\\u0430, \\u041a\\u0430\\u043b\\u0438\\u043d\\u0430, \\u041f\\u0440\\u0438\\u043e\\u0440\\u0430, \\u0412\\u0410\\u0417 2108-21099, 2113-2115, 2110-2112; Datsun - \\u0413\\u0430\\u0431\\u0430\\u0440\\u0438\\u0442\\u044b\"}}, {\"added\": {\"name\": \"\\u0414\\u0438\\u043d\\u0430\\u043c\\u0438\\u0447\\u0435\\u0441\\u043a\\u043e\\u0435 \\u043e\\u043f\\u0438\\u0441\\u0430\\u043d\\u0438\\u0435 \\u0442\\u043e\\u0432\\u0430\\u0440\\u0430\", \"object\": \"\\u0420\\u044b\\u0447\\u0430\\u0433\\u0438 \\u0440\\u0435\\u0433\\u0443\\u043b\\u0438\\u0440\\u0443\\u0435\\u043c\\u044b\\u0435 \\u043f\\u0435\\u0440\\u0435\\u0434\\u043d\\u0438\\u0435 \\u2013 LADA: \\u0413\\u0440\\u0430\\u043d\\u0442\\u0430, \\u041a\\u0430\\u043b\\u0438\\u043d\\u0430, \\u041f\\u0440\\u0438\\u043e\\u0440\\u0430, \\u0412\\u0410\\u0417 2108-21099, 2113-2115, 2110-2112; Datsun - \\u0412\\u0435\\u0441\"}}, {\"added\": {\"name\": \"\\u0414\\u0438\\u043d\\u0430\\u043c\\u0438\\u0447\\u0435\\u0441\\u043a\\u043e\\u0435 \\u043e\\u043f\\u0438\\u0441\\u0430\\u043d\\u0438\\u0435 \\u0442\\u043e\\u0432\\u0430\\u0440\\u0430\", \"object\": \"\\u0420\\u044b\\u0447\\u0430\\u0433\\u0438 \\u0440\\u0435\\u0433\\u0443\\u043b\\u0438\\u0440\\u0443\\u0435\\u043c\\u044b\\u0435 \\u043f\\u0435\\u0440\\u0435\\u0434\\u043d\\u0438\\u0435 \\u2013 LADA: \\u0413\\u0440\\u0430\\u043d\\u0442\\u0430, \\u041a\\u0430\\u043b\\u0438\\u043d\\u0430, \\u041f\\u0440\\u0438\\u043e\\u0440\\u0430, \\u0412\\u0410\\u0417 2108-21099, 2113-2115, 2110-2112; Datsun - \\u041e\\u0431\\u044a\\u0435\\u043c\"}}, {\"added\": {\"name\": \"\\u0414\\u0438\\u043d\\u0430\\u043c\\u0438\\u0447\\u0435\\u0441\\u043a\\u043e\\u0435 \\u043e\\u043f\\u0438\\u0441\\u0430\\u043d\\u0438\\u0435 \\u0442\\u043e\\u0432\\u0430\\u0440\\u0430\", \"object\": \"\\u0420\\u044b\\u0447\\u0430\\u0433\\u0438 \\u0440\\u0435\\u0433\\u0443\\u043b\\u0438\\u0440\\u0443\\u0435\\u043c\\u044b\\u0435 \\u043f\\u0435\\u0440\\u0435\\u0434\\u043d\\u0438\\u0435 \\u2013 LADA: \\u0413\\u0440\\u0430\\u043d\\u0442\\u0430, \\u041a\\u0430\\u043b\\u0438\\u043d\\u0430, \\u041f\\u0440\\u0438\\u043e\\u0440\\u0430, \\u0412\\u0410\\u0417 2108-21099, 2113-2115, 2110-2112; Datsun - \\u0413\\u0430\\u0440\\u0430\\u043d\\u0442\\u0438\\u044f\"}}, {\"added\": {\"name\": \"\\u0414\\u0438\\u043d\\u0430\\u043c\\u0438\\u0447\\u0435\\u0441\\u043a\\u043e\\u0435 \\u043e\\u043f\\u0438\\u0441\\u0430\\u043d\\u0438\\u0435 \\u0442\\u043e\\u0432\\u0430\\u0440\\u0430\", \"object\": \"\\u0420\\u044b\\u0447\\u0430\\u0433\\u0438 \\u0440\\u0435\\u0433\\u0443\\u043b\\u0438\\u0440\\u0443\\u0435\\u043c\\u044b\\u0435 \\u043f\\u0435\\u0440\\u0435\\u0434\\u043d\\u0438\\u0435 \\u2013 LADA: \\u0413\\u0440\\u0430\\u043d\\u0442\\u0430, \\u041a\\u0430\\u043b\\u0438\\u043d\\u0430, \\u041f\\u0440\\u0438\\u043e\\u0440\\u0430, \\u0412\\u0410\\u0417 2108-21099, 2113-2115, 2110-2112; Datsun - \\u0421\\u0442\\u0440\\u0430\\u043d\\u0430 \\u043f\\u0440\\u043e\\u0438\\u0437\\u0432\\u043e\\u0434\\u0438\\u0442\\u0435\\u043b\\u044c\"}}, {\"added\": {\"name\": \"\\u0414\\u0438\\u043d\\u0430\\u043c\\u0438\\u0447\\u0435\\u0441\\u043a\\u043e\\u0435 \\u043e\\u043f\\u0438\\u0441\\u0430\\u043d\\u0438\\u0435 \\u0442\\u043e\\u0432\\u0430\\u0440\\u0430\", \"object\": \"\\u0420\\u044b\\u0447\\u0430\\u0433\\u0438 \\u0440\\u0435\\u0433\\u0443\\u043b\\u0438\\u0440\\u0443\\u0435\\u043c\\u044b\\u0435 \\u043f\\u0435\\u0440\\u0435\\u0434\\u043d\\u0438\\u0435 \\u2013 LADA: \\u0413\\u0440\\u0430\\u043d\\u0442\\u0430, \\u041a\\u0430\\u043b\\u0438\\u043d\\u0430, \\u041f\\u0440\\u0438\\u043e\\u0440\\u0430, \\u0412\\u0410\\u0417 2108-21099, 2113-2115, 2110-2112; Datsun - \\u0411\\u0440\\u0435\\u043d\\u0434\"}}]"
  }
},
{
  "model": "admin.logentry",
  "pk": 229,
  "fields": {
    "action_time": "2025-09-18T19:57:00.759Z",
    "user": [
      "xomma"
    ],
    "content_type": [
      "product",
      "set"
    ],
    "object_id": "3",
    "object_repr": "LIGHT АКПП – LADA Granta,Granta FL, Kalina 2, Datsun (ON-DO, MI-DO)",
    "action_flag": 1,
    "change_message": "[{\"added\": {}}, {\"added\": {\"name\": \"\\u0422\\u043e\\u0432\\u0430\\u0440 \\u0432 \\u043a\\u043e\\u043c\\u043f\\u043b\\u0435\\u043a\\u0442\\u0435\", \"object\": \"LIGHT \\u0410\\u041a\\u041f\\u041f \\u2013 LADA Granta,Granta FL, Kalina 2, Datsun (ON-DO, MI-DO) - \\u0423\\u0441\\u0438\\u043b\\u0438\\u0442\\u0435\\u043b\\u0438 \\u043e\\u043f\\u043e\\u0440 \\u0441\\u0442\\u043e\\u0435\\u043a \\u2013 \\u0413\\u0440\\u0430\\u043d\\u0442\\u0430, \\u0413\\u0440\\u0430\\u043d\\u0442\\u0430 \\u0421\\u043f\\u043e\\u0440\\u0442, \\u041a\\u0430\\u043b\\u0438\\u043d\\u0430 (1, 2, \\u0421\\u043f\\u043e\\u0440\\u0442)\"}}, {\"added\": {\"name\": \"\\u0422\\u043e\\u0432\\u0430\\u0440 \\u0432 \\u043a\\u043e\\u043c\\u043f\\u043b\\u0435\\u043a\\u0442\\u0435\", \"object\": \"LIGHT \\u0410\\u041a\\u041f\\u041f \\u2013 LADA Granta,Granta FL, Kalina 2, Datsun (ON-DO, MI-DO) - \\u0420\\u0430\\u0441\\u043f\\u043e\\u0440\\u043a\\u0430 \\u0437\\u0430\\u0434\\u043d\\u0438\\u0445 \\u0441\\u0442\\u043e\\u0435\\u043a \\u2013 \\u041a\\u0430\\u043b\\u0438\\u043d\\u0430, \\u041a\\u0430\\u043b\\u0438\\u043d\\u0430 2, \\u0413\\u0440\\u0430\\u043d\\u0442\\u0430; Datsun\"}}, {\"added\": {\"name\": \"\\u0422\\u043e\\u0432\\u0430\\u0440 \\u0432 \\u043a\\u043e\\u043c\\u043f\\u043b\\u0435\\u043a\\u0442\\u0435\", \"object\": \"LIGHT \\u0410\\u041a\\u041f\\u041f \\u2013 LADA Granta,Granta FL, Kalina 2, Datsun (ON-DO, MI-DO) - \\u0420\\u044b\\u0447\\u0430\\u0433\\u0438 \\u0440\\u0435\\u0433\\u0443\\u043b\\u0438\\u0440\\u0443\\u0435\\u043c\\u044b\\u0435 \\u043f\\u0435\\u0440\\u0435\\u0434\\u043d\\u0438\\u0435 \\u2013 LADA: \\u0413\\u0440\\u0430\\u043d\\u0442\\u0430, \\u041a\\u0430\\u043b\\u0438\\u043d\\u0430, \\u041f\\u0440\\u0438\\u043e\\u0440\\u0430, \\u0412\\u0410\\u0417 2108-21099, 2113-2115, 2110-2112; Datsun\"}}]"
  }
},
{
  "model": "admin.logentry",
  "pk": 230,
  "fields": {
    "action_time": "2025-09-19T13:41:27.146Z",
    "user": [
      "xomma"
    ],
    "content_type": [
      "product",
      "hitset"
    ],
    "object_id": "2",
    "object_repr": "HitSet object (2)",
    "action_flag": 1,
    "change_message": "[{\"added\": {}}]"
  }
},
{
  "model": "admin.logentry",
  "pk": 231,
  "fields": {
    "action_time": "2025-09-21T12:03:56.384Z",
    "user": [
      "xomma"
    ],
    "content_type": [
      "garage",
      "brand"
    ],
    "object_id": "1",
    "object_repr": "Brand object (1)",
    "action_flag": 1,
    "change_message": "[{\"added\": {}}]"
  }
},
{
  "model": "admin.logentry",
  "pk": 232,
  "fields": {
    "action_time": "2025-09-21T12:04:20.812Z",
    "user": [
      "xomma"
    ],
    "content_type": [
      "garage",
      "brand"
    ],
    "object_id": "2",
    "object_repr": "Brand object (2)",
    "action_flag": 1,
    "change_message": "[{\"added\": {}}]"
  }
},
{
  "model": "admin.logentry",
  "pk": 233,
  "fields": {
    "action_time": "2025-09-21T12:04:33.311Z",
    "user": [
      "xomma"
    ],
    "content_type": [
      "garage",
      "brand"
    ],
    "object_id": "3",
    "object_repr": "Brand object (3)",
    "action_flag": 1,
    "change_message": "[{\"added\": {}}]"
  }
},
{
  "model": "admin.logentry",
  "pk": 234,
  "fields": {
    "action_time": "2025-09-21T12:10:02.033Z",
    "user": [
      "xomma"
    ],
    "content_type": [
      "garage",
      "brand"
    ],
    "object_id": "4",
    "object_repr": "Renault",
    "action_flag": 1,
    "change_message": "[{\"added\": {}}]"
  }
},
{
  "model": "admin.logentry",
  "pk": 235,
  "fields": {
    "action_time": "2025-09-21T12:12:04.147Z",
    "user": [
      "xomma"
    ],
    "content_type": [
      "garage",
      "model"
    ],
    "object_id": "1",
    "object_repr": "Lada Vesta NG",
    "action_flag": 1,
    "change_message": "[{\"added\": {}}]"
  }
},
{
  "model": "admin.logentry",
  "pk": 236,
  "fields": {
    "action_time": "2025-09-21T12:12:18.236Z",
    "user": [
      "xomma"
    ],
    "content_type": [
      "garage",
      "model"
    ],
    "object_id": "2",
    "object_repr": "Lada Vesta",
    "action_flag": 1,
    "change_message": "[{\"added\": {}}]"
  }
},
{
  "model": "admin.logentry",
  "pk": 237,
  "fields": {
    "action_time": "2025-09-21T12:12:41.235Z",
    "user": [
      "xomma"
    ],
    "content_type": [
      "garage",
      "model"
    ],
    "object_id": "3",
    "object_repr": "Lada Vesta Sport",
    "action_flag": 1,
    "change_message": "[{\"added\": {}}]"
  }
},
{
  "model": "admin.logentry",
  "pk": 238,
  "fields": {
    "action_time": "2025-09-21T12:13:38.321Z",
    "user": [
      "xomma"
    ],
    "content_type": [
      "garage",
      "model"
    ],
    "object_id": "4",
    "object_repr": "Lada X-Ray",
    "action_flag": 1,
    "change_message": "[{\"added\": {}}]"
  }
},
{
  "model": "admin.logentry",
  "pk": 239,
  "fields": {
    "action_time": "2025-09-21T12:13:55.180Z",
    "user": [
      "xomma"
    ],
    "content_type": [
      "garage",
      "model"
    ],
    "object_id": "5",
    "object_repr": "Lada Kalina",
    "action_flag": 1,
    "change_message": "[{\"added\": {}}]"
  }
},
{
  "model": "admin.logentry",
  "pk": 240,
  "fields": {
    "action_time": "2025-09-21T12:14:07.166Z",
    "user": [
      "xomma"
    ],
    "content_type": [
      "garage",
      "model"
    ],
    "object_id": "6",
    "object_repr": "Lada Kalina 2",
    "action_flag": 1,
    "change_message": "[{\"added\": {}}]"
  }
},
{
  "model": "admin.logentry",
  "pk": 241,
  "fields": {
    "action_time": "2025-09-21T12:14:22.369Z",
    "user": [
      "xomma"
    ],
    "content_type": [
      "garage",
      "model"
    ],
    "object_id": "7",
    "object_repr": "Lada Kalina Sport",
    "action_flag": 1,
    "change_message": "[{\"added\": {}}]"
  }
},
{
  "model": "admin.logentry",
  "pk": 242,
  "fields": {
    "action_time": "2025-09-21T12:14:38.883Z",
    "user": [
      "xomma"
    ],
    "content_type": [
      "garage",
      "model"
    ],
    "object_id": "8",
    "object_repr": "Lada Kalina 2 Sport",
    "action_flag": 1,
    "change_message": "[{\"added\": {}}]"
  }
},
{
  "model": "admin.logentry",
  "pk": 243,
  "fields": {
    "action_time": "2025-09-21T12:14:56.945Z",
    "user": [
      "xomma"
    ],
    "content_type": [
      "garage",
      "model"
    ],
    "object_id": "9",
    "object_repr": "Lada Granta",
    "action_flag": 1,
    "change_message": "[{\"added\": {}}]"
  }
},
{
  "model": "admin.logentry",
  "pk": 244,
  "fields": {
    "action_time": "2025-09-21T12:15:16.621Z",
    "user": [
      "xomma"
    ],
    "content_type": [
      "garage",
      "model"
    ],
    "object_id": "10",
    "object_repr": "Lada Kalina NFR",
    "action_flag": 1,
    "change_message": "[{\"added\": {}}]"
  }
},
{
  "model": "admin.logentry",
  "pk": 245,
  "fields": {
    "action_time": "2025-09-21T12:15:31.073Z",
    "user": [
      "xomma"
    ],
    "content_type": [
      "garage",
      "model"
    ],
    "object_id": "11",
    "object_repr": "Lada Granta GL",
    "action_flag": 1,
    "change_message": "[{\"added\": {}}]"
  }
},
{
  "model": "admin.logentry",
  "pk": 246,
  "fields": {
    "action_time": "2025-09-21T12:15:45.489Z",
    "user": [
      "xomma"
    ],
    "content_type": [
      "garage",
      "model"
    ],
    "object_id": "12",
    "object_repr": "Lada Granta Sport",
    "action_flag": 1,
    "change_message": "[{\"added\": {}}]"
  }
},
{
  "model": "admin.logentry",
  "pk": 247,
  "fields": {
    "action_time": "2025-09-21T12:15:52.503Z",
    "user": [
      "xomma"
    ],
    "content_type": [
      "garage",
      "model"
    ],
    "object_id": "13",
    "object_repr": "Lada Priora",
    "action_flag": 1,
    "change_message": "[{\"added\": {}}]"
  }
},
{
  "model": "admin.logentry",
  "pk": 248,
  "fields": {
    "action_time": "2025-09-21T12:16:25.462Z",
    "user": [
      "xomma"
    ],
    "content_type": [
      "garage",
      "garage"
    ],
    "object_id": "1",
    "object_repr": "Александр Корягин",
    "action_flag": 1,
    "change_message": "[{\"added\": {}}]"
  }
},
{
  "model": "admin.logentry",
  "pk": 249,
  "fields": {
    "action_time": "2025-09-21T18:56:38.719Z",
    "user": [
      "xomma"
    ],
    "content_type": [
      "garage",
      "garage"
    ],
    "object_id": "1",
    "object_repr": "Александр Корягин",
    "action_flag": 2,
    "change_message": "[{\"changed\": {\"fields\": [\"\\u041c\\u043e\\u0434\\u0435\\u043b\\u044c \\u0430\\u0432\\u0442\\u043e\\u043c\\u043e\\u0431\\u0438\\u043b\\u044f\"]}}]"
  }
},
{
  "model": "admin.logentry",
  "pk": 250,
  "fields": {
    "action_time": "2025-09-21T19:51:04.878Z",
    "user": [
      "xomma"
    ],
    "content_type": [
      "garage",
      "brand"
    ],
    "object_id": "5",
    "object_repr": "Honda",
    "action_flag": 1,
    "change_message": "[{\"added\": {}}]"
  }
},
{
  "model": "admin.logentry",
  "pk": 251,
  "fields": {
    "action_time": "2025-09-21T19:51:32.761Z",
    "user": [
      "xomma"
    ],
    "content_type": [
      "garage",
      "model"
    ],
    "object_id": "14",
    "object_repr": "Lada 110",
    "action_flag": 1,
    "change_message": "[{\"added\": {}}]"
  }
},
{
  "model": "admin.logentry",
  "pk": 252,
  "fields": {
    "action_time": "2025-09-21T19:59:10.695Z",
    "user": [
      "xomma"
    ],
    "content_type": [
      "garage",
      "garage"
    ],
    "object_id": "1",
    "object_repr": "Garage object (1)",
    "action_flag": 1,
    "change_message": "[{\"added\": {}}, {\"added\": {\"name\": \"user car\", \"object\": \"UserCar object (1)\"}}, {\"added\": {\"name\": \"user car\", \"object\": \"UserCar object (2)\"}}, {\"added\": {\"name\": \"user car\", \"object\": \"UserCar object (3)\"}}]"
  }
},
{
  "model": "admin.logentry",
  "pk": 253,
  "fields": {
    "action_time": "2025-09-21T20:00:52.810Z",
    "user": [
      "xomma"
    ],
    "content_type": [
      "garage",
      "garage"
    ],
    "object_id": "2",
    "object_repr": "Саша Корягин",
    "action_flag": 1,
    "change_message": "[{\"added\": {}}, {\"added\": {\"name\": \"user car\", \"object\": \"UserCar object (4)\"}}, {\"added\": {\"name\": \"user car\", \"object\": \"UserCar object (5)\"}}]"
  }
},
{
  "model": "admin.logentry",
  "pk": 254,
  "fields": {
    "action_time": "2025-09-21T20:31:00.406Z",
    "user": [
      "xomma"
    ],
    "content_type": [
      "garage",
      "garage"
    ],
    "object_id": "3",
    "object_repr": "Саша Корягин",
    "action_flag": 1,
    "change_message": "[{\"added\": {}}, {\"added\": {\"name\": \"user car\", \"object\": \"UserCar object (6)\"}}, {\"added\": {\"name\": \"user car\", \"object\": \"UserCar object (7)\"}}]"
  }
},
{
  "model": "admin.logentry",
  "pk": 255,
  "fields": {
    "action_time": "2025-09-24T18:41:24.488Z",
    "user": [
      "xomma"
    ],
    "content_type": [
      "product",
      "product"
    ],
    "object_id": "1",
    "object_repr": "Глушитель – ВАЗ 2108, 2109",
    "action_flag": 2,
    "change_message": "[{\"changed\": {\"fields\": [\"\\u0418\\u0437\\u043e\\u0431\\u0440\\u0430\\u0436\\u0435\\u043d\\u0438\\u0435\"]}}]"
  }
},
{
  "model": "admin.logentry",
  "pk": 256,
  "fields": {
    "action_time": "2025-09-24T18:41:57.375Z",
    "user": [
      "xomma"
    ],
    "content_type": [
      "product",
      "product"
    ],
    "object_id": "1",
    "object_repr": "Глушитель – ВАЗ 2108, 2109",
    "action_flag": 2,
    "change_message": "[{\"changed\": {\"fields\": [\"\\u0418\\u0437\\u043e\\u0431\\u0440\\u0430\\u0436\\u0435\\u043d\\u0438\\u0435\"]}}]"
  }
},
{
  "model": "admin.logentry",
  "pk": 257,
  "fields": {
    "action_time": "2025-09-24T18:43:15.987Z",
    "user": [
      "xomma"
    ],
    "content_type": [
      "product",
      "product"
    ],
    "object_id": "2",
    "object_repr": "Глушитель – ПРИОРА: седан, универсал",
    "action_flag": 2,
    "change_message": "[{\"changed\": {\"fields\": [\"\\u0418\\u0437\\u043e\\u0431\\u0440\\u0430\\u0436\\u0435\\u043d\\u0438\\u0435\"]}}]"
  }
},
{
  "model": "admin.logentry",
  "pk": 258,
  "fields": {
    "action_time": "2025-09-24T18:43:30.465Z",
    "user": [
      "xomma"
    ],
    "content_type": [
      "product",
      "product"
    ],
    "object_id": "2",
    "object_repr": "Глушитель – ПРИОРА: седан, универсал",
    "action_flag": 2,
    "change_message": "[{\"changed\": {\"fields\": [\"\\u0418\\u0437\\u043e\\u0431\\u0440\\u0430\\u0436\\u0435\\u043d\\u0438\\u0435\"]}}]"
  }
},
{
  "model": "admin.logentry",
  "pk": 259,
  "fields": {
    "action_time": "2025-09-24T18:50:14.457Z",
    "user": [
      "xomma"
    ],
    "content_type": [
      "product",
      "product"
    ],
    "object_id": "3",
    "object_repr": "Стальной кронштейн генератора – ВАЗ 2110-2112 с ГУ...",
    "action_flag": 2,
    "change_message": "[{\"changed\": {\"fields\": [\"\\u0418\\u0437\\u043e\\u0431\\u0440\\u0430\\u0436\\u0435\\u043d\\u0438\\u0435\"]}}, {\"changed\": {\"name\": \"\\u0414\\u043e\\u043f\\u043e\\u043b\\u043d\\u0438\\u0442\\u0435\\u043b\\u044c\\u043d\\u043e\\u0435 \\u0438\\u0437\\u043e\\u0431\\u0440\\u0430\\u0436\\u0435\\u043d\\u0438\\u0435\", \"object\": \"AdditionalImage object (1)\", \"fields\": [\"\\u0414\\u043e\\u043f\\u043e\\u043b\\u043d\\u0438\\u0442\\u0435\\u043b\\u044c\\u043d\\u043e\\u0435 \\u0438\\u0437\\u043e\\u0431\\u0440\\u0430\\u0436\\u0435\\u043d\\u0438\\u0435\"]}}, {\"changed\": {\"name\": \"\\u0414\\u043e\\u043f\\u043e\\u043b\\u043d\\u0438\\u0442\\u0435\\u043b\\u044c\\u043d\\u043e\\u0435 \\u0438\\u0437\\u043e\\u0431\\u0440\\u0430\\u0436\\u0435\\u043d\\u0438\\u0435\", \"object\": \"AdditionalImage object (2)\", \"fields\": [\"\\u0414\\u043e\\u043f\\u043e\\u043b\\u043d\\u0438\\u0442\\u0435\\u043b\\u044c\\u043d\\u043e\\u0435 \\u0438\\u0437\\u043e\\u0431\\u0440\\u0430\\u0436\\u0435\\u043d\\u0438\\u0435\"]}}, {\"changed\": {\"name\": \"\\u0414\\u043e\\u043f\\u043e\\u043b\\u043d\\u0438\\u0442\\u0435\\u043b\\u044c\\u043d\\u043e\\u0435 \\u0438\\u0437\\u043e\\u0431\\u0440\\u0430\\u0436\\u0435\\u043d\\u0438\\u0435\", \"object\": \"AdditionalImage object (3)\", \"fields\": [\"\\u0414\\u043e\\u043f\\u043e\\u043b\\u043d\\u0438\\u0442\\u0435\\u043b\\u044c\\u043d\\u043e\\u0435 \\u0438\\u0437\\u043e\\u0431\\u0440\\u0430\\u0436\\u0435\\u043d\\u0438\\u0435\"]}}, {\"changed\": {\"name\": \"\\u0414\\u043e\\u043f\\u043e\\u043b\\u043d\\u0438\\u0442\\u0435\\u043b\\u044c\\u043d\\u043e\\u0435 \\u0438\\u0437\\u043e\\u0431\\u0440\\u0430\\u0436\\u0435\\u043d\\u0438\\u0435\", \"object\": \"AdditionalImage object (4)\", \"fields\": [\"\\u0414\\u043e\\u043f\\u043e\\u043b\\u043d\\u0438\\u0442\\u0435\\u043b\\u044c\\u043d\\u043e\\u0435 \\u0438\\u0437\\u043e\\u0431\\u0440\\u0430\\u0436\\u0435\\u043d\\u0438\\u0435\"]}}, {\"changed\": {\"name\": \"\\u0414\\u043e\\u043f\\u043e\\u043b\\u043d\\u0438\\u0442\\u0435\\u043b\\u044c\\u043d\\u043e\\u0435 \\u0438\\u0437\\u043e\\u0431\\u0440\\u0430\\u0436\\u0435\\u043d\\u0438\\u0435\", \"object\": \"AdditionalImage object (5)\", \"fields\": [\"\\u0414\\u043e\\u043f\\u043e\\u043b\\u043d\\u0438\\u0442\\u0435\\u043b\\u044c\\u043d\\u043e\\u0435 \\u0438\\u0437\\u043e\\u0431\\u0440\\u0430\\u0436\\u0435\\u043d\\u0438\\u0435\"]}}]"
  }
},
{
  "model": "admin.logentry",
  "pk": 260,
  "fields": {
    "action_time": "2025-09-24T18:51:25.080Z",
    "user": [
      "xomma"
    ],
    "content_type": [
      "product",
      "product"
    ],
    "object_id": "4",
    "object_repr": "Универсальный стальной кронштейн генератора с мех....",
    "action_flag": 2,
    "change_message": "[{\"changed\": {\"fields\": [\"\\u0418\\u0437\\u043e\\u0431\\u0440\\u0430\\u0436\\u0435\\u043d\\u0438\\u0435\"]}}]"
  }
},
{
  "model": "admin.logentry",
  "pk": 261,
  "fields": {
    "action_time": "2025-09-24T18:56:09.399Z",
    "user": [
      "xomma"
    ],
    "content_type": [
      "product",
      "product"
    ],
    "object_id": "6",
    "object_repr": "Растяжка СА – ВАЗ 2110-2112, Приора",
    "action_flag": 2,
    "change_message": "[{\"changed\": {\"fields\": [\"\\u0418\\u0437\\u043e\\u0431\\u0440\\u0430\\u0436\\u0435\\u043d\\u0438\\u0435\"]}}, {\"changed\": {\"name\": \"\\u0414\\u043e\\u043f\\u043e\\u043b\\u043d\\u0438\\u0442\\u0435\\u043b\\u044c\\u043d\\u043e\\u0435 \\u0438\\u0437\\u043e\\u0431\\u0440\\u0430\\u0436\\u0435\\u043d\\u0438\\u0435\", \"object\": \"AdditionalImage object (6)\", \"fields\": [\"\\u0414\\u043e\\u043f\\u043e\\u043b\\u043d\\u0438\\u0442\\u0435\\u043b\\u044c\\u043d\\u043e\\u0435 \\u0438\\u0437\\u043e\\u0431\\u0440\\u0430\\u0436\\u0435\\u043d\\u0438\\u0435\"]}}]"
  }
},
{
  "model": "admin.logentry",
  "pk": 262,
  "fields": {
    "action_time": "2025-09-24T18:56:51.642Z",
    "user": [
      "xomma"
    ],
    "content_type": [
      "product",
      "product"
    ],
    "object_id": "7",
    "object_repr": "Дополнительная опора СА – ВАЗ 2110-2112, Приора",
    "action_flag": 2,
    "change_message": "[{\"changed\": {\"fields\": [\"\\u0418\\u0437\\u043e\\u0431\\u0440\\u0430\\u0436\\u0435\\u043d\\u0438\\u0435\"]}}]"
  }
},
{
  "model": "admin.logentry",
  "pk": 263,
  "fields": {
    "action_time": "2025-09-24T18:58:13.881Z",
    "user": [
      "xomma"
    ],
    "content_type": [
      "product",
      "product"
    ],
    "object_id": "8",
    "object_repr": "Комплект задних пружин Веста, седан, 2015 г.",
    "action_flag": 2,
    "change_message": "[{\"changed\": {\"fields\": [\"\\u0418\\u0437\\u043e\\u0431\\u0440\\u0430\\u0436\\u0435\\u043d\\u0438\\u0435\"]}}, {\"changed\": {\"name\": \"\\u0414\\u043e\\u043f\\u043e\\u043b\\u043d\\u0438\\u0442\\u0435\\u043b\\u044c\\u043d\\u043e\\u0435 \\u0438\\u0437\\u043e\\u0431\\u0440\\u0430\\u0436\\u0435\\u043d\\u0438\\u0435\", \"object\": \"AdditionalImage object (7)\", \"fields\": [\"\\u0414\\u043e\\u043f\\u043e\\u043b\\u043d\\u0438\\u0442\\u0435\\u043b\\u044c\\u043d\\u043e\\u0435 \\u0438\\u0437\\u043e\\u0431\\u0440\\u0430\\u0436\\u0435\\u043d\\u0438\\u0435\"]}}, {\"changed\": {\"name\": \"\\u0414\\u043e\\u043f\\u043e\\u043b\\u043d\\u0438\\u0442\\u0435\\u043b\\u044c\\u043d\\u043e\\u0435 \\u0438\\u0437\\u043e\\u0431\\u0440\\u0430\\u0436\\u0435\\u043d\\u0438\\u0435\", \"object\": \"AdditionalImage object (8)\", \"fields\": [\"\\u0414\\u043e\\u043f\\u043e\\u043b\\u043d\\u0438\\u0442\\u0435\\u043b\\u044c\\u043d\\u043e\\u0435 \\u0438\\u0437\\u043e\\u0431\\u0440\\u0430\\u0436\\u0435\\u043d\\u0438\\u0435\"]}}, {\"changed\": {\"name\": \"\\u0414\\u043e\\u043f\\u043e\\u043b\\u043d\\u0438\\u0442\\u0435\\u043b\\u044c\\u043d\\u043e\\u0435 \\u0438\\u0437\\u043e\\u0431\\u0440\\u0430\\u0436\\u0435\\u043d\\u0438\\u0435\", \"object\": \"AdditionalImage object (9)\", \"fields\": [\"\\u0414\\u043e\\u043f\\u043e\\u043b\\u043d\\u0438\\u0442\\u0435\\u043b\\u044c\\u043d\\u043e\\u0435 \\u0438\\u0437\\u043e\\u0431\\u0440\\u0430\\u0436\\u0435\\u043d\\u0438\\u0435\"]}}, {\"changed\": {\"name\": \"\\u0414\\u043e\\u043f\\u043e\\u043b\\u043d\\u0438\\u0442\\u0435\\u043b\\u044c\\u043d\\u043e\\u0435 \\u0438\\u0437\\u043e\\u0431\\u0440\\u0430\\u0436\\u0435\\u043d\\u0438\\u0435\", \"object\": \"AdditionalImage object (10)\", \"fields\": [\"\\u0414\\u043e\\u043f\\u043e\\u043b\\u043d\\u0438\\u0442\\u0435\\u043b\\u044c\\u043d\\u043e\\u0435 \\u0438\\u0437\\u043e\\u0431\\u0440\\u0430\\u0436\\u0435\\u043d\\u0438\\u0435\"]}}, {\"changed\": {\"name\": \"\\u0414\\u043e\\u043f\\u043e\\u043b\\u043d\\u0438\\u0442\\u0435\\u043b\\u044c\\u043d\\u043e\\u0435 \\u0438\\u0437\\u043e\\u0431\\u0440\\u0430\\u0436\\u0435\\u043d\\u0438\\u0435\", \"object\": \"AdditionalImage object (11)\", \"fields\": [\"\\u0414\\u043e\\u043f\\u043e\\u043b\\u043d\\u0438\\u0442\\u0435\\u043b\\u044c\\u043d\\u043e\\u0435 \\u0438\\u0437\\u043e\\u0431\\u0440\\u0430\\u0436\\u0435\\u043d\\u0438\\u0435\"]}}, {\"changed\": {\"name\": \"\\u0414\\u043e\\u043f\\u043e\\u043b\\u043d\\u0438\\u0442\\u0435\\u043b\\u044c\\u043d\\u043e\\u0435 \\u0438\\u0437\\u043e\\u0431\\u0440\\u0430\\u0436\\u0435\\u043d\\u0438\\u0435\", \"object\": \"AdditionalImage object (12)\", \"fields\": [\"\\u0414\\u043e\\u043f\\u043e\\u043b\\u043d\\u0438\\u0442\\u0435\\u043b\\u044c\\u043d\\u043e\\u0435 \\u0438\\u0437\\u043e\\u0431\\u0440\\u0430\\u0436\\u0435\\u043d\\u0438\\u0435\"]}}, {\"changed\": {\"name\": \"\\u0414\\u043e\\u043f\\u043e\\u043b\\u043d\\u0438\\u0442\\u0435\\u043b\\u044c\\u043d\\u043e\\u0435 \\u0438\\u0437\\u043e\\u0431\\u0440\\u0430\\u0436\\u0435\\u043d\\u0438\\u0435\", \"object\": \"AdditionalImage object (13)\", \"fields\": [\"\\u0414\\u043e\\u043f\\u043e\\u043b\\u043d\\u0438\\u0442\\u0435\\u043b\\u044c\\u043d\\u043e\\u0435 \\u0438\\u0437\\u043e\\u0431\\u0440\\u0430\\u0436\\u0435\\u043d\\u0438\\u0435\"]}}, {\"changed\": {\"name\": \"\\u0414\\u043e\\u043f\\u043e\\u043b\\u043d\\u0438\\u0442\\u0435\\u043b\\u044c\\u043d\\u043e\\u0435 \\u0438\\u0437\\u043e\\u0431\\u0440\\u0430\\u0436\\u0435\\u043d\\u0438\\u0435\", \"object\": \"AdditionalImage object (14)\", \"fields\": [\"\\u0414\\u043e\\u043f\\u043e\\u043b\\u043d\\u0438\\u0442\\u0435\\u043b\\u044c\\u043d\\u043e\\u0435 \\u0438\\u0437\\u043e\\u0431\\u0440\\u0430\\u0436\\u0435\\u043d\\u0438\\u0435\"]}}]"
  }
},
{
  "model": "admin.logentry",
  "pk": 264,
  "fields": {
    "action_time": "2025-09-25T20:12:00.607Z",
    "user": [
      "xomma"
    ],
    "content_type": [
      "feedback",
      "review"
    ],
    "object_id": "1",
    "object_repr": "hom9ki - Задняя независимая подвеска, ЛАДА ВЕСТА",
    "action_flag": 1,
    "change_message": "[{\"added\": {}}]"
  }
},
{
  "model": "admin.logentry",
  "pk": 265,
  "fields": {
    "action_time": "2025-09-25T20:17:41.324Z",
    "user": [
      "xomma"
    ],
    "content_type": [
      "feedback",
      "productrating"
    ],
    "object_id": "1",
    "object_repr": "hom9ki - Задняя независимая подвеска, ЛАДА ВЕСТА - 5",
    "action_flag": 1,
    "change_message": "[{\"added\": {}}]"
  }
},
{
  "model": "admin.logentry",
  "pk": 266,
  "fields": {
    "action_time": "2025-09-25T20:18:46.859Z",
    "user": [
      "xomma"
    ],
    "content_type": [
      "feedback",
      "question"
    ],
    "object_id": "1",
    "object_repr": "hom9ki - Задняя независимая подвеска, ЛАДА ВЕСТА - Ответ не получен",
    "action_flag": 1,
    "change_message": "[{\"added\": {}}]"
  }
},
{
  "model": "admin.logentry",
  "pk": 267,
  "fields": {
    "action_time": "2025-09-25T20:19:58.730Z",
    "user": [
      "xomma"
    ],
    "content_type": [
      "feedback",
      "answer"
    ],
    "object_id": "1",
    "object_repr": "hom9ki - Задняя независимая подвеска, ЛАДА ВЕСТА - Ответ не получен - xomma",
    "action_flag": 1,
    "change_message": "[{\"added\": {}}]"
  }
},
{
  "model": "admin.logentry",
  "pk": 268,
  "fields": {
    "action_time": "2025-09-25T20:22:57.592Z",
    "user": [
      "xomma"
    ],
    "content_type": [
      "feedback",
      "answer"
    ],
    "object_id": "1",
    "object_repr": "hom9ki - Задняя независимая подвеска, ЛАДА ВЕСТА - Ответ получен - xomma",
    "action_flag": 2,
    "change_message": "[]"
  }
},
{
  "model": "admin.logentry",
  "pk": 269,
  "fields": {
    "action_time": "2025-09-27T11:16:07.083Z",
    "user": [
      "xomma"
    ],
    "content_type": [
      "garage",
      "model"
    ],
    "object_id": "14",
    "object_repr": "Lada 110",
    "action_flag": 2,
    "change_message": "[{\"changed\": {\"fields\": [\"\\u0418\\u0437\\u043e\\u0431\\u0440\\u0430\\u0436\\u0435\\u043d\\u0438\\u0435 \\u043c\\u043e\\u0434\\u0435\\u043b\\u0438\"]}}]"
  }
},
{
  "model": "admin.logentry",
  "pk": 270,
  "fields": {
    "action_time": "2025-09-27T11:16:51.470Z",
    "user": [
      "xomma"
    ],
    "content_type": [
      "garage",
      "model"
    ],
    "object_id": "13",
    "object_repr": "Lada Priora",
    "action_flag": 2,
    "change_message": "[{\"changed\": {\"fields\": [\"\\u0418\\u0437\\u043e\\u0431\\u0440\\u0430\\u0436\\u0435\\u043d\\u0438\\u0435 \\u043c\\u043e\\u0434\\u0435\\u043b\\u0438\"]}}]"
  }
},
{
  "model": "admin.logentry",
  "pk": 271,
  "fields": {
    "action_time": "2025-09-27T11:17:03.163Z",
    "user": [
      "xomma"
    ],
    "content_type": [
      "garage",
      "model"
    ],
    "object_id": "12",
    "object_repr": "Lada Granta Sport",
    "action_flag": 2,
    "change_message": "[{\"changed\": {\"fields\": [\"\\u0418\\u0437\\u043e\\u0431\\u0440\\u0430\\u0436\\u0435\\u043d\\u0438\\u0435 \\u043c\\u043e\\u0434\\u0435\\u043b\\u0438\"]}}]"
  }
},
{
  "model": "admin.logentry",
  "pk": 272,
  "fields": {
    "action_time": "2025-09-27T11:17:47.455Z",
    "user": [
      "xomma"
    ],
    "content_type": [
      "garage",
      "model"
    ],
    "object_id": "9",
    "object_repr": "Lada Granta",
    "action_flag": 2,
    "change_message": "[{\"changed\": {\"fields\": [\"\\u0418\\u0437\\u043e\\u0431\\u0440\\u0430\\u0436\\u0435\\u043d\\u0438\\u0435 \\u043c\\u043e\\u0434\\u0435\\u043b\\u0438\"]}}]"
  }
},
{
  "model": "admin.logentry",
  "pk": 273,
  "fields": {
    "action_time": "2025-09-27T11:18:24.575Z",
    "user": [
      "xomma"
    ],
    "content_type": [
      "garage",
      "model"
    ],
    "object_id": "7",
    "object_repr": "Lada Kalina Sport",
    "action_flag": 2,
    "change_message": "[{\"changed\": {\"fields\": [\"\\u0418\\u0437\\u043e\\u0431\\u0440\\u0430\\u0436\\u0435\\u043d\\u0438\\u0435 \\u043c\\u043e\\u0434\\u0435\\u043b\\u0438\"]}}]"
  }
},
{
  "model": "admin.logentry",
  "pk": 274,
  "fields": {
    "action_time": "2025-09-27T11:18:37.111Z",
    "user": [
      "xomma"
    ],
    "content_type": [
      "garage",
      "model"
    ],
    "object_id": "6",
    "object_repr": "Lada Kalina 2",
    "action_flag": 2,
    "change_message": "[{\"changed\": {\"fields\": [\"\\u0418\\u0437\\u043e\\u0431\\u0440\\u0430\\u0436\\u0435\\u043d\\u0438\\u0435 \\u043c\\u043e\\u0434\\u0435\\u043b\\u0438\"]}}]"
  }
},
{
  "model": "admin.logentry",
  "pk": 275,
  "fields": {
    "action_time": "2025-09-27T11:18:46.627Z",
    "user": [
      "xomma"
    ],
    "content_type": [
      "garage",
      "model"
    ],
    "object_id": "5",
    "object_repr": "Lada Kalina",
    "action_flag": 2,
    "change_message": "[{\"changed\": {\"fields\": [\"\\u0418\\u0437\\u043e\\u0431\\u0440\\u0430\\u0436\\u0435\\u043d\\u0438\\u0435 \\u043c\\u043e\\u0434\\u0435\\u043b\\u0438\"]}}]"
  }
},
{
  "model": "admin.logentry",
  "pk": 276,
  "fields": {
    "action_time": "2025-09-27T11:19:00.219Z",
    "user": [
      "xomma"
    ],
    "content_type": [
      "garage",
      "model"
    ],
    "object_id": "2",
    "object_repr": "Lada Vesta",
    "action_flag": 2,
    "change_message": "[{\"changed\": {\"fields\": [\"\\u0418\\u0437\\u043e\\u0431\\u0440\\u0430\\u0436\\u0435\\u043d\\u0438\\u0435 \\u043c\\u043e\\u0434\\u0435\\u043b\\u0438\"]}}]"
  }
},
{
  "model": "admin.logentry",
  "pk": 277,
  "fields": {
    "action_time": "2025-09-27T11:19:11.998Z",
    "user": [
      "xomma"
    ],
    "content_type": [
      "garage",
      "model"
    ],
    "object_id": "1",
    "object_repr": "Lada Vesta NG",
    "action_flag": 2,
    "change_message": "[{\"changed\": {\"fields\": [\"\\u0418\\u0437\\u043e\\u0431\\u0440\\u0430\\u0436\\u0435\\u043d\\u0438\\u0435 \\u043c\\u043e\\u0434\\u0435\\u043b\\u0438\"]}}]"
  }
},
{
  "model": "admin.logentry",
  "pk": 278,
  "fields": {
    "action_time": "2025-09-28T18:12:41.888Z",
    "user": [
      "xomma"
    ],
    "content_type": [
      "feedback",
      "review"
    ],
    "object_id": "2",
    "object_repr": "xomma - Глушитель – ПРИОРА: седан, универсал",
    "action_flag": 1,
    "change_message": "[{\"added\": {}}]"
  }
},
{
  "model": "admin.logentry",
  "pk": 279,
  "fields": {
    "action_time": "2025-09-28T18:13:44.268Z",
    "user": [
      "xomma"
    ],
    "content_type": [
      "feedback",
      "question"
    ],
    "object_id": "2",
    "object_repr": "hom9ki - Глушитель – ПРИОРА: седан, универсал - Ответ не получен",
    "action_flag": 1,
    "change_message": "[{\"added\": {}}]"
  }
},
{
  "model": "admin.logentry",
  "pk": 280,
  "fields": {
    "action_time": "2025-09-28T18:15:13.908Z",
    "user": [
      "xomma"
    ],
    "content_type": [
      "feedback",
      "answer"
    ],
    "object_id": "2",
    "object_repr": "hom9ki - Глушитель – ПРИОРА: седан, универсал - Ответ получен - xomma",
    "action_flag": 1,
    "change_message": "[{\"added\": {}}]"
  }
},
{
  "model": "admin.logentry",
  "pk": 281,
  "fields": {
    "action_time": "2025-09-28T18:31:52.336Z",
    "user": [
      "xomma"
    ],
    "content_type": [
      "product",
      "productdescription"
    ],
    "object_id": "18",
    "object_repr": "Проблемы, решаемые установкой задней независимой подвески - Недостаточная поворачиваемость\r\nВысокая чувствительность к ударным боковым нагрузкам гнётся балка, нарушая углы установки колес\r\nВо время эк",
    "action_flag": 1,
    "change_message": "[{\"added\": {}}]"
  }
},
{
  "model": "admin.logentry",
  "pk": 282,
  "fields": {
    "action_time": "2025-09-28T18:34:00.394Z",
    "user": [
      "xomma"
    ],
    "content_type": [
      "product",
      "productdescription"
    ],
    "object_id": "19",
    "object_repr": "Преимущества задней независимой подвески - Стабильный контакт с разным дорожным покрытием и четкий контроль автомобиля при маневрах и прохождении виражей, даже без изменения характеристик амортизаторо",
    "action_flag": 1,
    "change_message": "[{\"added\": {}}]"
  }
},
{
  "model": "admin.logentry",
  "pk": 283,
  "fields": {
    "action_time": "2025-09-28T18:35:21.056Z",
    "user": [
      "xomma"
    ],
    "content_type": [
      "product",
      "productdescription"
    ],
    "object_id": "20",
    "object_repr": "Внимание! - Установка подвески происходит посредством замены штатной подвески на заднюю независимую подвеску и добавлением к штатному глушителю специального гиба, который идёт в комплекте.\r\nВсе инстру",
    "action_flag": 1,
    "change_message": "[{\"added\": {}}]"
  }
},
{
  "model": "admin.logentry",
  "pk": 284,
  "fields": {
    "action_time": "2025-10-03T16:13:02.286Z",
    "user": [
      "xomma"
    ],
    "content_type": [
      "product",
      "productapplicability"
    ],
    "object_id": "1",
    "object_repr": "Применяемость для Задняя независимая подвеска, ЛАДА ВЕСТА",
    "action_flag": 1,
    "change_message": "[{\"added\": {}}]"
  }
},
{
  "model": "admin.logentry",
  "pk": 285,
  "fields": {
    "action_time": "2025-10-03T16:26:25.108Z",
    "user": [
      "xomma"
    ],
    "content_type": [
      "garage",
      "brand"
    ],
    "object_id": "1",
    "object_repr": "Lada",
    "action_flag": 2,
    "change_message": "[{\"added\": {\"name\": \"\\u041c\\u043e\\u0434\\u0435\\u043b\\u044c \\u0430\\u0432\\u0442\\u043e\\u043c\\u043e\\u0431\\u0438\\u043b\\u044f\", \"object\": \"Lada Samara\"}}, {\"added\": {\"name\": \"\\u041c\\u043e\\u0434\\u0435\\u043b\\u044c \\u0430\\u0432\\u0442\\u043e\\u043c\\u043e\\u0431\\u0438\\u043b\\u044f\", \"object\": \"Lada Samara 2\"}}]"
  }
},
{
  "model": "admin.logentry",
  "pk": 286,
  "fields": {
    "action_time": "2025-10-03T16:27:04.512Z",
    "user": [
      "xomma"
    ],
    "content_type": [
      "product",
      "product"
    ],
    "object_id": "22",
    "object_repr": "Защита двигателя стальная для подрамника – ВАЗ 210...",
    "action_flag": 2,
    "change_message": "[{\"added\": {\"name\": \"\\u041f\\u0440\\u0438\\u043c\\u0435\\u043d\\u044f\\u0435\\u043c\\u043e\\u0441\\u0442\\u044c\", \"object\": \"\\u041f\\u0440\\u0438\\u043c\\u0435\\u043d\\u044f\\u0435\\u043c\\u043e\\u0441\\u0442\\u044c \\u0434\\u043b\\u044f \\u0417\\u0430\\u0449\\u0438\\u0442\\u0430 \\u0434\\u0432\\u0438\\u0433\\u0430\\u0442\\u0435\\u043b\\u044f \\u0441\\u0442\\u0430\\u043b\\u044c\\u043d\\u0430\\u044f \\u0434\\u043b\\u044f \\u043f\\u043e\\u0434\\u0440\\u0430\\u043c\\u043d\\u0438\\u043a\\u0430 \\u2013 \\u0412\\u0410\\u0417 2108-21099, 2113-2115\"}}]"
  }
},
{
  "model": "admin.logentry",
  "pk": 287,
  "fields": {
    "action_time": "2025-10-05T13:03:36.464Z",
    "user": [
      "xomma"
    ],
    "content_type": [
      "feedback",
      "answer"
    ],
    "object_id": "2",
    "object_repr": "None - xomma",
    "action_flag": 3,
    "change_message": ""
  }
},
{
  "model": "admin.logentry",
  "pk": 288,
  "fields": {
    "action_time": "2025-10-05T13:03:36.464Z",
    "user": [
      "xomma"
    ],
    "content_type": [
      "feedback",
      "answer"
    ],
    "object_id": "1",
    "object_repr": "None - xomma",
    "action_flag": 3,
    "change_message": ""
  }
},
{
  "model": "admin.logentry",
  "pk": 289,
  "fields": {
    "action_time": "2025-10-05T13:06:17.148Z",
    "user": [
      "xomma"
    ],
    "content_type": [
      "feedback",
      "setquestion"
    ],
    "object_id": "2",
    "object_repr": "CROSS PRO Лада ВЕСТА - hom9ki - Ответ не получен",
    "action_flag": 1,
    "change_message": "[{\"added\": {}}]"
  }
},
{
  "model": "admin.logentry",
  "pk": 290,
  "fields": {
    "action_time": "2025-10-05T13:09:57.311Z",
    "user": [
      "xomma"
    ],
    "content_type": [
      "feedback",
      "answer"
    ],
    "object_id": "3",
    "object_repr": "None - hom9ki",
    "action_flag": 1,
    "change_message": "[{\"added\": {}}]"
  }
},
{
  "model": "admin.logentry",
  "pk": 291,
  "fields": {
    "action_time": "2025-10-05T13:15:10.642Z",
    "user": [
      "xomma"
    ],
    "content_type": [
      "feedback",
      "answer"
    ],
    "object_id": "3",
    "object_repr": "None - hom9ki",
    "action_flag": 3,
    "change_message": ""
  }
},
{
  "model": "admin.logentry",
  "pk": 292,
  "fields": {
    "action_time": "2025-10-05T14:16:00.457Z",
    "user": [
      "xomma"
    ],
    "content_type": [
      "feedback",
      "setquestion"
    ],
    "object_id": "2",
    "object_repr": "CROSS PRO Лада ВЕСТА - hom9ki - Ответ не получен",
    "action_flag": 2,
    "change_message": "[{\"added\": {\"name\": \"\\u041e\\u0442\\u0432\\u0435\\u0442\", \"object\": \"CROSS PRO \\u041b\\u0430\\u0434\\u0430 \\u0412\\u0415\\u0421\\u0422\\u0410 - hom9ki - \\u041e\\u0442\\u0432\\u0435\\u0442 \\u043d\\u0435 \\u043f\\u043e\\u043b\\u0443\\u0447\\u0435\\u043d - xomma\"}}]"
  }
},
{
  "model": "admin.logentry",
  "pk": 293,
  "fields": {
    "action_time": "2025-10-05T14:16:36.285Z",
    "user": [
      "xomma"
    ],
    "content_type": [
      "feedback",
      "setquestion"
    ],
    "object_id": "2",
    "object_repr": "CROSS PRO Лада ВЕСТА - hom9ki - Ответ не получен",
    "action_flag": 2,
    "change_message": "[]"
  }
},
{
  "model": "admin.logentry",
  "pk": 294,
  "fields": {
    "action_time": "2025-10-05T14:17:30.067Z",
    "user": [
      "xomma"
    ],
    "content_type": [
      "feedback",
      "setquestion"
    ],
    "object_id": "2",
    "object_repr": "CROSS PRO Лада ВЕСТА - hom9ki - Ответ не получен",
    "action_flag": 3,
    "change_message": ""
  }
},
{
  "model": "admin.logentry",
  "pk": 295,
  "fields": {
    "action_time": "2025-10-05T14:18:18.431Z",
    "user": [
      "xomma"
    ],
    "content_type": [
      "feedback",
      "setquestion"
    ],
    "object_id": "3",
    "object_repr": "CROSS PRO Лада ВЕСТА - hom9ki - Ответ не получен",
    "action_flag": 1,
    "change_message": "[{\"added\": {}}]"
  }
},
{
  "model": "admin.logentry",
  "pk": 296,
  "fields": {
    "action_time": "2025-10-05T14:18:27.981Z",
    "user": [
      "xomma"
    ],
    "content_type": [
      "feedback",
      "setquestion"
    ],
    "object_id": "3",
    "object_repr": "CROSS PRO Лада ВЕСТА - hom9ki - Ответ не получен",
    "action_flag": 2,
    "change_message": "[{\"added\": {\"name\": \"\\u041e\\u0442\\u0432\\u0435\\u0442\", \"object\": \"CROSS PRO \\u041b\\u0430\\u0434\\u0430 \\u0412\\u0415\\u0421\\u0422\\u0410 - hom9ki - \\u041e\\u0442\\u0432\\u0435\\u0442 \\u043f\\u043e\\u043b\\u0443\\u0447\\u0435\\u043d - xomma\"}}]"
  }
},
{
  "model": "admin.logentry",
  "pk": 297,
  "fields": {
    "action_time": "2025-10-05T14:22:58.481Z",
    "user": [
      "xomma"
    ],
    "content_type": [
      "feedback",
      "setquestion"
    ],
    "object_id": "3",
    "object_repr": "CROSS PRO Лада ВЕСТА - hom9ki - Ответ не получен",
    "action_flag": 2,
    "change_message": "[{\"changed\": {\"name\": \"\\u041e\\u0442\\u0432\\u0435\\u0442\", \"object\": \"CROSS PRO \\u041b\\u0430\\u0434\\u0430 \\u0412\\u0415\\u0421\\u0422\\u0410 - hom9ki - \\u041e\\u0442\\u0432\\u0435\\u0442 \\u043f\\u043e\\u043b\\u0443\\u0447\\u0435\\u043d - xomma\", \"fields\": [\"\\u041e\\u0442\\u0432\\u0435\\u0442\"]}}]"
  }
},
{
  "model": "admin.logentry",
  "pk": 298,
  "fields": {
    "action_time": "2025-10-05T15:08:13.711Z",
    "user": [
      "xomma"
    ],
    "content_type": [
      "feedback",
      "productquestion"
    ],
    "object_id": "1",
    "object_repr": "Глушитель – ПРИОРА: седан, универсал - hom9ki - Ответ не получен",
    "action_flag": 1,
    "change_message": "[{\"added\": {}}]"
  }
},
{
  "model": "admin.logentry",
  "pk": 299,
  "fields": {
    "action_time": "2025-10-05T15:12:51.793Z",
    "user": [
      "xomma"
    ],
    "content_type": [
      "feedback",
      "productquestion"
    ],
    "object_id": "1",
    "object_repr": "Глушитель – ПРИОРА: седан, универсал - hom9ki - Ответ не получен",
    "action_flag": 2,
    "change_message": "[{\"added\": {\"name\": \"\\u041e\\u0442\\u0432\\u0435\\u0442\", \"object\": \"\\u0413\\u043b\\u0443\\u0448\\u0438\\u0442\\u0435\\u043b\\u044c \\u2013 \\u041f\\u0420\\u0418\\u041e\\u0420\\u0410: \\u0441\\u0435\\u0434\\u0430\\u043d, \\u0443\\u043d\\u0438\\u0432\\u0435\\u0440\\u0441\\u0430\\u043b - hom9ki - \\u041e\\u0442\\u0432\\u0435\\u0442 \\u043f\\u043e\\u043b\\u0443\\u0447\\u0435\\u043d - xomma\"}}]"
  }
},
{
  "model": "admin.logentry",
  "pk": 300,
  "fields": {
    "action_time": "2025-10-05T19:48:27.690Z",
    "user": [
      "xomma"
    ],
    "content_type": [
      "feedback",
      "setreview"
    ],
    "object_id": "1",
    "object_repr": "hom9ki - CROSS PRO – ВАЗ 2110-12, ПРИОРА 2170-71",
    "action_flag": 1,
    "change_message": "[{\"added\": {}}]"
  }
},
{
  "model": "admin.logentry",
  "pk": 301,
  "fields": {
    "action_time": "2025-10-05T20:11:44.723Z",
    "user": [
      "xomma"
    ],
    "content_type": [
      "feedback",
      "setquestion"
    ],
    "object_id": "4",
    "object_repr": "CROSS PRO – ВАЗ 2110-12, ПРИОРА 2170-71 - hom9ki - Ответ не получен",
    "action_flag": 1,
    "change_message": "[{\"added\": {}}]"
  }
},
{
  "model": "admin.logentry",
  "pk": 302,
  "fields": {
    "action_time": "2025-10-05T20:15:08.462Z",
    "user": [
      "xomma"
    ],
    "content_type": [
      "feedback",
      "setquestion"
    ],
    "object_id": "4",
    "object_repr": "CROSS PRO – ВАЗ 2110-12, ПРИОРА 2170-71 - hom9ki - Ответ не получен",
    "action_flag": 2,
    "change_message": "[{\"added\": {\"name\": \"\\u041e\\u0442\\u0432\\u0435\\u0442\", \"object\": \"CROSS PRO \\u2013 \\u0412\\u0410\\u0417 2110-12, \\u041f\\u0420\\u0418\\u041e\\u0420\\u0410 2170-71 - hom9ki - \\u041e\\u0442\\u0432\\u0435\\u0442 \\u043f\\u043e\\u043b\\u0443\\u0447\\u0435\\u043d - xomma\"}}]"
  }
},
{
  "model": "admin.logentry",
  "pk": 303,
  "fields": {
    "action_time": "2025-10-07T20:52:03.305Z",
    "user": [
      "xomma"
    ],
    "content_type": [
      "feedback",
      "setquestion"
    ],
    "object_id": "3",
    "object_repr": "CROSS PRO Лада ВЕСТА - hom9ki - Ответ получен",
    "action_flag": 2,
    "change_message": "[]"
  }
},
{
  "model": "admin.logentry",
  "pk": 304,
  "fields": {
    "action_time": "2025-10-12T13:34:35.187Z",
    "user": [
      "xomma"
    ],
    "content_type": [
      "cart",
      "cart"
    ],
    "object_id": "1",
    "object_repr": "xomma - Задняя независимая подвеска, ЛАДА ВЕСТА - 3",
    "action_flag": 1,
    "change_message": "[{\"added\": {}}]"
  }
},
{
  "model": "admin.logentry",
  "pk": 305,
  "fields": {
    "action_time": "2025-10-12T17:35:05.571Z",
    "user": [
      "xomma"
    ],
    "content_type": [
      "cart",
      "cart"
    ],
    "object_id": "2",
    "object_repr": "xomma - Глушитель – ПРИОРА: седан, универсал - 2",
    "action_flag": 1,
    "change_message": "[{\"added\": {}}]"
  }
},
{
  "model": "admin.logentry",
  "pk": 306,
  "fields": {
    "action_time": "2025-10-13T08:17:35.220Z",
    "user": [
      "xomma"
    ],
    "content_type": [
      "cart",
      "cart"
    ],
    "object_id": "11",
    "object_repr": "xomma - Защита двигателя стальная для подрамника – ВАЗ 211... - 0",
    "action_flag": 3,
    "change_message": ""
  }
},
{
  "model": "admin.logentry",
  "pk": 307,
  "fields": {
    "action_time": "2025-10-13T08:17:35.220Z",
    "user": [
      "xomma"
    ],
    "content_type": [
      "cart",
      "cart"
    ],
    "object_id": "10",
    "object_repr": "xomma - Защита двигателя стальная для подрамника – ВАЗ 210... - 0",
    "action_flag": 3,
    "change_message": ""
  }
},
{
  "model": "admin.logentry",
  "pk": 308,
  "fields": {
    "action_time": "2025-10-13T08:17:35.220Z",
    "user": [
      "xomma"
    ],
    "content_type": [
      "cart",
      "cart"
    ],
    "object_id": "9",
    "object_repr": "xomma - Задняя независимая подвеска ВАЗ КАЛИНА ГРАНТА ДАТС... - 0",
    "action_flag": 3,
    "change_message": ""
  }
},
{
  "model": "admin.logentry",
  "pk": 309,
  "fields": {
    "action_time": "2025-10-13T08:17:35.220Z",
    "user": [
      "xomma"
    ],
    "content_type": [
      "cart",
      "cart"
    ],
    "object_id": "8",
    "object_repr": "xomma - Задняя независимая подвеска – ВАЗ 2108-21099, 2113... - 0",
    "action_flag": 3,
    "change_message": ""
  }
},
{
  "model": "admin.logentry",
  "pk": 310,
  "fields": {
    "action_time": "2025-10-13T08:17:35.220Z",
    "user": [
      "xomma"
    ],
    "content_type": [
      "cart",
      "cart"
    ],
    "object_id": "7",
    "object_repr": "xomma - Дополнительная опора СА – ВАЗ 2110-2112, Приора - 0",
    "action_flag": 3,
    "change_message": ""
  }
},
{
  "model": "admin.logentry",
  "pk": 311,
  "fields": {
    "action_time": "2025-10-13T08:17:35.220Z",
    "user": [
      "xomma"
    ],
    "content_type": [
      "cart",
      "cart"
    ],
    "object_id": "6",
    "object_repr": "xomma - Глушитель – ВАЗ 2108, 2109 - 0",
    "action_flag": 3,
    "change_message": ""
  }
},
{
  "model": "admin.logentry",
  "pk": 312,
  "fields": {
    "action_time": "2025-10-13T08:17:35.220Z",
    "user": [
      "xomma"
    ],
    "content_type": [
      "cart",
      "cart"
    ],
    "object_id": "5",
    "object_repr": "xomma - Амортизатор передний с корпусом в сборе левый, тре... - 0",
    "action_flag": 3,
    "change_message": ""
  }
},
{
  "model": "admin.logentry",
  "pk": 313,
  "fields": {
    "action_time": "2025-10-13T08:17:35.220Z",
    "user": [
      "xomma"
    ],
    "content_type": [
      "cart",
      "cart"
    ],
    "object_id": "4",
    "object_repr": "xomma - Винтовой самоблокирующийся дифференциал с увеличен... - 0",
    "action_flag": 3,
    "change_message": ""
  }
},
{
  "model": "admin.logentry",
  "pk": 314,
  "fields": {
    "action_time": "2025-10-13T08:17:35.220Z",
    "user": [
      "xomma"
    ],
    "content_type": [
      "cart",
      "cart"
    ],
    "object_id": "3",
    "object_repr": "xomma - Амортизатор задней подвески в сборе, асфальт - 0",
    "action_flag": 3,
    "change_message": ""
  }
},
{
  "model": "admin.logentry",
  "pk": 315,
  "fields": {
    "action_time": "2025-10-13T08:17:35.220Z",
    "user": [
      "xomma"
    ],
    "content_type": [
      "cart",
      "cart"
    ],
    "object_id": "2",
    "object_repr": "xomma - Глушитель – ПРИОРА: седан, универсал - 0",
    "action_flag": 3,
    "change_message": ""
  }
},
{
  "model": "admin.logentry",
  "pk": 316,
  "fields": {
    "action_time": "2025-10-13T08:17:35.220Z",
    "user": [
      "xomma"
    ],
    "content_type": [
      "cart",
      "cart"
    ],
    "object_id": "1",
    "object_repr": "xomma - Задняя независимая подвеска, ЛАДА ВЕСТА - 0",
    "action_flag": 3,
    "change_message": ""
  }
}
]
