[
{
  "model": "product.category",
  "pk": 1,
  "fields": {
    "name": "Двигатель",
    "slug": "dvigatel",
    "image": "category/1757284020.889158Двигатель_.jpeg",
    "is_supercategory": true,
    "super_category": null
  }
},
{
  "model": "product.category",
  "pk": 2,
  "fields": {
    "name": "Трансмиссия",
    "slug": "transmissiya",
    "image": "",
    "is_supercategory": true,
    "super_category": null
  }
},
{
  "model": "product.category",
  "pk": 3,
  "fields": {
    "name": "Подрамники",
    "slug": "podramniki",
    "image": "",
    "is_supercategory": true,
    "super_category": null
  }
},
{
  "model": "product.category",
  "pk": 4,
  "fields": {
    "name": "Опоры",
    "slug": "opory",
    "image": "",
    "is_supercategory": true,
    "super_category": null
  }
},
{
  "model": "product.category",
  "pk": 5,
  "fields": {
    "name": "Растяжки/Распорки",
    "slug": "rastyazhkirasporki",
    "image": "",
    "is_supercategory": true,
    "super_category": null
  }
},
{
  "model": "product.category",
  "pk": 6,
  "fields": {
    "name": "Глушители основные",
    "slug": "glushiteli-osnovnye",
    "image": "",
    "is_supercategory": false,
    "super_category": 1
  }
},
{
  "model": "product.category",
  "pk": 7,
  "fields": {
    "name": "Дроссельные заслонки",
    "slug": "drosselnye-zaslonki",
    "image": "",
    "is_supercategory": false,
    "super_category": 1
  }
},
{
  "model": "product.category",
  "pk": 9,
  "fields": {
    "name": "Опоры двигателя",
    "slug": "opory-dvigatelya",
    "image": "",
    "is_supercategory": false,
    "super_category": 1
  }
},
{
  "model": "product.category",
  "pk": 10,
  "fields": {
    "name": "Кронштейны генератора",
    "slug": "kronshtejny-generatora",
    "image": "",
    "is_supercategory": false,
    "super_category": 1
  }
},
{
  "model": "product.category",
  "pk": 11,
  "fields": {
    "name": "Самоблокирующиеся дифференциалы",
    "slug": "samoblokiruyushiesya-differencialy",
    "image": "",
    "is_supercategory": false,
    "super_category": 2
  }
},
{
  "model": "product.category",
  "pk": 12,
  "fields": {
    "name": "Шарниры реактивной тяги",
    "slug": "sharniry-reaktivnoj-tyagi",
    "image": "",
    "is_supercategory": false,
    "super_category": 2
  }
},
{
  "model": "product.category",
  "pk": 16,
  "fields": {
    "name": "Пружины",
    "slug": "pruzhiny",
    "image": "",
    "is_supercategory": false,
    "super_category": null
  }
},
{
  "model": "product.category",
  "pk": 17,
  "fields": {
    "name": "Независимая подвеска",
    "slug": "nezavisimaya-podveska",
    "image": "",
    "is_supercategory": false,
    "super_category": null
  }
},
{
  "model": "product.category",
  "pk": 18,
  "fields": {
    "name": "Защиты",
    "slug": "zashity",
    "image": "",
    "is_supercategory": true,
    "super_category": null
  }
},
{
  "model": "product.category",
  "pk": 19,
  "fields": {
    "name": "Рулевое управление",
    "slug": "rulevoe-upravlenie",
    "image": "",
    "is_supercategory": true,
    "super_category": null
  }
},
{
  "model": "product.category",
  "pk": 20,
  "fields": {
    "name": "Рычаги задние/Балки/Проставки",
    "slug": "rychagi-zadniebalkiprostavki",
    "image": "",
    "is_supercategory": true,
    "super_category": null
  }
},
{
  "model": "product.category",
  "pk": 21,
  "fields": {
    "name": "Стойки",
    "slug": "stojki",
    "image": "",
    "is_supercategory": true,
    "super_category": null
  }
},
{
  "model": "product.category",
  "pk": 22,
  "fields": {
    "name": "Подрамник без рычагов",
    "slug": "podramnik-bez-rychagov",
    "image": "",
    "is_supercategory": false,
    "super_category": 3
  }
},
{
  "model": "product.category",
  "pk": 23,
  "fields": {
    "name": "Подрамник с жесткими рычагами",
    "slug": "podramnik-s-zhestkimi-rychagami",
    "image": "",
    "is_supercategory": false,
    "super_category": 3
  }
},
{
  "model": "product.category",
  "pk": 24,
  "fields": {
    "name": "Комплектующие для подрамников",
    "slug": "komplektuyushie-dlya-podramnikov",
    "image": "",
    "is_supercategory": false,
    "super_category": 3
  }
},
{
  "model": "product.category",
  "pk": 25,
  "fields": {
    "name": "Защита для подрамника",
    "slug": "zashita-dlya-podramnika",
    "image": "",
    "is_supercategory": false,
    "super_category": 18
  }
},
{
  "model": "product.category",
  "pk": 26,
  "fields": {
    "name": "Нива",
    "slug": "niva",
    "image": "",
    "is_supercategory": false,
    "super_category": 4
  }
},
{
  "model": "product.category",
  "pk": 27,
  "fields": {
    "name": "Опора КПП",
    "slug": "opora-kpp",
    "image": "",
    "is_supercategory": false,
    "super_category": 4
  }
},
{
  "model": "product.category",
  "pk": 28,
  "fields": {
    "name": "Опоры стойки",
    "slug": "opory-stojki",
    "image": "",
    "is_supercategory": false,
    "super_category": 4
  }
},
{
  "model": "product.category",
  "pk": 29,
  "fields": {
    "name": "Усилители моторного щита",
    "slug": "usiliteli-motornogo-shita",
    "image": "",
    "is_supercategory": false,
    "super_category": 19
  }
},
{
  "model": "product.category",
  "pk": 30,
  "fields": {
    "name": "Распорки задние",
    "slug": "rasporki-zadnie",
    "image": "",
    "is_supercategory": false,
    "super_category": 5
  }
},
{
  "model": "product.category",
  "pk": 31,
  "fields": {
    "name": "Распорки нижние",
    "slug": "rasporki-nizhnie",
    "image": "",
    "is_supercategory": false,
    "super_category": 5
  }
},
{
  "model": "product.category",
  "pk": 32,
  "fields": {
    "name": "Распорки передних стоек",
    "slug": "rasporki-perednih-stoek",
    "image": "",
    "is_supercategory": false,
    "super_category": 5
  }
},
{
  "model": "product.category",
  "pk": 33,
  "fields": {
    "name": "Тяги панара/Реактивные тяги",
    "slug": "tyagi-panarareaktivnye-tyagi",
    "image": "",
    "is_supercategory": false,
    "super_category": 20
  }
},
{
  "model": "product.category",
  "pk": 34,
  "fields": {
    "name": "Балки",
    "slug": "balki",
    "image": "",
    "is_supercategory": false,
    "super_category": 20
  }
},
{
  "model": "product.category",
  "pk": 35,
  "fields": {
    "name": "Комплектующие",
    "slug": "komplektuyushie",
    "image": "",
    "is_supercategory": false,
    "super_category": 20
  }
},
{
  "model": "product.category",
  "pk": 36,
  "fields": {
    "name": "Проставки",
    "slug": "prostavki",
    "image": "",
    "is_supercategory": false,
    "super_category": 20
  }
},
{
  "model": "product.category",
  "pk": 37,
  "fields": {
    "name": "Рычаги задние регулируемые",
    "slug": "rychagi-zadnie-reguliruemye",
    "image": "",
    "is_supercategory": false,
    "super_category": 20
  }
},
{
  "model": "product.category",
  "pk": 38,
  "fields": {
    "name": "Усилители опор стоек",
    "slug": "usiliteli-opor-stoek",
    "image": "",
    "is_supercategory": false,
    "super_category": 4
  }
},
{
  "model": "product.category",
  "pk": 39,
  "fields": {
    "name": "Стойки и амортизаторы",
    "slug": "stojki-i-amortizatory",
    "image": "",
    "is_supercategory": false,
    "super_category": 21
  }
},
{
  "model": "product.category",
  "pk": 40,
  "fields": {
    "name": "Поперечины",
    "slug": "poperechiny",
    "image": "",
    "is_supercategory": false,
    "super_category": null
  }
},
{
  "model": "product.category",
  "pk": 41,
  "fields": {
    "name": "Рычаги передние",
    "slug": "rychagi-perednie",
    "image": "",
    "is_supercategory": false,
    "super_category": null
  }
},
{
  "model": "product.category",
  "pk": 42,
  "fields": {
    "name": "Стабилизаторы",
    "slug": "stabilizatory",
    "image": "",
    "is_supercategory": false,
    "super_category": null
  }
},
{
  "model": "product.product",
  "pk": 1,
  "fields": {
    "category": 6,
    "title": "Глушитель – ВАЗ 2108, 2109",
    "slug": "glushitel-vaz-2108-2109",
    "content": "Устанавливается совместно с задней независимой подвеской и рычагами задней подвески. Возможна установка с серийным рычагом задней подвески.",
    "price": 4790.0,
    "quantity": 2,
    "image": "product/1758739317.3652631756668644.199455Глушитель_ваз_2109__.jpg",
    "author": 1,
    "created_at": "2025-08-31T19:30:44.211Z"
  }
},
{
  "model": "product.product",
  "pk": 2,
  "fields": {
    "category": 6,
    "title": "Глушитель – ПРИОРА: седан, универсал",
    "slug": "glushitel-priora-sedan-universal",
    "content": "Устанавливается совместно с задней независимой подвеской и рычагами задней подвески. Возможна установка с серийным рычагом задней подвески.",
    "price": 4890.0,
    "quantity": 5,
    "image": "product/1758739410.4586031756668789.59363Глушитель_Приора_седан__.jpg",
    "author": 1,
    "created_at": "2025-08-31T19:33:09.599Z"
  }
},
{
  "model": "product.product",
  "pk": 3,
  "fields": {
    "category": 10,
    "title": "Стальной кронштейн генератора – ВАЗ 2110-2112 с ГУР, Приора с ГУР",
    "slug": "stalnoj-kronshtejn-generatora-vaz-2110-2112-s-gur-priora-s-gur",
    "content": "Используйте стальной кронштейн генератора вместо литого из алюминия 2110-1041034-20 нового образцов:\r\nДвойная прочность исключает поломку кронштейна.\r\n3 точки прямого крепление к блоку цилиндров вместо 1 у заводского.\r\nПрименяется ремень, рекомендуемый АвтоВАЗом.",
    "price": 2050.0,
    "quantity": 4,
    "image": "product/1758739814.398382Кронштейн_генератора_Приора__.jpg",
    "author": 1,
    "created_at": "2025-08-31T20:02:28.418Z"
  }
},
{
  "model": "product.product",
  "pk": 4,
  "fields": {
    "category": 10,
    "title": "Универсальный стальной кронштейн генератора с мех. регулировкой, для моторов 8V и 16V с кондиционером и без – Калина, Гранта, Datsun",
    "slug": "universalnyj-stalnoj-kronshtejn-generatora-s-meh-regulirovkoj-dlya-motorov-8v-i-16v-s-kondicionerom-i-bez-kalina-granta-datsun",
    "content": "Используйте универсальный стальной кронштейн генератора вместо литых кронштейнов из алюминия 1118-1041034-01, 2190-1041034-00 и 2190-1041034-10:\r\n\r\nТочная регулировка усилия натяжения ремня.\r\nРешает проблему свиста ремня генератора.\r\nПродлевает срок службы подшипников генератора.\r\nПрименяется:\r\nС любыми комплектациями автомобилей:\r\nLADA KALINA1 (Sport)\r\nGRANTA (FL)\r\nGRANTA Sport (FL)\r\nKALINA2\r\nKALINA2 Sport\r\nDatsun On-Do, Mi-Do\r\nС двигателями 8V и 16V.\r\nС генераторами КЗАТЭ, Bosсh.\r\nС кондиционерами Panasoniс, Halla, Erae.\r\nПрименяются ремни, рекомендуемые АвтоВАЗом. \r\nПроверено в экстремальных условиях автоспорта.",
    "price": 3350.0,
    "quantity": 6,
    "image": "product/1758739885.073847Кронштейн_генератора_Универсал__.jpg",
    "author": 1,
    "created_at": "2025-09-02T09:10:02.444Z"
  }
},
{
  "model": "product.product",
  "pk": 5,
  "fields": {
    "category": 9,
    "title": "Комплект опор CA, SPORT – ВАЗ 2108-21099, 2113-2115",
    "slug": "komplekt-opor-ca-sport-vaz-2108-21099-2113-2115",
    "content": "Динамическая оптимизация подвески силового агрегата (уравновешивание в процессе движения автомобиля), особенно при наложении режимов максимальных колебаний двигателя и интенсивного движения автомобиля.\r\nСокращение амплитуды колебаний силового агрегата, что положительно сказывается на четкости переключения передач.\r\nИсключение влияния колебаний центра тяжести двигателя на управляемость.",
    "price": 4230.0,
    "quantity": 1,
    "image": "1756804335.762032Комплект_опор_СА_2108_.jpg",
    "author": 1,
    "created_at": "2025-09-02T09:12:15.765Z"
  }
},
{
  "model": "product.product",
  "pk": 6,
  "fields": {
    "category": 9,
    "title": "Растяжка СА – ВАЗ 2110-2112, Приора",
    "slug": "rastyazhka-sa-vaz-2110-2112-priora",
    "content": "Уменьшает нежелательные перемещения силового агрегата.\r\nИмеет более жесткий кронштейн и более жесткие резиновые элементы.",
    "price": 1250.0,
    "quantity": 3,
    "image": "product/1758740169.386965Растяжка_Приора__.jpg",
    "author": 1,
    "created_at": "2025-09-02T09:16:15.636Z"
  }
},
{
  "model": "product.product",
  "pk": 7,
  "fields": {
    "category": 9,
    "title": "Дополнительная опора СА – ВАЗ 2110-2112, Приора",
    "slug": "dopolnitelnaya-opora-sa-vaz-2110-2112-priora",
    "content": "Устанавливается на следующие подрамники:\r\n\r\nАР 0171 / АР10-2802020\r\nАР 0181 / АР10-2802020-05\r\nАР 0191 / АР10-2802020-10",
    "price": 1450.0,
    "quantity": 9,
    "image": "product/1758740211.632824Доп_опора_Приора__.jpg",
    "author": 1,
    "created_at": "2025-09-02T09:19:04.335Z"
  }
},
{
  "model": "product.product",
  "pk": 8,
  "fields": {
    "category": 16,
    "title": "Комплект задних пружин Веста, седан, 2015 г.",
    "slug": "komplekt-zadnih-pruzhin-vesta-sedan-2015-g",
    "content": "Надежные пружины задней подвески для Лада Веста стабильность и комфорт для вашего автомобиля!",
    "price": 2890.0,
    "quantity": 4,
    "image": "product/1758740293.789437Пружины_Веста_Седан__.jpg",
    "author": 1,
    "created_at": "2025-09-03T20:16:51.312Z"
  }
},
{
  "model": "product.product",
  "pk": 9,
  "fields": {
    "category": 17,
    "title": "Задняя независимая подвеска ВАЗ КАЛИНА ГРАНТА ДАТСУН",
    "slug": "zadnyaya-nezavisimaya-podveska-vaz-kalina-granta-datsun",
    "content": "Устанавливается на серийные авто, с завышением +15мм, с занижением до-50мм (размер от центра ступицы, до края арки автомобиля должен соответствовать следующему диапазону: от305мм до -370мм).\r\n\r\nУстанавливается только совместно с прямоточным глушителем.",
    "price": 38990.0,
    "quantity": 5,
    "image": "product/1757869210.468367задняя_подвеска_Калина_.jpg",
    "author": 1,
    "created_at": "2025-09-14T17:00:10.472Z"
  }
},
{
  "model": "product.product",
  "pk": 10,
  "fields": {
    "category": 17,
    "title": "Задняя независимая подвеска – ВАЗ 2108-21099, 2113-2115, 2110-2112, Приора",
    "slug": "zadnyaya-nezavisimaya-podveska-vaz-2108-21099-2113-2115-2110-2112-priora",
    "content": "Устанавливается не серийные авто, с завышением +15мм, с занижением до-50мм (размер от центра ступицы, до края арки автомобиля должен соответствовать следующему диапазону: от305мм до-370мм).\r\n\r\nУстанавливается только совместно с прямоточным глушителем.\r\n\r\nВнимание! Для автомобилей безABS необходимо докупить кронштейн регулятора давления.",
    "price": 38990.0,
    "quantity": 3,
    "image": "product/1757869582.784877задняя_подвеска_2108_.jpg",
    "author": 1,
    "created_at": "2025-09-14T17:06:22.787Z"
  }
},
{
  "model": "product.product",
  "pk": 11,
  "fields": {
    "category": 16,
    "title": "Комплект заниженных задних пружин -50 Калина, Гранта, Приора",
    "slug": "komplekt-zanizhennyh-zadnih-pruzhin-50-kalina-granta-priora",
    "content": "Сверхпрочные заниженные пружины -50 для LADA Kalina/Granta\r\nНе проседают, не ломаются гарантированно!",
    "price": 3690.0,
    "quantity": 0,
    "image": "product/1757870049.163079Пружины_Калина_-50_.jpg",
    "author": 1,
    "created_at": "2025-09-14T17:14:09.180Z"
  }
},
{
  "model": "product.product",
  "pk": 12,
  "fields": {
    "category": 11,
    "title": "Винтовой самоблокирующийся дифференциал с увеличенным КБ ( с преднатягом ) – ВАЗ: 2108-21099, 2113-2115, 2110-2112, Приора, Калина, Гранта; Datsun",
    "slug": "vintovoj-samoblokiruyushijsya-differencial-s-uvelichennym-kb-s-prednatyagom-vaz-2108-21099-2113-2115-2110-2112-priora-kalina-granta-datsun",
    "content": "Установка самоблокирующегося дифференциала обеспечивает оптимальное перераспределение крутящего момента между ведущими колесами. Это позволяет передать дополнительную мощность двигателя колесу, имеющему лучший коэффициент сцепления",
    "price": 13990.0,
    "quantity": 2,
    "image": "product/1757870561.889416Диф_2108_.jpg",
    "author": 1,
    "created_at": "2025-09-14T17:20:17.442Z"
  }
},
{
  "model": "product.product",
  "pk": 13,
  "fields": {
    "category": 11,
    "title": "Необслуживаемый самоблокирующийся дифференциал – Веста, Ларгус, Гранта, Калина, Приора, ВАЗ 2110-2112, 2108-21099, 2113-2115; Datsun",
    "slug": "neobsluzhivaemyj-samoblokiruyushijsya-differencial-vesta-largus-granta-kalina-priora-vaz-2110-2112-2108-21099-2113-2115-datsun",
    "content": "Установка самоблокирующегося дифференциала обеспечивает оптимальное перераспределение крутящего момента между ведущими колесами. Это позволяет передать дополнительную мощность двигателя колесу, имеющему лучший коэффициент сцепления.",
    "price": 14410.0,
    "quantity": 3,
    "image": "product/1757870513.06374Диф_Веста_.jpg",
    "author": 1,
    "created_at": "2025-09-14T17:21:53.070Z"
  }
},
{
  "model": "product.product",
  "pk": 14,
  "fields": {
    "category": 12,
    "title": "Шарнир реактивной тяги – ВАЗ 2110-2112, Приора",
    "slug": "sharnir-reaktivnoj-tyagi-vaz-2110-2112-priora",
    "content": "Жесткость сайлентблоков подобрана таким образом, чтобы обеспечить прогрессивный прирост жесткости при колебаниях. Ресурс превышает ресурс серийного шарнира более, чем в 2 раза.",
    "price": 610.0,
    "quantity": 6,
    "image": "product/1757871060.811118Шарнир_реакт-тяги_2110_.jpg",
    "author": 1,
    "created_at": "2025-09-14T17:31:00.818Z"
  }
},
{
  "model": "product.product",
  "pk": 15,
  "fields": {
    "category": 12,
    "title": "Шарнир реактивной тяги – Калина 1, Гранта",
    "slug": "sharnir-reaktivnoj-tyagi-kalina-1-granta",
    "content": "Исключение вибраций.\r\nУлучшение чёткости переключения.\r\nУвеличенный ресурс.",
    "price": 590.0,
    "quantity": 4,
    "image": "product/1757871237.351309Шарнир_реакт-тяги_Калина_.jpg",
    "author": 1,
    "created_at": "2025-09-14T17:33:57.355Z"
  }
},
{
  "model": "product.product",
  "pk": 16,
  "fields": {
    "category": 22,
    "title": "Подрамник SPORT – ВАЗ 2114, 2115, 2113, 2108, 2109, 21099",
    "slug": "podramnik-sport-vaz-2114-2115-2113-2108-2109-21099",
    "content": "Кузов становится жестче, подвеска работает правильнее, нагрузки распределяются равномерно.",
    "price": 7790.0,
    "quantity": 5,
    "image": "product/1757871752.398158Подрамник_спорт_2114_.jpg",
    "author": 1,
    "created_at": "2025-09-14T17:42:32.413Z"
  }
},
{
  "model": "product.product",
  "pk": 17,
  "fields": {
    "category": 22,
    "title": "Подрамник DRIVE – Гранта, Калина (ВАЗ 1118, 1117, 1119)",
    "slug": "podramnik-drive-granta-kalina-vaz-1118-1117-1119",
    "content": "Кузов становится жестче, подвеска работает правильнее, нагрузки распределяются равномерно.",
    "price": 8030.0,
    "quantity": 2,
    "image": "product/1757872171.077777Подрамник_Калина_.jpg",
    "author": 1,
    "created_at": "2025-09-14T17:49:31.096Z"
  }
},
{
  "model": "product.product",
  "pk": 18,
  "fields": {
    "category": 23,
    "title": "Подрамник с рычагами – ВАЗ 2108-21099, 2113-2115",
    "slug": "podramnik-s-rychagami-vaz-2108-21099-2113-2115",
    "content": "Подрамник ставится прямо в штатные места. Кузов становится жестче, подвеска работает правильнее, нагрузки распределяются равномерно.",
    "price": 16990.0,
    "quantity": 4,
    "image": "product/1757872468.647889Подрамник_с_рычагами_Самара_.jpg",
    "author": 1,
    "created_at": "2025-09-14T17:54:28.663Z"
  }
},
{
  "model": "product.product",
  "pk": 19,
  "fields": {
    "category": 23,
    "title": "Подрамник с жесткими рычагами, КАЛИНА 2 ГРАНТА (FL) после 2013 г.",
    "slug": "podramnik-s-zhestkimi-rychagami-kalina-2-granta-fl-posle-2013-g",
    "content": "Кузов становится жестче, подвеска работает правильнее, нагрузки распределяются равномерно. Машина меньше гуляет на неровностях и четко реагирует на руль.",
    "price": 18390.0,
    "quantity": 5,
    "image": "product/1757872819.873265Подрамник_с_рычагами_Калина_.jpg",
    "author": 1,
    "created_at": "2025-09-14T18:00:19.889Z"
  }
},
{
  "model": "product.product",
  "pk": 20,
  "fields": {
    "category": 24,
    "title": "Рычаги подрамника жесткие, колея +70мм – ВАЗ 2108-21099, 2113-2115, 2110-2112, Приора, Гранта, Калина; Datsun",
    "slug": "rychagi-podramnika-zhestkie-koleya-70mm-vaz-2108-21099-2113-2115-2110-2112-priora-granta-kalina-datsun",
    "content": "Рычаги подрамника жесткие, колея +70мм",
    "price": 9690.0,
    "quantity": 3,
    "image": "product/1757874505.975664Рычаги_подрамника_жесткие_колея_70мм_Приора_.jpg",
    "author": 1,
    "created_at": "2025-09-14T18:28:25.979Z"
  }
},
{
  "model": "product.product",
  "pk": 21,
  "fields": {
    "category": 24,
    "title": "Рем. комплект для подрамника – ВАЗ, Datsun",
    "slug": "rem-komplekt-dlya-podramnika-vaz-datsun",
    "content": "Рем. комплект",
    "price": 2670.0,
    "quantity": 2,
    "image": "product/1757874635.030928Рем._комплект_для_подрамника_.jpg",
    "author": 1,
    "created_at": "2025-09-14T18:30:35.035Z"
  }
},
{
  "model": "product.product",
  "pk": 22,
  "fields": {
    "category": 25,
    "title": "Защита двигателя стальная для подрамника – ВАЗ 2108-21099, 2113-2115",
    "slug": "zashita-dvigatelya-stalnaya-dlya-podramnika-vaz-2108-21099-2113-2115",
    "content": "Защита двигателя, КПП и сцепления снизу от ударов, камней и инородных предметов.",
    "price": 2620.0,
    "quantity": 4,
    "image": "product/1757875032.128064Защита_2108_.png",
    "author": 1,
    "created_at": "2025-09-14T18:37:12.146Z"
  }
},
{
  "model": "product.product",
  "pk": 23,
  "fields": {
    "category": 25,
    "title": "Защита двигателя стальная оцинкованная для подрамника, ВАЗ КАЛИНА ГРАНТА ДАТСУН",
    "slug": "zashita-dvigatelya-stalnaya-ocinkovannaya-dlya-podramnika-vaz-kalina-granta-datsun",
    "content": "Защита двигателя, КПП и сцепления снизу от ударов, камней и инородных предметов.\r\n\r\nПодходит для: Подрамник DRIVE увеличенный клиренс, КАЛИНА 2 ГРАНТА (FL) после 2013 и Подрамник с жесткими рычагами, КАЛИНА 2 ГРАНТА (FL) после 2013",
    "price": 3140.0,
    "quantity": 3,
    "image": "product/1757875656.006084Защита_двигателя_оцинкованная_.jpg",
    "author": 1,
    "created_at": "2025-09-14T18:47:36.010Z"
  }
},
{
  "model": "product.product",
  "pk": 24,
  "fields": {
    "category": 26,
    "title": "Опора раздаточной коробки – Нива 4х4",
    "slug": "opora-razdatochnoj-korobki-niva-4h4",
    "content": "Предназначена для эксплуатации автомобиля в условиях полного или частичного бездорожья.",
    "price": 1090.0,
    "quantity": 10,
    "image": "product/1757876255.843467Опора_раздаточной_коробки__Нива_4х4_.jpg",
    "author": 1,
    "created_at": "2025-09-14T18:57:35.846Z"
  }
},
{
  "model": "product.product",
  "pk": 25,
  "fields": {
    "category": 27,
    "title": "Усиленный кронштейн задней опоры двигателя с МКПП – Калина (1, 2), Гранта, Датсун",
    "slug": "usilennyj-kronshtejn-zadnej-opory-dvigatelya-s-mkpp-kalina-1-2-granta-datsun",
    "content": "Увеличение жесткости силового агрегата (ДВС и КПП)",
    "price": 2110.0,
    "quantity": 4,
    "image": "product/1757877674.706662Усиленный_кронштейн_задней_опоры_двигателя_с_МКПП_Калина_.jpg",
    "author": 1,
    "created_at": "2025-09-14T19:21:14.711Z"
  }
},
{
  "model": "product.product",
  "pk": 26,
  "fields": {
    "category": 27,
    "title": "Комплект усиленных кронштейнов СА для тросиковой МКПП, ВАЗ КАЛИНА ГРАНТА ДАТСУН",
    "slug": "komplekt-usilennyh-kronshtejnov-sa-dlya-trosikovoj-mkpp-vaz-kalina-granta-datsun",
    "content": "Комплект усиленных кронштейнов СА",
    "price": 4210.0,
    "quantity": 7,
    "image": "product/1757878858.263189Комплект_усиленных_кронштейнов_СА_.jpg",
    "author": 1,
    "created_at": "2025-09-14T19:40:58.269Z"
  }
},
{
  "model": "product.product",
  "pk": 27,
  "fields": {
    "category": 28,
    "title": "Опоры верхние передней подвески, ШС 20 – Калина, Гранта, Приора, ВАЗ 2110-2112, 2108-21099, 2113-2115; Datsun",
    "slug": "opory-verhnie-perednej-podveski-shs-20-kalina-granta-priora-vaz-2110-2112-2108-21099-2113-2115-datsun",
    "content": "Комплект опор передней подвески на сферическом подшипнике ШС с тефлоновым покрытием PTFE.\r\n\r\nНеобслуживаемые, бесшумные, неразборные, увеличенный ресурс.",
    "price": 17000.0,
    "quantity": 4,
    "image": "product/1757955936.300897Опоры_верхней_подвески_.jpg",
    "author": 1,
    "created_at": "2025-09-15T17:05:36.304Z"
  }
},
{
  "model": "product.product",
  "pk": 28,
  "fields": {
    "category": 38,
    "title": "Усилители опор стоек – Гранта, Гранта Спорт, Калина (1, 2, Спорт)",
    "slug": "usiliteli-opor-stoek-granta-granta-sport-kalina-1-2-sport",
    "content": "Рекомендуется применять вместо серийных опор стоек 11180290285087",
    "price": 790.0,
    "quantity": 5,
    "image": "product/1757956186.63099Усилители_опор_стоек__Гранта_.png",
    "author": 1,
    "created_at": "2025-09-15T17:09:46.645Z"
  }
},
{
  "model": "product.product",
  "pk": 29,
  "fields": {
    "category": 38,
    "title": "Усилители опор стоек – ВАЗ 2110-2112, Приора",
    "slug": "usiliteli-opor-stoek-vaz-2110-2112-priora",
    "content": "Рекомендуется применять вместо серийных опор стоек 21100290285087",
    "price": 840.0,
    "quantity": 8,
    "image": "product/1757956419.776216Усилители_опор_стоек__ВАЗ_2110_.jpg",
    "author": 1,
    "created_at": "2025-09-15T17:13:39.783Z"
  }
},
{
  "model": "product.product",
  "pk": 30,
  "fields": {
    "category": 30,
    "title": "Усилитель кузова задний – ВАЗ 2112, 2111; Приора (хэтчбек, универсал)",
    "slug": "usilitel-kuzova-zadnij-vaz-2112-2111-priora-hetchbek-universal",
    "content": "Внимание! Применяется только на кузовах ХЭТЧБЕК и УНИВЕРСАЛ.",
    "price": 6670.0,
    "quantity": 2,
    "image": "product/1757956711.986992Усилитель_кузова_задний__ВАЗ_2112_.png",
    "author": 1,
    "created_at": "2025-09-15T17:18:31.997Z"
  }
},
{
  "model": "product.product",
  "pk": 31,
  "fields": {
    "category": 30,
    "title": "Распорка задних стоек – Калина, Калина 2, Гранта; Datsun",
    "slug": "rasporka-zadnih-stoek-kalina-kalina-2-granta-datsun",
    "content": "При установке обратите внимание: левая пластина помечена буквой \"Л\" или надписью autoproduct. Не рекомендуем менять пластины местами.",
    "price": 2110.0,
    "quantity": 0,
    "image": "product/1757956850.818727Распорка_задних_стоек_Калина_.jpg",
    "author": 1,
    "created_at": "2025-09-15T17:20:50.821Z"
  }
},
{
  "model": "product.product",
  "pk": 32,
  "fields": {
    "category": 31,
    "title": "Растяжка рычагов (нижняя) под тросовую МКПП, АКПП – Гранта, Калина, Калина 2; Datsun",
    "slug": "rastyazhka-rychagov-nizhnyaya-pod-trosovuyu-mkpp-akpp-granta-kalina-kalina-2-datsun",
    "content": "Внимание! Устанавливается на авто после 2013 г.",
    "price": 1600.0,
    "quantity": 2,
    "image": "product/1757957103.352244Растяжка_рычагов_нижняя_под_тросовую_МКПП_АКПП__Гранта_.jpg",
    "author": 1,
    "created_at": "2025-09-15T17:25:03.355Z"
  }
},
{
  "model": "product.product",
  "pk": 33,
  "fields": {
    "category": 31,
    "title": "Растяжка рычагов (нижняя) – ВАЗ 2110-2112, 2108-21099, 2113-2115, Приора",
    "slug": "rastyazhka-rychagov-nizhnyaya-vaz-2110-2112-2108-21099-2113-2115-priora",
    "content": "Дополнительные точки крепления позволяют установить отдельную защиту",
    "price": 1180.0,
    "quantity": 4,
    "image": "product/1757957488.159556Растяжка_рычагов_нижняя__ВАЗ_2110_.jpg",
    "author": 1,
    "created_at": "2025-09-15T17:31:28.162Z"
  }
},
{
  "model": "product.product",
  "pk": 34,
  "fields": {
    "category": 32,
    "title": "Скрытая распорка передних стоек – Лада Веста",
    "slug": "skrytaya-rasporka-perednih-stoek-lada-vesta",
    "content": "Гарантия: по ЖИЗНЕННАЯ на конструкцию",
    "price": 2100.0,
    "quantity": 3,
    "image": "product/1757967051.849426Скрытая_распорка_передних_стоек__Лада_Веста_.jpg",
    "author": 1,
    "created_at": "2025-09-15T20:10:51.853Z"
  }
},
{
  "model": "product.product",
  "pk": 35,
  "fields": {
    "category": 32,
    "title": "Растяжка передних стоек – Гранта, Калина, Калина-2; Датсун",
    "slug": "rastyazhka-perednih-stoek-granta-kalina-kalina-2-datsun",
    "content": "Гарантия: по ЖИЗНЕННАЯ на конструкцию",
    "price": 1790.0,
    "quantity": 4,
    "image": "product/1757967286.660633Растяжка_передних_стоек__Гранта_Калина_Калина-2_Датсун_.png",
    "author": 1,
    "created_at": "2025-09-15T20:14:46.673Z"
  }
},
{
  "model": "product.product",
  "pk": 36,
  "fields": {
    "category": 29,
    "title": "Усилитель рулевой рейки 16-кл. – Приора, ВАЗ 2110-2112",
    "slug": "usilitel-rulevoj-rejki-16-kl-priora-vaz-2110-2112",
    "content": "Устанавливается на автомобили с 16-клапанным двигателем: LADA 110, LADA Priora.",
    "price": 650.0,
    "quantity": 10,
    "image": "product/1757969773.71442Усилитель_рулевой_рейки_16-кл.__Приора_ВАЗ_2110-2112_.png",
    "author": 1,
    "created_at": "2025-09-15T20:56:13.719Z"
  }
},
{
  "model": "product.product",
  "pk": 37,
  "fields": {
    "category": 29,
    "title": "Усилитель щитка передка 8-кл. – ВАЗ 2110-2112, Приора",
    "slug": "usilitel-shitka-peredka-8-kl-vaz-2110-2112-priora",
    "content": "Устанавливается на автомобили с 8-клапанным двигателем: LADA 110, LADA Priora.",
    "price": 850.0,
    "quantity": 9,
    "image": "product/1757969942.652102Усилитель_щитка_передка_8-кл.__ВАЗ_2110-2112_Приора_.jpg",
    "author": 1,
    "created_at": "2025-09-15T20:59:02.654Z"
  }
},
{
  "model": "product.product",
  "pk": 38,
  "fields": {
    "category": 34,
    "title": "Рычаг задней подвески (стандартная балка, голая)",
    "slug": "rychag-zadnej-podveski-standartnaya-balka-golaya",
    "content": "Серийный рычаг задний, голый. Производство компании \"СМЗ\".",
    "price": 14200.0,
    "quantity": 2,
    "image": "product/1757970247.178155Рычаг_задней_подвески_стандартная_балка_голая_.jpg",
    "author": 1,
    "created_at": "2025-09-15T21:04:07.183Z"
  }
},
{
  "model": "product.product",
  "pk": 39,
  "fields": {
    "category": 34,
    "title": "Рычаг задний в сборе, ПУ – ВАЗ 2108-21099, 2113-2115, 2110-2112, Приора",
    "slug": "rychag-zadnij-v-sbore-pu-vaz-2108-21099-2113-2115-2110-2112-priora",
    "content": "Устанавливается только совместно с прямоточным глушителем",
    "price": 23390.0,
    "quantity": 4,
    "image": "product/1758037321.511255Рычаг_задний_в_сборе_ПУ__ВАЗ_2108-21099_2113-2115_2110-2112_Приора_.jpg",
    "author": 1,
    "created_at": "2025-09-16T15:42:01.513Z"
  }
},
{
  "model": "product.product",
  "pk": 40,
  "fields": {
    "category": 35,
    "title": "Растяжка заднего рычага – ВАЗ, Datsun",
    "slug": "rastyazhka-zadnego-rychaga-vaz-datsun",
    "content": "Запчасть для заднего рычага R1.",
    "price": 2590.0,
    "quantity": 2,
    "image": "product/1758037559.905076Растяжка_заднего_рычага__ВАЗ_Datsun_.jpg",
    "author": 1,
    "created_at": "2025-09-16T15:45:59.907Z"
  }
},
{
  "model": "product.product",
  "pk": 41,
  "fields": {
    "category": 35,
    "title": "Растяжка заднего рычага, ПУ – ВАЗ, Datsun",
    "slug": "rastyazhka-zadnego-rychaga-pu-vaz-datsun",
    "content": "Запчасть для заднего рычага SPRINT.",
    "price": 1490.0,
    "quantity": 3,
    "image": "product/1758037695.267553Растяжка_заднего_рычага_ПУ__ВАЗ_Datsun_.jpg",
    "author": 1,
    "created_at": "2025-09-16T15:48:15.269Z"
  }
},
{
  "model": "product.product",
  "pk": 42,
  "fields": {
    "category": 36,
    "title": "Проставки -1 – LADA Vesta, LADA X-Ray",
    "slug": "prostavki-1-lada-vesta-lada-x-ray",
    "content": "Увеличение развала задних колес на -1о.",
    "price": 590.0,
    "quantity": 10,
    "image": "product/1758038064.005054Проставки_-1__LADA_Vesta_LADA_X-Ray_.jpg",
    "author": 1,
    "created_at": "2025-09-16T15:54:24.008Z"
  }
},
{
  "model": "product.product",
  "pk": 43,
  "fields": {
    "category": 36,
    "title": "Проставки -3,5 – Калина, Гранта, Приора, ВАЗ 2110-2112, 2108-21099, 2113-2115; Datsun",
    "slug": "prostavki-35-kalina-granta-priora-vaz-2110-2112-2108-21099-2113-2115-datsun",
    "content": "Увеличение допустимой скорости движения в повороте, то есть при прочих равных условиях занос задних колес наступает при больших скоростях или при более крутом повороте.",
    "price": 1230.0,
    "quantity": 8,
    "image": "",
    "author": 1,
    "created_at": "2025-09-16T15:58:06.796Z"
  }
},
{
  "model": "product.product",
  "pk": 44,
  "fields": {
    "category": 33,
    "title": "Комплект реактивных тяг (штанг) Extreme – Нива: 4х4, Шевроле Нива, 2101-2107",
    "slug": "komplekt-reaktivnyh-tyag-shtang-extreme-niva-4h4-shevrole-niva-2101-2107",
    "content": "Сайлентблок: 21217-2919040 и 21217-2919041 Сайлентблоки тяг URBAN",
    "price": 10990.0,
    "quantity": 1,
    "image": "product/1758054567.408719Комплект_реактивных_тяг_.jpg",
    "author": 1,
    "created_at": "2025-09-16T20:29:27.421Z"
  }
},
{
  "model": "product.product",
  "pk": 45,
  "fields": {
    "category": 37,
    "title": "Рычаги задние регулируемые HONDA CR-V 2 (2шт)",
    "slug": "rychagi-zadnie-reguliruemye-honda-cr-v-2-2sht",
    "content": "Регулировка позволяет изменить развал и исправить домик задних колес.\r\nСайлентблок FEBEST Gmbh (Германия), артикул: HAB018\r\nВ комплект входят 2 рычага.",
    "price": 5670.0,
    "quantity": 2,
    "image": "product/1758054676.232523Рычаги_задние_регулируемые_HONDA_CR-V_2_2шт_.jpg",
    "author": 1,
    "created_at": "2025-09-16T20:31:16.234Z"
  }
},
{
  "model": "product.product",
  "pk": 46,
  "fields": {
    "category": 37,
    "title": "Регулируемые задние рычаги HONDA CR-V 3 (2шт)",
    "slug": "reguliruemye-zadnie-rychagi-honda-cr-v-3-2sht",
    "content": "Рычаги позволяют отрегулировать развал задних колес",
    "price": 5670.0,
    "quantity": 2,
    "image": "product/1758055084.390794Регулируемые_задние_рычаги_HONDA_CR-V_3_2шт_.jpg",
    "author": 1,
    "created_at": "2025-09-16T20:38:04.396Z"
  }
},
{
  "model": "product.product",
  "pk": 47,
  "fields": {
    "category": 39,
    "title": "Амортизатор задней подвески в сборе, асфальт",
    "slug": "amortizator-zadnej-podveski-v-sbore-asfalt",
    "content": "Амортизатор с пружиной и опорой сборе",
    "price": 24000.0,
    "quantity": 6,
    "image": "product/1758055206.386297Амортизатор_задней_подвески_в_сборе_асфальт_.jpg",
    "author": 1,
    "created_at": "2025-09-16T20:40:06.388Z"
  }
},
{
  "model": "product.product",
  "pk": 48,
  "fields": {
    "category": 39,
    "title": "Амортизатор передний с корпусом в сборе левый, трек",
    "slug": "amortizator-perednij-s-korpusom-v-sbore-levyj-trek",
    "content": "Корпус из металла 30ХГСА под серийный кулак или его аналог, регулировка развала – подбором шайб.",
    "price": 30000.0,
    "quantity": 4,
    "image": "product/1758055290.894654Амортизатор_передний_с_корпусом_в_сборе_левый_трек_.jpg",
    "author": 1,
    "created_at": "2025-09-16T20:41:30.897Z"
  }
},
{
  "model": "product.product",
  "pk": 49,
  "fields": {
    "category": 42,
    "title": "Стабилизатор поперечной устойчивости 24мм – LADA: Granta, Kalina 2; Datsun",
    "slug": "stabilizator-poperechnoj-ustojchivosti-24mm-lada-granta-kalina-2-datsun",
    "content": "Увеличение угловой жесткости.\r\nУменьшение поперечного крена кузова.\r\nУвеличенный диаметр прутка: 24 мм.",
    "price": 2110.0,
    "quantity": 0,
    "image": "product/1758055692.222409Стабилизатор_поперечной_устойчивости_24мм_Granta_Kalina_2_Datsun_.png",
    "author": 1,
    "created_at": "2025-09-16T20:48:12.228Z"
  }
},
{
  "model": "product.product",
  "pk": 50,
  "fields": {
    "category": 42,
    "title": "AP 0578-У Стабилизатор поперечной устойчивости 22 мм в сборе, с усиленными стойками ВАЗ КАЛИНА ГРАНТА",
    "slug": "ap-0578-u-stabilizator-poperechnoj-ustojchivosti-22-mm-v-sbore-s-usilennymi-stojkami-vaz-kalina-granta",
    "content": "PROчная стальная конструкция.",
    "price": 3170.0,
    "quantity": 5,
    "image": "",
    "author": 1,
    "created_at": "2025-09-16T20:53:36.286Z"
  }
},
{
  "model": "product.product",
  "pk": 83,
  "fields": {
    "category": 17,
    "title": "Задняя независимая подвеска, ЛАДА ВЕСТА",
    "slug": "zadnyaya-nezavisimaya-podveska-lada-vesta",
    "content": "Установка подвески происходит посредством замены штатной подвески на заднюю независимую подвеску и добавлением к штатному глушителю специального гиба, который идёт в комплекте.",
    "price": 58500.0,
    "quantity": 3,
    "image": "product/1758117832.857067Задняя_независимая_подвеска_ЛАДА_ВЕСТА_.jpg",
    "author": 1,
    "created_at": "2025-09-17T14:03:52.860Z"
  }
},
{
  "model": "product.product",
  "pk": 84,
  "fields": {
    "category": 41,
    "title": "Комплект жестких рычагов с регулировкой развала, ВАЗ ВЕСТА",
    "slug": "komplekt-zhestkih-rychagov-s-regulirovkoj-razvala-vaz-vesta",
    "content": "В комплекте с каждым рычагом шаровая опора",
    "price": 13990.0,
    "quantity": 5,
    "image": "product/1758118178.77374Комплект_жестких_рычагов_с_регулировкой_развала_ВАЗ_ВЕСТА_.png",
    "author": 1,
    "created_at": "2025-09-17T14:09:38.785Z"
  }
},
{
  "model": "product.product",
  "pk": 85,
  "fields": {
    "category": 40,
    "title": "Поперечина с передней опорой силового агрегата, ЛАДА ВЕСТА",
    "slug": "poperechina-s-perednej-oporoj-silovogo-agregata-lada-vesta",
    "content": "С недавнего времени втулки не разрезные, обратите внимание.",
    "price": 4390.0,
    "quantity": 6,
    "image": "product/1758118498.558805Поперечина_с_передней_опорой_силового_агрегата_ЛАДА_ВЕСТА_.jpg",
    "author": 1,
    "created_at": "2025-09-17T14:14:58.560Z"
  }
},
{
  "model": "product.product",
  "pk": 86,
  "fields": {
    "category": 23,
    "title": "Подрамник с рычагами – ВАЗ 2110-2112, Приора",
    "slug": "podramnik-s-rychagami-vaz-2110-2112-priora",
    "content": "Установка интуитивно понятная и не занимает много времени, ставится без лишних усилий в штатные точки крепления без сверления и доработок.",
    "price": 18190.0,
    "quantity": 5,
    "image": "product/1758133413.050418Подрамник_с_рычагами__ВАЗ_2110-2112_Приора_.jpg",
    "author": 1,
    "created_at": "2025-09-17T18:23:33.061Z"
  }
},
{
  "model": "product.product",
  "pk": 87,
  "fields": {
    "category": 25,
    "title": "Защита двигателя стальная для подрамника – ВАЗ 2110-2112, Приора",
    "slug": "zashita-dvigatelya-stalnaya-dlya-podramnika-vaz-2110-2112-priora",
    "content": "Защита двигателя, КПП и сцепления снизу от ударов, камней и инородных предметов.",
    "price": 2830.0,
    "quantity": 3,
    "image": "product/1758133664.155615Защита_двигателя_стальная_для_подрамника__ВАЗ_2110-2112_Приора_.jpg",
    "author": 1,
    "created_at": "2025-09-17T18:27:44.157Z"
  }
},
{
  "model": "product.product",
  "pk": 88,
  "fields": {
    "category": 32,
    "title": "Распорка передних стоек – Лада Приора",
    "slug": "rasporka-perednih-stoek-lada-priora",
    "content": "Рекомендуется для всех комплектаций автомобилей, включая комплектации с АБС и кондиционером.\r\nПрименяется для всех типов кузова семейства ПРИОРА.",
    "price": 1790.0,
    "quantity": 6,
    "image": "product/1758133901.68806Распорка_передних_стоек__Лада_Приора_.png",
    "author": 1,
    "created_at": "2025-09-17T18:31:41.701Z"
  }
},
{
  "model": "product.product",
  "pk": 89,
  "fields": {
    "category": 30,
    "title": "Растяжка задних стоек – Приора, ВАЗ 2110-2112, 2108-21099, 2113-2115",
    "slug": "rastyazhka-zadnih-stoek-priora-vaz-2110-2112-2108-21099-2113-2115",
    "content": "Уменьшает перемещение верхних точек крепления стоек задней подвески.",
    "price": 2060.0,
    "quantity": 2060,
    "image": "product/1758134586.181263Растяжка_задних_стоек__Приора_ВАЗ_2110-2112_2108-21099_2113-2115_.png",
    "author": 1,
    "created_at": "2025-09-17T18:43:06.194Z"
  }
},
{
  "model": "product.product",
  "pk": 90,
  "fields": {
    "category": 41,
    "title": "Рычаги регулируемые передние – LADA: Гранта, Калина, Приора, ВАЗ 2108-21099, 2113-2115, 2110-2112; Datsun",
    "slug": "rychagi-reguliruemye-perednie-lada-granta-kalina-priora-vaz-2108-21099-2113-2115-2110-2112-datsun",
    "content": "Применяемость МКПП, АКПП, Робот.",
    "price": 12390.0,
    "quantity": 5,
    "image": "product/1758225334.856587Рычаги_регулируемые_передние__Самара_.png",
    "author": 1,
    "created_at": "2025-09-18T19:55:34.882Z"
  }
},
{
  "model": "product.additionalimage",
  "pk": 1,
  "fields": {
    "product": 3,
    "image": "product/1758739814.412142Кронштейн_генератора_Приора2__.jpg"
  }
},
{
  "model": "product.additionalimage",
  "pk": 2,
  "fields": {
    "product": 3,
    "image": "product/1758739814.43103Кронштейн_генератора_Приора3__.jpg"
  }
},
{
  "model": "product.additionalimage",
  "pk": 3,
  "fields": {
    "product": 3,
    "image": "product/1758739814.437315Кронштейн_генератора_Приора4_.jpg"
  }
},
{
  "model": "product.additionalimage",
  "pk": 4,
  "fields": {
    "product": 3,
    "image": "product/1758739814.443869Кронштейн_генератора_Приора5__.jpg"
  }
},
{
  "model": "product.additionalimage",
  "pk": 5,
  "fields": {
    "product": 3,
    "image": "product/1758739814.450975Кронштейн_генератора_Приора6__.jpg"
  }
},
{
  "model": "product.additionalimage",
  "pk": 6,
  "fields": {
    "product": 6,
    "image": "product/1758740169.393232Растяжка_Приора2__.jpg"
  }
},
{
  "model": "product.additionalimage",
  "pk": 7,
  "fields": {
    "product": 8,
    "image": "product/1758740293.809933Пружины_Веста_Седан2__.jpg"
  }
},
{
  "model": "product.additionalimage",
  "pk": 8,
  "fields": {
    "product": 8,
    "image": "product/1758740293.82081Пружины_Веста_Седан3__.jpg"
  }
},
{
  "model": "product.additionalimage",
  "pk": 9,
  "fields": {
    "product": 8,
    "image": "product/1758740293.835543Пружины_Веста_Седан4__.jpeg"
  }
},
{
  "model": "product.additionalimage",
  "pk": 10,
  "fields": {
    "product": 8,
    "image": "product/1758740293.84193Пружины_Веста_Седан5__.jpeg"
  }
},
{
  "model": "product.additionalimage",
  "pk": 11,
  "fields": {
    "product": 8,
    "image": "product/1758740293.848129Пружины_Веста_Седан6__.jpg"
  }
},
{
  "model": "product.additionalimage",
  "pk": 12,
  "fields": {
    "product": 8,
    "image": "product/1758740293.854547Пружины_Веста_Седан7__.jpg"
  }
},
{
  "model": "product.additionalimage",
  "pk": 13,
  "fields": {
    "product": 8,
    "image": "product/1758740293.862191Пружины_Веста_Седан8__.jpeg"
  }
},
{
  "model": "product.additionalimage",
  "pk": 14,
  "fields": {
    "product": 8,
    "image": "product/1758740293.873482Пружины_Веста_Седан9__.jpeg"
  }
},
{
  "model": "product.additionalimage",
  "pk": 15,
  "fields": {
    "product": 9,
    "image": "product/1757869210.489375задняя_подвеска_Калина2_.jpg"
  }
},
{
  "model": "product.additionalimage",
  "pk": 16,
  "fields": {
    "product": 9,
    "image": "product/1757869210.501097задняя_подвеска_Калина3_.jpg"
  }
},
{
  "model": "product.additionalimage",
  "pk": 17,
  "fields": {
    "product": 9,
    "image": "product/1757869210.504904задняя_подвеска_Калина4_.jpg"
  }
},
{
  "model": "product.additionalimage",
  "pk": 18,
  "fields": {
    "product": 9,
    "image": "product/1757869210.5088задняя_подвеска_Калина5_.jpg"
  }
},
{
  "model": "product.additionalimage",
  "pk": 19,
  "fields": {
    "product": 10,
    "image": "product/1757869582.789759задняя_подвеска_2108_2_.jpg"
  }
},
{
  "model": "product.additionalimage",
  "pk": 20,
  "fields": {
    "product": 10,
    "image": "product/1757869582.800005задняя_подвеска_2108_3_.jpg"
  }
},
{
  "model": "product.additionalimage",
  "pk": 21,
  "fields": {
    "product": 10,
    "image": "product/1757869582.804029задняя_подвеска_2108_4_.jpg"
  }
},
{
  "model": "product.additionalimage",
  "pk": 22,
  "fields": {
    "product": 10,
    "image": "product/1757869582.807655задняя_подвеска_2108_5_.jpg"
  }
},
{
  "model": "product.additionalimage",
  "pk": 23,
  "fields": {
    "product": 11,
    "image": "product/1757870049.183114Пружины_Калина_-50_2_.jpg"
  }
},
{
  "model": "product.additionalimage",
  "pk": 24,
  "fields": {
    "product": 11,
    "image": "product/1757870049.193637Пружины_Калина_-50_3_.jpg"
  }
},
{
  "model": "product.additionalimage",
  "pk": 25,
  "fields": {
    "product": 14,
    "image": "product/1757871060.822629Шарнир_реакт-тяги_2110_2_.jpg"
  }
},
{
  "model": "product.additionalimage",
  "pk": 26,
  "fields": {
    "product": 14,
    "image": "product/1757871060.829807Шарнир_реакт-тяги_2110_3_.jpg"
  }
},
{
  "model": "product.additionalimage",
  "pk": 27,
  "fields": {
    "product": 14,
    "image": "product/1757871060.835631Шарнир_реакт-тяги_2110_4_.jpg"
  }
},
{
  "model": "product.additionalimage",
  "pk": 28,
  "fields": {
    "product": 14,
    "image": "product/1757871060.840511Шарнир_реакт-тяги_2110_5_.jpg"
  }
},
{
  "model": "product.additionalimage",
  "pk": 29,
  "fields": {
    "product": 14,
    "image": "product/1757871060.847341Шарнир_реакт-тяги_2110_6_.jpg"
  }
},
{
  "model": "product.additionalimage",
  "pk": 30,
  "fields": {
    "product": 16,
    "image": "product/1757871752.418421Подрамник_спорт_2114_2_.jpg"
  }
},
{
  "model": "product.additionalimage",
  "pk": 31,
  "fields": {
    "product": 16,
    "image": "product/1757871752.436376Подрамник_спорт_2114_3_.jpg"
  }
},
{
  "model": "product.additionalimage",
  "pk": 32,
  "fields": {
    "product": 16,
    "image": "product/1757871752.444902Подрамник_спорт_2114_4_.jpg"
  }
},
{
  "model": "product.additionalimage",
  "pk": 33,
  "fields": {
    "product": 17,
    "image": "product/1757872171.101124Подрамник_Калина_2_.jpg"
  }
},
{
  "model": "product.additionalimage",
  "pk": 34,
  "fields": {
    "product": 17,
    "image": "product/1757872171.121599Подрамник_Калина_3_.jpg"
  }
},
{
  "model": "product.additionalimage",
  "pk": 35,
  "fields": {
    "product": 17,
    "image": "product/1757872171.137954Подрамник_Калина_4_.jpg"
  }
},
{
  "model": "product.additionalimage",
  "pk": 36,
  "fields": {
    "product": 17,
    "image": "product/1757872171.150755Подрамник_Калина_5_.jpg"
  }
},
{
  "model": "product.additionalimage",
  "pk": 37,
  "fields": {
    "product": 18,
    "image": "product/1757872468.66705Подрамник_с_рычагами_Самара_2_.jpg"
  }
},
{
  "model": "product.additionalimage",
  "pk": 38,
  "fields": {
    "product": 18,
    "image": "product/1757872468.685561Подрамник_с_рычагами_Самара_3_.jpg"
  }
},
{
  "model": "product.additionalimage",
  "pk": 39,
  "fields": {
    "product": 18,
    "image": "product/1757872468.702227Подрамник_с_рычагами_Самара_4_.jpg"
  }
},
{
  "model": "product.additionalimage",
  "pk": 40,
  "fields": {
    "product": 18,
    "image": "product/1757872468.712074Подрамник_с_рычагами_Самара_5_.jpg"
  }
},
{
  "model": "product.additionalimage",
  "pk": 41,
  "fields": {
    "product": 19,
    "image": "product/1757872819.893669Подрамник_с_рычагами_Калина_2_.jpg"
  }
},
{
  "model": "product.additionalimage",
  "pk": 42,
  "fields": {
    "product": 19,
    "image": "product/1757872819.912797Подрамник_с_рычагами_Калина_3_.jpg"
  }
},
{
  "model": "product.additionalimage",
  "pk": 43,
  "fields": {
    "product": 19,
    "image": "product/1757872819.934696Подрамник_с_рычагами_Калина_4_.jpg"
  }
},
{
  "model": "product.additionalimage",
  "pk": 44,
  "fields": {
    "product": 23,
    "image": "product/1757875656.014097Защита_двигателя_оцинкованная_2_.jpg"
  }
},
{
  "model": "product.additionalimage",
  "pk": 45,
  "fields": {
    "product": 24,
    "image": "product/1757876255.850081Опора_раздаточной_коробки__Нива_4х4_2_.jpg"
  }
},
{
  "model": "product.additionalimage",
  "pk": 46,
  "fields": {
    "product": 24,
    "image": "product/1757876255.859938Опора_раздаточной_коробки__Нива_4х4_3_.jpg"
  }
},
{
  "model": "product.additionalimage",
  "pk": 47,
  "fields": {
    "product": 25,
    "image": "product/1757877674.71605Усиленный_кронштейн_задней_опоры_двигателя_с_МКПП_Калина_2_.jpg"
  }
},
{
  "model": "product.additionalimage",
  "pk": 48,
  "fields": {
    "product": 25,
    "image": "product/1757877674.723762Усиленный_кронштейн_задней_опоры_двигателя_с_МКПП_Калина_3_.jpg"
  }
},
{
  "model": "product.additionalimage",
  "pk": 49,
  "fields": {
    "product": 25,
    "image": "product/1757877674.732745Усиленный_кронштейн_задней_опоры_двигателя_с_МКПП_Калина_4_.jpg"
  }
},
{
  "model": "product.additionalimage",
  "pk": 50,
  "fields": {
    "product": 26,
    "image": "product/1757878858.274369Комплект_усиленных_кронштейнов_СА_2_.jpg"
  }
},
{
  "model": "product.additionalimage",
  "pk": 51,
  "fields": {
    "product": 26,
    "image": "product/1757878858.283313Комплект_усиленных_кронштейнов_СА_3_.jpg"
  }
},
{
  "model": "product.additionalimage",
  "pk": 52,
  "fields": {
    "product": 26,
    "image": "product/1757878858.293622Комплект_усиленных_кронштейнов_СА_4_.jpg"
  }
},
{
  "model": "product.additionalimage",
  "pk": 53,
  "fields": {
    "product": 26,
    "image": "product/1757878858.301187Комплект_усиленных_кронштейнов_СА_5_.jpg"
  }
},
{
  "model": "product.additionalimage",
  "pk": 54,
  "fields": {
    "product": 26,
    "image": "product/1757878858.308936Комплект_усиленных_кронштейнов_СА_6_.jpg"
  }
},
{
  "model": "product.additionalimage",
  "pk": 55,
  "fields": {
    "product": 26,
    "image": "product/1757878858.317485Комплект_усиленных_кронштейнов_СА_7_.jpg"
  }
},
{
  "model": "product.additionalimage",
  "pk": 56,
  "fields": {
    "product": 28,
    "image": "product/1757956186.649536Усилители_опор_стоек__Гранта_2_.jpg"
  }
},
{
  "model": "product.additionalimage",
  "pk": 57,
  "fields": {
    "product": 29,
    "image": "product/1757956460.861539Усилители_опор_стоек__ВАЗ_2110_2_.jpg"
  }
},
{
  "model": "product.additionalimage",
  "pk": 58,
  "fields": {
    "product": 29,
    "image": "product/1757956460.867022Усилители_опор_стоек__ВАЗ_2110_3_.jpg"
  }
},
{
  "model": "product.additionalimage",
  "pk": 59,
  "fields": {
    "product": 29,
    "image": "product/1757956460.871577Усилители_опор_стоек__ВАЗ_2110_4_.jpg"
  }
},
{
  "model": "product.additionalimage",
  "pk": 60,
  "fields": {
    "product": 29,
    "image": "product/1757956460.874946Усилители_опор_стоек__ВАЗ_2110_5_.jpg"
  }
},
{
  "model": "product.additionalimage",
  "pk": 61,
  "fields": {
    "product": 29,
    "image": "product/1757956460.880074Усилители_опор_стоек__ВАЗ_2110_6_.jpg"
  }
},
{
  "model": "product.additionalimage",
  "pk": 62,
  "fields": {
    "product": 29,
    "image": "product/1757956460.884274Усилители_опор_стоек__ВАЗ_2110_7_.jpg"
  }
},
{
  "model": "product.additionalimage",
  "pk": 63,
  "fields": {
    "product": 30,
    "image": "product/1757956712.000913Усилитель_кузова_задний__ВАЗ_2112_2_.png"
  }
},
{
  "model": "product.additionalimage",
  "pk": 64,
  "fields": {
    "product": 32,
    "image": "product/1757957103.358242Растяжка_рычагов_нижняя_под_тросовую_МКПП_АКПП__Гранта_2_.jpg"
  }
},
{
  "model": "product.additionalimage",
  "pk": 65,
  "fields": {
    "product": 32,
    "image": "product/1757957103.363883Растяжка_рычагов_нижняя_под_тросовую_МКПП_АКПП__Гранта_3_.jpg"
  }
},
{
  "model": "product.additionalimage",
  "pk": 66,
  "fields": {
    "product": 33,
    "image": "product/1757957488.164706Растяжка_рычагов_нижняя__ВАЗ_2110_2_.jpg"
  }
},
{
  "model": "product.additionalimage",
  "pk": 67,
  "fields": {
    "product": 33,
    "image": "product/1757957488.171767Растяжка_рычагов_нижняя__ВАЗ_2110_3_.jpg"
  }
},
{
  "model": "product.additionalimage",
  "pk": 68,
  "fields": {
    "product": 33,
    "image": "product/1757957488.178818Растяжка_рычагов_нижняя__ВАЗ_2110_4_.jpg"
  }
},
{
  "model": "product.additionalimage",
  "pk": 69,
  "fields": {
    "product": 34,
    "image": "product/1757967051.858667Скрытая_распорка_передних_стоек__Лада_Веста_2_.jpg"
  }
},
{
  "model": "product.additionalimage",
  "pk": 70,
  "fields": {
    "product": 34,
    "image": "product/1757967051.869189Скрытая_распорка_передних_стоек__Лада_Веста_3_.jpg"
  }
},
{
  "model": "product.additionalimage",
  "pk": 71,
  "fields": {
    "product": 34,
    "image": "product/1757967051.875172Скрытая_распорка_передних_стоек__Лада_Веста_4_.jpg"
  }
},
{
  "model": "product.additionalimage",
  "pk": 72,
  "fields": {
    "product": 35,
    "image": "product/1757967286.675738Растяжка_передних_стоек__Гранта_Калина_Калина-2_Датсун_2_.png"
  }
},
{
  "model": "product.additionalimage",
  "pk": 73,
  "fields": {
    "product": 35,
    "image": "product/1757967286.687962Растяжка_передних_стоек__Гранта_Калина_Калина-2_Датсун_3_.jpg"
  }
},
{
  "model": "product.additionalimage",
  "pk": 74,
  "fields": {
    "product": 36,
    "image": "product/1757969773.723148Усилитель_рулевой_рейки_16-кл.__Приора_ВАЗ_2110-2112_2_.png"
  }
},
{
  "model": "product.additionalimage",
  "pk": 75,
  "fields": {
    "product": 37,
    "image": "product/1757969942.657305Усилитель_щитка_передка_8-кл.__ВАЗ_2110-2112_Приора_2_.jpg"
  }
},
{
  "model": "product.additionalimage",
  "pk": 76,
  "fields": {
    "product": 42,
    "image": "product/1758038064.011Проставки_-1__LADA_Vesta_LADA_X-Ray_2_.jpg"
  }
},
{
  "model": "product.additionalimage",
  "pk": 77,
  "fields": {
    "product": 42,
    "image": "product/1758038064.015453Проставки_-1__LADA_Vesta_LADA_X-Ray_3_.jpg"
  }
},
{
  "model": "product.additionalimage",
  "pk": 78,
  "fields": {
    "product": 42,
    "image": "product/1758038064.018031Проставки_-1__LADA_Vesta_LADA_X-Ray_4_.jpg"
  }
},
{
  "model": "product.additionalimage",
  "pk": 79,
  "fields": {
    "product": 42,
    "image": "product/1758038064.021174Проставки_-1__LADA_Vesta_LADA_X-Ray_5_.jpg"
  }
},
{
  "model": "product.additionalimage",
  "pk": 80,
  "fields": {
    "product": 44,
    "image": "product/1758054567.429037Комплект_реактивных_тяг_2_.jpg"
  }
},
{
  "model": "product.additionalimage",
  "pk": 81,
  "fields": {
    "product": 49,
    "image": "product/1758055692.231436Стабилизатор_поперечной_устойчивости_24мм_Granta_Kalina_2_Datsun_2_.jpg"
  }
},
{
  "model": "product.additionalimage",
  "pk": 82,
  "fields": {
    "product": 83,
    "image": "product/1758117832.870318Задняя_независимая_подвеска_ЛАДА_ВЕСТА_2_.jpg"
  }
},
{
  "model": "product.additionalimage",
  "pk": 83,
  "fields": {
    "product": 83,
    "image": "product/1758117832.8783Задняя_независимая_подвеска_ЛАДА_ВЕСТА_3_.jpg"
  }
},
{
  "model": "product.additionalimage",
  "pk": 84,
  "fields": {
    "product": 84,
    "image": "product/1758118178.789044Комплект_жестких_рычагов_с_регулировкой_развала_ВАЗ_ВЕСТА_2_.png"
  }
},
{
  "model": "product.additionalimage",
  "pk": 85,
  "fields": {
    "product": 84,
    "image": "product/1758118178.797928Комплект_жестких_рычагов_с_регулировкой_развала_ВАЗ_ВЕСТА_3_.jpg"
  }
},
{
  "model": "product.additionalimage",
  "pk": 86,
  "fields": {
    "product": 84,
    "image": "product/1758118178.802527Комплект_жестких_рычагов_с_регулировкой_развала_ВАЗ_ВЕСТА_4_.jpg"
  }
},
{
  "model": "product.additionalimage",
  "pk": 87,
  "fields": {
    "product": 84,
    "image": "product/1758118178.807076Комплект_жестких_рычагов_с_регулировкой_развала_ВАЗ_ВЕСТА_5_.jpg"
  }
},
{
  "model": "product.additionalimage",
  "pk": 88,
  "fields": {
    "product": 85,
    "image": "product/1758118498.563091Поперечина_с_передней_опорой_силового_агрегата_ЛАДА_ВЕСТА_2_.jpg"
  }
},
{
  "model": "product.additionalimage",
  "pk": 89,
  "fields": {
    "product": 85,
    "image": "product/1758118498.567484Поперечина_с_передней_опорой_силового_агрегата_ЛАДА_ВЕСТА_3_.jpg"
  }
},
{
  "model": "product.additionalimage",
  "pk": 90,
  "fields": {
    "product": 85,
    "image": "product/1758118498.574737Поперечина_с_передней_опорой_силового_агрегата_ЛАДА_ВЕСТА_4_.jpg"
  }
},
{
  "model": "product.additionalimage",
  "pk": 91,
  "fields": {
    "product": 85,
    "image": "product/1758118498.577152Поперечина_с_передней_опорой_силового_агрегата_ЛАДА_ВЕСТА_5_.jpg"
  }
},
{
  "model": "product.additionalimage",
  "pk": 92,
  "fields": {
    "product": 86,
    "image": "product/1758133413.064802Подрамник_с_рычагами__ВАЗ_2110-2112_Приора_2_.jpg"
  }
},
{
  "model": "product.additionalimage",
  "pk": 93,
  "fields": {
    "product": 86,
    "image": "product/1758133413.079794Подрамник_с_рычагами__ВАЗ_2110-2112_Приора_3_.jpg"
  }
},
{
  "model": "product.additionalimage",
  "pk": 94,
  "fields": {
    "product": 86,
    "image": "product/1758133413.0961Подрамник_с_рычагами__ВАЗ_2110-2112_Приора_4_.jpg"
  }
},
{
  "model": "product.additionalimage",
  "pk": 95,
  "fields": {
    "product": 86,
    "image": "product/1758133413.105527Подрамник_с_рычагами__ВАЗ_2110-2112_Приора_5_.jpg"
  }
},
{
  "model": "product.additionalimage",
  "pk": 96,
  "fields": {
    "product": 88,
    "image": "product/1758133901.7046Распорка_передних_стоек__Лада_Приора_2_.png"
  }
},
{
  "model": "product.additionalimage",
  "pk": 97,
  "fields": {
    "product": 89,
    "image": "product/1758134586.19671Растяжка_задних_стоек__Приора_ВАЗ_2110-2112_2108-21099_2113-2115_2_.png"
  }
},
{
  "model": "product.additionalimage",
  "pk": 98,
  "fields": {
    "product": 90,
    "image": "product/1758225334.895802Рычаги_регулируемые_передние__Самара_2_.png"
  }
},
{
  "model": "product.additionalimage",
  "pk": 99,
  "fields": {
    "product": 90,
    "image": "product/1758225334.920235Рычаги_регулируемые_передние__Самара_3_.jpg"
  }
},
{
  "model": "product.additionalimage",
  "pk": 100,
  "fields": {
    "product": 90,
    "image": "product/1758225334.928378Рычаги_регулируемые_передние__Самара_4_.jpg"
  }
},
{
  "model": "product.additionalimage",
  "pk": 101,
  "fields": {
    "product": 90,
    "image": "product/1758225334.936709Рычаги_регулируемые_передние__Самара_5_.jpg"
  }
},
{
  "model": "product.productapplicability",
  "pk": 1,
  "fields": {
    "product": 83,
    "model": [
      1,
      2,
      3
    ]
  }
},
{
  "model": "product.productapplicability",
  "pk": 2,
  "fields": {
    "product": 22,
    "model": [
      16,
      15
    ]
  }
},
{
  "model": "product.hitproduct",
  "pk": 1,
  "fields": {
    "created_at": "2025-09-19T13:01:02.989Z",
    "product": 2
  }
},
{
  "model": "product.hitproduct",
  "pk": 2,
  "fields": {
    "created_at": "2025-09-19T13:01:02.989Z",
    "product": 4
  }
},
{
  "model": "product.hitproduct",
  "pk": 3,
  "fields": {
    "created_at": "2025-09-19T13:01:02.989Z",
    "product": 5
  }
},
{
  "model": "product.hitset",
  "pk": 2,
  "fields": {
    "created_at": "2025-09-19T13:41:27.136Z",
    "set_object": 1
  }
},
{
  "model": "product.set",
  "pk": 1,
  "fields": {
    "name": "CROSS PRO Лада ВЕСТА",
    "slug": "cross-pro-lada-vesta",
    "description": "Дынный комплект улучшит управляемость и устойчивость вашего автомобиля на дороге.",
    "image": "set/1758119037.467033CROSS_PRO_Лада_ВЕСТА_.jpg",
    "total_price": 93390.0,
    "quantity": 0,
    "discount": 9.5
  }
},
{
  "model": "product.set",
  "pk": 2,
  "fields": {
    "name": "CROSS PRO – ВАЗ 2110-12, ПРИОРА 2170-71",
    "slug": "cross-pro-vaz-2110-12-priora-2170-71",
    "description": "Дынный комплект улучшит управляемость и устойчивость вашего автомобиля на дороге. А также проходимость автомобиля и жескость кузова",
    "image": "set/1758134940.660601CROSS_PRO__ВАЗ_2110-12_ПРИОРА_2170-71_.jpg",
    "total_price": 80560.0,
    "quantity": 0,
    "discount": 9.5
  }
},
{
  "model": "product.set",
  "pk": 3,
  "fields": {
    "name": "LIGHT АКПП – LADA Granta,Granta FL, Kalina 2, Datsun (ON-DO, MI-DO)",
    "slug": "light-akpp-lada-grantagranta-fl-kalina-2-datsun-on-do-mi-do",
    "description": "Дынный комплект улучшит управляемость и устойчивость вашего автомобиля на дороге.",
    "image": "set/1758225420.747614Платформа_LIGHT_АКПП__LADA_GrantaGranta_FL_Kalina_2_Datsun_ON-DO_MI-DO_.jpg",
    "total_price": 21000.0,
    "quantity": 0,
    "discount": 10.0
  }
},
{
  "model": "product.setproduct",
  "pk": 1,
  "fields": {
    "set": 1,
    "product": 83,
    "quantity": 1
  }
},
{
  "model": "product.setproduct",
  "pk": 2,
  "fields": {
    "set": 1,
    "product": 84,
    "quantity": 1
  }
},
{
  "model": "product.setproduct",
  "pk": 3,
  "fields": {
    "set": 1,
    "product": 13,
    "quantity": 1
  }
},
{
  "model": "product.setproduct",
  "pk": 4,
  "fields": {
    "set": 1,
    "product": 85,
    "quantity": 1
  }
},
{
  "model": "product.setproduct",
  "pk": 5,
  "fields": {
    "set": 1,
    "product": 34,
    "quantity": 1
  }
},
{
  "model": "product.setproduct",
  "pk": 6,
  "fields": {
    "set": 2,
    "product": 86,
    "quantity": 1
  }
},
{
  "model": "product.setproduct",
  "pk": 7,
  "fields": {
    "set": 2,
    "product": 7,
    "quantity": 1
  }
},
{
  "model": "product.setproduct",
  "pk": 8,
  "fields": {
    "set": 2,
    "product": 23,
    "quantity": 1
  }
},
{
  "model": "product.setproduct",
  "pk": 9,
  "fields": {
    "set": 2,
    "product": 10,
    "quantity": 1
  }
},
{
  "model": "product.setproduct",
  "pk": 10,
  "fields": {
    "set": 2,
    "product": 88,
    "quantity": 1
  }
},
{
  "model": "product.setproduct",
  "pk": 11,
  "fields": {
    "set": 2,
    "product": 89,
    "quantity": 1
  }
},
{
  "model": "product.setproduct",
  "pk": 12,
  "fields": {
    "set": 2,
    "product": 29,
    "quantity": 1
  }
},
{
  "model": "product.setproduct",
  "pk": 13,
  "fields": {
    "set": 2,
    "product": 12,
    "quantity": 1
  }
},
{
  "model": "product.setproduct",
  "pk": 14,
  "fields": {
    "set": 3,
    "product": 28,
    "quantity": 1
  }
},
{
  "model": "product.setproduct",
  "pk": 15,
  "fields": {
    "set": 3,
    "product": 31,
    "quantity": 1
  }
},
{
  "model": "product.setproduct",
  "pk": 16,
  "fields": {
    "set": 3,
    "product": 90,
    "quantity": 1
  }
},
{
  "model": "product.productdescription",
  "pk": 1,
  "fields": {
    "product": 4,
    "description_type": "Используйте универсальный стальной кронштейн генератора вместо литых кронштейнов из алюминия 1118-1041034-01, 2190-1041034-00 и 2190-1041034-10:",
    "content": "Точная регулировка усилия натяжения ремня.-Решает проблему свиста ремня генератора.-\r\nПродлевает срок службы подшипников генератора.",
    "order": 0
  }
},
{
  "model": "product.productdescription",
  "pk": 12,
  "fields": {
    "product": 4,
    "description_type": "Проблемы, решаемые установкой кронштейна генератора:",
    "content": "Свист ремня генератора, и вследствие чего его повышенный износ.-Сложность конструкции заводского механизма натяжения, при низком качестве комплектующих, и как следствие его ненадежность. Трудоемкость и сложность его замены в случае поломки, а также высокая цена.-Отсутствие регулировки натяжения ремня на8миклапанных моторах Калина / Гранта, что значительно снижает срок службы подшипников генератора.",
    "order": 1
  }
},
{
  "model": "product.productdescription",
  "pk": 13,
  "fields": {
    "product": 4,
    "description_type": "Преимущества установки кронштейна генератора:",
    "content": "Усиленная конструкция.-Точное позиционирование и установка кронштейна на блок ДВС.-Удобство регулировки.-Использование заводского ремня генератора.-Возможность установки на автомобили с кондиционером.",
    "order": 2
  }
},
{
  "model": "product.productdescription",
  "pk": 14,
  "fields": {
    "product": 4,
    "description_type": "Уникальность",
    "content": "Универсальная конструкция позволяет устанавливать кронштейн на8и16клапанные двигатели с кондиционерами и без.-Использование заводских ремней генератора позволяет Вам экономить деньги и время (при необходимости ремень можно приобрести в любом магазине автозапчастей ВАЗ).-Не имеет аналогов.",
    "order": 3
  }
},
{
  "model": "product.productdescription",
  "pk": 15,
  "fields": {
    "product": 8,
    "description_type": "Что дает замена пружин?",
    "content": "Ровная посадка автомобиля устраните дисбаланс и перекос кузова.-Отзывчивое управление стабильность и предсказуемость в поворотах.-Лучшее сцепление с дорогой уверенность даже в сложных условиях.-Сокращенный тормозной путь повышенная безопасность.-Экономия на шинах и топливе меньше износа, больше выгоды.",
    "order": 0
  }
},
{
  "model": "product.productdescription",
  "pk": 16,
  "fields": {
    "product": 8,
    "description_type": "Почему наши пружины это новый стандарт качества?",
    "content": "Выдерживают экстремальные нагрузки\r\n(Испытания доказали до 1500 000 циклов в городских условиях и до 500 000 циклов на бездорожье. Закаленная пружинная сталь стандарта EN 10270-2 и уникальная технология холодной навивки делают их сверхпрочными.)-Антикоррозийная защита премиального уровня\r\n(Пружины проходят фосфатирование и покрываются эпоксидной краской. Испытания в соляном тумане свыше 700 часов.)-Рассчитаны на 10 лет эксплуатации\r\n(Вы один раз устанавливаете и забываете про проблему на долгие годы.)-Гарантия 3 года\r\n(Мы уверены в своих пружинах если что-то пойдет не так, заменим бесплатно.)-Пружины НПЦ (Пружина являются надежным и качественным выбором для вашего автомобиля, обеспечивая оптимальные характеристики и безопасность во время движения.)-\r\nПружина валидирована конвейером ОЕМ (АВТОВАЗ, Renault, PSA Group)",
    "order": 1
  }
},
{
  "model": "product.productdescription",
  "pk": 17,
  "fields": {
    "product": 8,
    "description_type": "Комплектация:",
    "content": "Пружина задняя 2 шт.",
    "order": 3
  }
},
{
  "model": "product.productdescription",
  "pk": 18,
  "fields": {
    "product": 83,
    "description_type": "Проблемы, решаемые установкой задней независимой подвески",
    "content": "Недостаточная поворачиваемость\r\nВысокая чувствительность к ударным боковым нагрузкам гнётся балка, нарушая углы установки колес\r\nВо время эксплуатации углы схода-развала уходят из допусков\r\nОтсутствие возможности выравнивания разных углов схода-развала слева и справа\r\nВысокие нагрузки на лонжероны в местах крепления подвески.",
    "order": 0
  }
},
{
  "model": "product.productdescription",
  "pk": 19,
  "fields": {
    "product": 83,
    "description_type": "Преимущества задней независимой подвески",
    "content": "Стабильный контакт с разным дорожным покрытием и четкий контроль автомобиля при маневрах и прохождении виражей, даже без изменения характеристик амортизаторов\r\nСвоевременная информативность при управлении автомобилем на высоких скоростях\r\nУвеличена скорость реакции автомобиля на поворот рулевого колеса\r\nПовышена предсказуемость поведения автомобиля во время маневра\r\nХарактеристики подвески выведены в зону нейтральной поворачиваемости\r\nПовышенная курсовая устойчивость\r\nСокращение коридора для маневрирования при перестроении и обгоне.\r\nСнижение крена на поворотах и виражах, а также при проезде по неровностям и ямам\r\nЧеткое следование траектории при торможении, в том числе, когда колеса находятся на разных покрытиях\r\nУстановка без доработок кузова, в штатные узлы крепления по инструкции\r\nПродукт сертифицирован\r\nУвеличенная прочность за счет использования 30ХГСА в наиболее нагруженных верхних поперечных рычагах\r\nУверенно держит боковые нагрузки за счет заложенного в конструкцию тетраэдра, который образует поперечина, верхний и нижний рычаг\r\nКонструкция проверена в экстремальных условиях ралли и автородео.\r\nСнижает напряжения в кузове за счет равномерного распределения нагрузок\r\nУвеличивает жёсткость кузова за счет поперечины крепления задних рычагов.\r\nВозможность настройки углов колес в широком диапазоне (сход/развал)\r\nВозможность настройки индивидуальных параметров подвески под необходимые условия в любительском спорте.",
    "order": 1
  }
},
{
  "model": "product.productdescription",
  "pk": 20,
  "fields": {
    "product": 83,
    "description_type": "Внимание!",
    "content": "Установка подвески происходит посредством замены штатной подвески на заднюю независимую подвеску и добавлением к штатному глушителю специального гиба, который идёт в комплекте.\r\nВсе инструкции прилагаются к изделию.\r\nДля автомобилей с дисковыми тормозами необходимо докупить Комплект деталей на ЗНП под дисковые тормоза, ВЕСТА.",
    "order": 2
  }
},
{
  "model": "product.dynamicdescriptionfield",
  "pk": 1,
  "fields": {
    "name": "Вес",
    "field_type": "number",
    "options": null
  }
},
{
  "model": "product.dynamicdescriptionfield",
  "pk": 2,
  "fields": {
    "name": "Материал",
    "field_type": "text",
    "options": null
  }
},
{
  "model": "product.dynamicdescriptionfield",
  "pk": 3,
  "fields": {
    "name": "Покрытие",
    "field_type": "text",
    "options": null
  }
},
{
  "model": "product.dynamicdescriptionfield",
  "pk": 4,
  "fields": {
    "name": "Цвет",
    "field_type": "text",
    "options": null
  }
},
{
  "model": "product.dynamicdescriptionfield",
  "pk": 5,
  "fields": {
    "name": "Габариты",
    "field_type": "text",
    "options": null
  }
},
{
  "model": "product.dynamicdescriptionfield",
  "pk": 6,
  "fields": {
    "name": "Объем",
    "field_type": "number",
    "options": null
  }
},
{
  "model": "product.dynamicdescriptionfield",
  "pk": 7,
  "fields": {
    "name": "Гарантия",
    "field_type": "text",
    "options": null
  }
},
{
  "model": "product.dynamicdescriptionfield",
  "pk": 8,
  "fields": {
    "name": "Страна производитель",
    "field_type": "text",
    "options": null
  }
},
{
  "model": "product.dynamicdescriptionfield",
  "pk": 9,
  "fields": {
    "name": "Бренд",
    "field_type": "text",
    "options": null
  }
},
{
  "model": "product.dynamicdescriptionfield",
  "pk": 10,
  "fields": {
    "name": "Толщина",
    "field_type": "text",
    "options": null
  }
},
{
  "model": "product.productdynamicdescription",
  "pk": 1,
  "fields": {
    "product": 4,
    "field": 1,
    "value": "1.8 кг"
  }
},
{
  "model": "product.productdynamicdescription",
  "pk": 2,
  "fields": {
    "product": 4,
    "field": 2,
    "value": "Сталь 20"
  }
},
{
  "model": "product.productdynamicdescription",
  "pk": 3,
  "fields": {
    "product": 4,
    "field": 3,
    "value": "Порошковая окраска"
  }
},
{
  "model": "product.productdynamicdescription",
  "pk": 4,
  "fields": {
    "product": 4,
    "field": 4,
    "value": "Чёрный"
  }
},
{
  "model": "product.productdynamicdescription",
  "pk": 5,
  "fields": {
    "product": 4,
    "field": 5,
    "value": "235x185x160 мм"
  }
},
{
  "model": "product.productdynamicdescription",
  "pk": 6,
  "fields": {
    "product": 4,
    "field": 6,
    "value": "0,00696 м3"
  }
},
{
  "model": "product.productdynamicdescription",
  "pk": 7,
  "fields": {
    "product": 4,
    "field": 7,
    "value": "24 мес."
  }
},
{
  "model": "product.productdynamicdescription",
  "pk": 8,
  "fields": {
    "product": 4,
    "field": 7,
    "value": "24 мес."
  }
},
{
  "model": "product.productdynamicdescription",
  "pk": 9,
  "fields": {
    "product": 4,
    "field": 8,
    "value": "Россия"
  }
},
{
  "model": "product.productdynamicdescription",
  "pk": 10,
  "fields": {
    "product": 4,
    "field": 9,
    "value": "Автопродукт"
  }
},
{
  "model": "product.productdynamicdescription",
  "pk": 11,
  "fields": {
    "product": 8,
    "field": 2,
    "value": "Сталь по стандарту EN10270-2"
  }
},
{
  "model": "product.productdynamicdescription",
  "pk": 12,
  "fields": {
    "product": 8,
    "field": 3,
    "value": "Антикоррозийное"
  }
},
{
  "model": "product.productdynamicdescription",
  "pk": 13,
  "fields": {
    "product": 8,
    "field": 4,
    "value": "Чёрный"
  }
},
{
  "model": "product.productdynamicdescription",
  "pk": 14,
  "fields": {
    "product": 8,
    "field": 7,
    "value": "36 мес."
  }
},
{
  "model": "product.productdynamicdescription",
  "pk": 15,
  "fields": {
    "product": 8,
    "field": 8,
    "value": "Россия"
  }
},
{
  "model": "product.productdynamicdescription",
  "pk": 16,
  "fields": {
    "product": 8,
    "field": 9,
    "value": "Автопродукт"
  }
},
{
  "model": "product.productdynamicdescription",
  "pk": 17,
  "fields": {
    "product": 39,
    "field": 7,
    "value": "12 месяцев"
  }
},
{
  "model": "product.productdynamicdescription",
  "pk": 18,
  "fields": {
    "product": 39,
    "field": 1,
    "value": "21 кг"
  }
},
{
  "model": "product.productdynamicdescription",
  "pk": 19,
  "fields": {
    "product": 39,
    "field": 5,
    "value": "1300х460х180 мм"
  }
},
{
  "model": "product.productdynamicdescription",
  "pk": 20,
  "fields": {
    "product": 40,
    "field": 1,
    "value": "0,955 кг"
  }
},
{
  "model": "product.productdynamicdescription",
  "pk": 21,
  "fields": {
    "product": 40,
    "field": 6,
    "value": "0,00384 м3"
  }
},
{
  "model": "product.productdynamicdescription",
  "pk": 22,
  "fields": {
    "product": 40,
    "field": 4,
    "value": "чёрный"
  }
},
{
  "model": "product.productdynamicdescription",
  "pk": 23,
  "fields": {
    "product": 40,
    "field": 5,
    "value": "600x80x80 мм"
  }
},
{
  "model": "product.productdynamicdescription",
  "pk": 24,
  "fields": {
    "product": 40,
    "field": 8,
    "value": "Россия"
  }
},
{
  "model": "product.productdynamicdescription",
  "pk": 25,
  "fields": {
    "product": 40,
    "field": 9,
    "value": "Автопродукт"
  }
},
{
  "model": "product.productdynamicdescription",
  "pk": 26,
  "fields": {
    "product": 41,
    "field": 5,
    "value": "600х35х40 мм"
  }
},
{
  "model": "product.productdynamicdescription",
  "pk": 27,
  "fields": {
    "product": 41,
    "field": 1,
    "value": "0,783 кг"
  }
},
{
  "model": "product.productdynamicdescription",
  "pk": 28,
  "fields": {
    "product": 42,
    "field": 1,
    "value": "0,150 кг"
  }
},
{
  "model": "product.productdynamicdescription",
  "pk": 29,
  "fields": {
    "product": 42,
    "field": 5,
    "value": "100х85х25 мм"
  }
},
{
  "model": "product.productdynamicdescription",
  "pk": 30,
  "fields": {
    "product": 43,
    "field": 5,
    "value": "200х125х35 мм"
  }
},
{
  "model": "product.productdynamicdescription",
  "pk": 31,
  "fields": {
    "product": 44,
    "field": 2,
    "value": "Труба 32х3 б/ш, х/д Ст20"
  }
},
{
  "model": "product.productdynamicdescription",
  "pk": 32,
  "fields": {
    "product": 44,
    "field": 3,
    "value": "Порошковая окраска, цвет чёрный"
  }
},
{
  "model": "product.productdynamicdescription",
  "pk": 33,
  "fields": {
    "product": 44,
    "field": 5,
    "value": "1115х150х55 мм"
  }
},
{
  "model": "product.productdynamicdescription",
  "pk": 34,
  "fields": {
    "product": 44,
    "field": 1,
    "value": "8,1 кг"
  }
},
{
  "model": "product.productdynamicdescription",
  "pk": 35,
  "fields": {
    "product": 44,
    "field": 7,
    "value": "12 месяцев"
  }
},
{
  "model": "product.productdynamicdescription",
  "pk": 36,
  "fields": {
    "product": 45,
    "field": 9,
    "value": "Автопродукт"
  }
},
{
  "model": "product.productdynamicdescription",
  "pk": 37,
  "fields": {
    "product": 49,
    "field": 7,
    "value": "12 месяцев"
  }
},
{
  "model": "product.productdynamicdescription",
  "pk": 38,
  "fields": {
    "product": 49,
    "field": 1,
    "value": "4,65 кг"
  }
},
{
  "model": "product.productdynamicdescription",
  "pk": 39,
  "fields": {
    "product": 49,
    "field": 5,
    "value": "1132х220х76 мм"
  }
},
{
  "model": "product.productdynamicdescription",
  "pk": 40,
  "fields": {
    "product": 50,
    "field": 3,
    "value": "Порошковая краска"
  }
},
{
  "model": "product.productdynamicdescription",
  "pk": 73,
  "fields": {
    "product": 83,
    "field": 2,
    "value": "Сталь 20"
  }
},
{
  "model": "product.productdynamicdescription",
  "pk": 74,
  "fields": {
    "product": 83,
    "field": 3,
    "value": "Порошковая окраска"
  }
},
{
  "model": "product.productdynamicdescription",
  "pk": 75,
  "fields": {
    "product": 83,
    "field": 4,
    "value": "Чёрный"
  }
},
{
  "model": "product.productdynamicdescription",
  "pk": 76,
  "fields": {
    "product": 83,
    "field": 5,
    "value": "1450x700x220 мм"
  }
},
{
  "model": "product.productdynamicdescription",
  "pk": 77,
  "fields": {
    "product": 83,
    "field": 1,
    "value": "48,0 кг"
  }
},
{
  "model": "product.productdynamicdescription",
  "pk": 78,
  "fields": {
    "product": 83,
    "field": 7,
    "value": "12 мес."
  }
},
{
  "model": "product.productdynamicdescription",
  "pk": 79,
  "fields": {
    "product": 83,
    "field": 8,
    "value": "Россия"
  }
},
{
  "model": "product.productdynamicdescription",
  "pk": 80,
  "fields": {
    "product": 83,
    "field": 9,
    "value": "Автопродукт"
  }
},
{
  "model": "product.productdynamicdescription",
  "pk": 81,
  "fields": {
    "product": 84,
    "field": 1,
    "value": "9,2 кг"
  }
},
{
  "model": "product.productdynamicdescription",
  "pk": 82,
  "fields": {
    "product": 84,
    "field": 2,
    "value": "Ст20"
  }
},
{
  "model": "product.productdynamicdescription",
  "pk": 83,
  "fields": {
    "product": 84,
    "field": 3,
    "value": "Порошковое покрытие"
  }
},
{
  "model": "product.productdynamicdescription",
  "pk": 84,
  "fields": {
    "product": 84,
    "field": 4,
    "value": "Черный"
  }
},
{
  "model": "product.productdynamicdescription",
  "pk": 85,
  "fields": {
    "product": 84,
    "field": 5,
    "value": "650x430x100 мм"
  }
},
{
  "model": "product.productdynamicdescription",
  "pk": 86,
  "fields": {
    "product": 84,
    "field": 8,
    "value": "Россия"
  }
},
{
  "model": "product.productdynamicdescription",
  "pk": 87,
  "fields": {
    "product": 84,
    "field": 9,
    "value": "Автопродукт"
  }
},
{
  "model": "product.productdynamicdescription",
  "pk": 88,
  "fields": {
    "product": 84,
    "field": 7,
    "value": "12 мес."
  }
},
{
  "model": "product.productdynamicdescription",
  "pk": 89,
  "fields": {
    "product": 85,
    "field": 1,
    "value": "3,6 кг"
  }
},
{
  "model": "product.productdynamicdescription",
  "pk": 90,
  "fields": {
    "product": 85,
    "field": 2,
    "value": "Ст20"
  }
},
{
  "model": "product.productdynamicdescription",
  "pk": 91,
  "fields": {
    "product": 85,
    "field": 3,
    "value": "Порошковое покрытие"
  }
},
{
  "model": "product.productdynamicdescription",
  "pk": 92,
  "fields": {
    "product": 85,
    "field": 4,
    "value": "Черный"
  }
},
{
  "model": "product.productdynamicdescription",
  "pk": 93,
  "fields": {
    "product": 85,
    "field": 5,
    "value": "980x200x160 мм"
  }
},
{
  "model": "product.productdynamicdescription",
  "pk": 94,
  "fields": {
    "product": 85,
    "field": 8,
    "value": "Россия"
  }
},
{
  "model": "product.productdynamicdescription",
  "pk": 95,
  "fields": {
    "product": 85,
    "field": 9,
    "value": "Автопродукт"
  }
},
{
  "model": "product.productdynamicdescription",
  "pk": 96,
  "fields": {
    "product": 85,
    "field": 7,
    "value": "24 мес."
  }
},
{
  "model": "product.productdynamicdescription",
  "pk": 97,
  "fields": {
    "product": 86,
    "field": 1,
    "value": "18,05 кг"
  }
},
{
  "model": "product.productdynamicdescription",
  "pk": 98,
  "fields": {
    "product": 86,
    "field": 2,
    "value": "Сталь 20"
  }
},
{
  "model": "product.productdynamicdescription",
  "pk": 99,
  "fields": {
    "product": 86,
    "field": 3,
    "value": "Дробеструйная обработка, порошковая окраска"
  }
},
{
  "model": "product.productdynamicdescription",
  "pk": 100,
  "fields": {
    "product": 86,
    "field": 4,
    "value": "Чёрный"
  }
},
{
  "model": "product.productdynamicdescription",
  "pk": 101,
  "fields": {
    "product": 86,
    "field": 5,
    "value": "1045x840x210 мм"
  }
},
{
  "model": "product.productdynamicdescription",
  "pk": 102,
  "fields": {
    "product": 86,
    "field": 6,
    "value": "0,18434 м3"
  }
},
{
  "model": "product.productdynamicdescription",
  "pk": 103,
  "fields": {
    "product": 86,
    "field": 8,
    "value": "Россия"
  }
},
{
  "model": "product.productdynamicdescription",
  "pk": 104,
  "fields": {
    "product": 86,
    "field": 9,
    "value": "Автопродукт"
  }
},
{
  "model": "product.productdynamicdescription",
  "pk": 105,
  "fields": {
    "product": 86,
    "field": 7,
    "value": "ПОЖИЗНЕННАЯ!(на раму), на рычаги 3 года."
  }
},
{
  "model": "product.productdynamicdescription",
  "pk": 106,
  "fields": {
    "product": 87,
    "field": 1,
    "value": "4,5 кг"
  }
},
{
  "model": "product.productdynamicdescription",
  "pk": 107,
  "fields": {
    "product": 87,
    "field": 2,
    "value": "Сталь"
  }
},
{
  "model": "product.productdynamicdescription",
  "pk": 108,
  "fields": {
    "product": 87,
    "field": 5,
    "value": "564x630x139 мм"
  }
},
{
  "model": "product.productdynamicdescription",
  "pk": 109,
  "fields": {
    "product": 87,
    "field": 6,
    "value": "0,04939 м3"
  }
},
{
  "model": "product.productdynamicdescription",
  "pk": 110,
  "fields": {
    "product": 87,
    "field": 8,
    "value": "Россия"
  }
},
{
  "model": "product.productdynamicdescription",
  "pk": 111,
  "fields": {
    "product": 87,
    "field": 9,
    "value": "Автопродукт"
  }
},
{
  "model": "product.productdynamicdescription",
  "pk": 112,
  "fields": {
    "product": 87,
    "field": 10,
    "value": "2 мм"
  }
},
{
  "model": "product.productdynamicdescription",
  "pk": 113,
  "fields": {
    "product": 88,
    "field": 1,
    "value": "1,95 кг"
  }
},
{
  "model": "product.productdynamicdescription",
  "pk": 114,
  "fields": {
    "product": 88,
    "field": 4,
    "value": "Красный"
  }
},
{
  "model": "product.productdynamicdescription",
  "pk": 115,
  "fields": {
    "product": 88,
    "field": 5,
    "value": "1213x178x63 мм"
  }
},
{
  "model": "product.productdynamicdescription",
  "pk": 116,
  "fields": {
    "product": 88,
    "field": 6,
    "value": "0,0136 м3"
  }
},
{
  "model": "product.productdynamicdescription",
  "pk": 117,
  "fields": {
    "product": 88,
    "field": 8,
    "value": "Россия"
  }
},
{
  "model": "product.productdynamicdescription",
  "pk": 118,
  "fields": {
    "product": 88,
    "field": 9,
    "value": "Автопродукт"
  }
},
{
  "model": "product.productdynamicdescription",
  "pk": 119,
  "fields": {
    "product": 88,
    "field": 7,
    "value": "24 мес."
  }
},
{
  "model": "product.productdynamicdescription",
  "pk": 120,
  "fields": {
    "product": 89,
    "field": 4,
    "value": "Красный"
  }
},
{
  "model": "product.productdynamicdescription",
  "pk": 121,
  "fields": {
    "product": 89,
    "field": 5,
    "value": "600x113x110 мм"
  }
},
{
  "model": "product.productdynamicdescription",
  "pk": 122,
  "fields": {
    "product": 89,
    "field": 1,
    "value": "2,05 кг"
  }
},
{
  "model": "product.productdynamicdescription",
  "pk": 123,
  "fields": {
    "product": 89,
    "field": 6,
    "value": "0,00746 м3"
  }
},
{
  "model": "product.productdynamicdescription",
  "pk": 124,
  "fields": {
    "product": 89,
    "field": 7,
    "value": "24 мес."
  }
},
{
  "model": "product.productdynamicdescription",
  "pk": 125,
  "fields": {
    "product": 89,
    "field": 8,
    "value": "Россия"
  }
},
{
  "model": "product.productdynamicdescription",
  "pk": 126,
  "fields": {
    "product": 89,
    "field": 9,
    "value": "Автопродукт"
  }
},
{
  "model": "product.productdynamicdescription",
  "pk": 127,
  "fields": {
    "product": 90,
    "field": 4,
    "value": "Чёрный"
  }
},
{
  "model": "product.productdynamicdescription",
  "pk": 128,
  "fields": {
    "product": 90,
    "field": 5,
    "value": "650x410x90 мм"
  }
},
{
  "model": "product.productdynamicdescription",
  "pk": 129,
  "fields": {
    "product": 90,
    "field": 1,
    "value": "8,95 кг"
  }
},
{
  "model": "product.productdynamicdescription",
  "pk": 130,
  "fields": {
    "product": 90,
    "field": 6,
    "value": "0,02399 м3"
  }
},
{
  "model": "product.productdynamicdescription",
  "pk": 131,
  "fields": {
    "product": 90,
    "field": 7,
    "value": "24 мес."
  }
},
{
  "model": "product.productdynamicdescription",
  "pk": 132,
  "fields": {
    "product": 90,
    "field": 8,
    "value": "Россия"
  }
},
{
  "model": "product.productdynamicdescription",
  "pk": 133,
  "fields": {
    "product": 90,
    "field": 9,
    "value": "Автопродукт"
  }
}
]
